/*--------------------------------*- C++ -*----------------------------------*\
| =========                 |                                                 |
| \\      /  F ield         | OpenFOAM: The Open Source CFD Toolbox           |
|  \\    /   O peration     | Version:  2406                                  |
|   \\  /    A nd           | Website:  www.openfoam.com                      |
|    \\/     M anipulation  |                                                 |
\*---------------------------------------------------------------------------*/
FoamFile
{
    version     2.0;
    format      ascii;
    arch        "LSB;label=32;scalar=64";
    class       faceList;
    location    "constant/polyMesh";
    object      faces;
}
// * * * * * * * * * * * * * * * * * * * * * * * * * * * * * * * * * * * * * //


17035
(
4(1 16 47 32)
3(31 32 47)
4(2 17 48 33)
4(32 33 48 47)
4(3 18 49 34)
4(33 34 49 48)
4(4 19 50 35)
4(34 35 50 49)
4(5 20 51 36)
4(35 36 51 50)
4(6 21 52 37)
4(36 37 52 51)
4(7 22 53 38)
4(37 38 53 52)
4(8 23 54 39)
4(38 39 54 53)
4(9 24 55 40)
4(39 40 55 54)
4(10 25 56 41)
4(40 41 56 55)
4(11 26 57 42)
4(41 42 57 56)
4(12 27 58 43)
4(42 43 58 57)
4(13 28 59 44)
4(43 44 59 58)
4(14 29 60 45)
4(44 45 60 59)
4(45 46 61 60)
4(32 47 78 63)
3(62 63 78)
4(33 48 79 64)
4(63 64 79 78)
4(34 49 80 65)
4(64 65 80 79)
4(35 50 81 66)
4(65 66 81 80)
4(36 51 82 67)
4(66 67 82 81)
4(37 52 83 68)
4(67 68 83 82)
4(38 53 84 69)
4(68 69 84 83)
4(39 54 85 70)
4(69 70 85 84)
4(40 55 86 71)
4(70 71 86 85)
4(41 56 87 72)
4(71 72 87 86)
4(42 57 88 73)
4(72 73 88 87)
4(43 58 89 74)
4(73 74 89 88)
4(44 59 90 75)
4(74 75 90 89)
4(45 60 91 76)
4(75 76 91 90)
4(76 77 92 91)
4(63 78 109 94)
3(93 94 109)
4(64 79 110 95)
4(94 95 110 109)
4(65 80 111 96)
4(95 96 111 110)
4(66 81 112 97)
4(96 97 112 111)
4(67 82 113 98)
4(97 98 113 112)
4(68 83 114 99)
4(98 99 114 113)
4(69 84 115 100)
4(99 100 115 114)
4(70 85 116 101)
4(100 101 116 115)
4(71 86 117 102)
4(101 102 117 116)
4(72 87 118 103)
4(102 103 118 117)
4(73 88 119 104)
4(103 104 119 118)
4(74 89 120 105)
4(104 105 120 119)
4(75 90 121 106)
4(105 106 121 120)
4(76 91 122 107)
4(106 107 122 121)
4(107 108 123 122)
4(94 109 140 125)
3(124 125 140)
4(95 110 141 126)
4(125 126 141 140)
4(96 111 142 127)
4(126 127 142 141)
4(97 112 143 128)
4(127 128 143 142)
4(98 113 144 129)
4(128 129 144 143)
4(99 114 145 130)
4(129 130 145 144)
4(100 115 146 131)
4(130 131 146 145)
4(101 116 147 132)
4(131 132 147 146)
4(102 117 148 133)
4(132 133 148 147)
4(103 118 149 134)
4(133 134 149 148)
4(104 119 150 135)
4(134 135 150 149)
4(105 120 151 136)
4(135 136 151 150)
4(106 121 152 137)
4(136 137 152 151)
4(107 122 153 138)
4(137 138 153 152)
4(138 139 154 153)
4(125 140 171 156)
3(155 156 171)
4(126 141 172 157)
4(156 157 172 171)
4(127 142 173 158)
4(157 158 173 172)
4(128 143 174 159)
4(158 159 174 173)
4(129 144 175 160)
4(159 160 175 174)
4(130 145 176 161)
4(160 161 176 175)
4(131 146 177 162)
4(161 162 177 176)
4(132 147 178 163)
4(162 163 178 177)
4(133 148 179 164)
4(163 164 179 178)
4(134 149 180 165)
4(164 165 180 179)
4(135 150 181 166)
4(165 166 181 180)
4(136 151 182 167)
4(166 167 182 181)
4(137 152 183 168)
4(167 168 183 182)
4(138 153 184 169)
4(168 169 184 183)
4(169 170 185 184)
4(156 171 202 187)
3(186 187 202)
4(157 172 203 188)
4(187 188 203 202)
4(158 173 204 189)
4(188 189 204 203)
4(159 174 205 190)
4(189 190 205 204)
4(160 175 206 191)
4(190 191 206 205)
4(161 176 207 192)
4(191 192 207 206)
4(162 177 208 193)
4(192 193 208 207)
4(163 178 209 194)
4(193 194 209 208)
4(164 179 210 195)
4(194 195 210 209)
4(165 180 211 196)
4(195 196 211 210)
4(166 181 212 197)
4(196 197 212 211)
4(167 182 213 198)
4(197 198 213 212)
4(168 183 214 199)
4(198 199 214 213)
4(169 184 215 200)
4(199 200 215 214)
4(200 201 216 215)
4(187 202 233 218)
3(217 218 233)
4(188 203 234 219)
4(218 219 234 233)
4(189 204 235 220)
4(219 220 235 234)
4(190 205 236 221)
4(220 221 236 235)
4(191 206 237 222)
4(221 222 237 236)
4(192 207 238 223)
4(222 223 238 237)
4(193 208 239 224)
4(223 224 239 238)
4(194 209 240 225)
4(224 225 240 239)
4(195 210 241 226)
4(225 226 241 240)
4(196 211 242 227)
4(226 227 242 241)
4(197 212 243 228)
4(227 228 243 242)
4(198 213 244 229)
4(228 229 244 243)
4(199 214 245 230)
4(229 230 245 244)
4(200 215 246 231)
4(230 231 246 245)
4(231 232 247 246)
4(218 233 264 249)
3(248 249 264)
4(219 234 265 250)
4(249 250 265 264)
4(220 235 266 251)
4(250 251 266 265)
4(221 236 267 252)
4(251 252 267 266)
4(222 237 268 253)
4(252 253 268 267)
4(223 238 269 254)
4(253 254 269 268)
4(224 239 270 255)
4(254 255 270 269)
4(225 240 271 256)
4(255 256 271 270)
4(226 241 272 257)
4(256 257 272 271)
4(227 242 273 258)
4(257 258 273 272)
4(228 243 274 259)
4(258 259 274 273)
4(229 244 275 260)
4(259 260 275 274)
4(230 245 276 261)
4(260 261 276 275)
4(231 246 277 262)
4(261 262 277 276)
4(262 263 278 277)
4(249 264 295 280)
3(279 280 295)
4(250 265 296 281)
4(280 281 296 295)
4(251 266 297 282)
4(281 282 297 296)
4(252 267 298 283)
4(282 283 298 297)
4(253 268 299 284)
4(283 284 299 298)
4(254 269 300 285)
4(284 285 300 299)
4(255 270 301 286)
4(285 286 301 300)
4(256 271 302 287)
4(286 287 302 301)
4(257 272 303 288)
4(287 288 303 302)
4(258 273 304 289)
4(288 289 304 303)
4(259 274 305 290)
4(289 290 305 304)
4(260 275 306 291)
4(290 291 306 305)
4(261 276 307 292)
4(291 292 307 306)
4(262 277 308 293)
4(292 293 308 307)
4(293 294 309 308)
4(280 295 326 311)
3(310 311 326)
4(281 296 327 312)
4(311 312 327 326)
4(282 297 328 313)
4(312 313 328 327)
4(283 298 329 314)
4(313 314 329 328)
4(284 299 330 315)
4(314 315 330 329)
4(285 300 331 316)
4(315 316 331 330)
4(286 301 332 317)
4(316 317 332 331)
4(287 302 333 318)
4(317 318 333 332)
4(288 303 334 319)
4(318 319 334 333)
4(289 304 335 320)
4(319 320 335 334)
4(290 305 336 321)
4(320 321 336 335)
4(291 306 337 322)
4(321 322 337 336)
4(292 307 338 323)
4(322 323 338 337)
4(293 308 339 324)
4(323 324 339 338)
4(324 325 340 339)
4(311 326 357 342)
3(341 342 357)
4(312 327 358 343)
4(342 343 358 357)
4(313 328 359 344)
4(343 344 359 358)
4(314 329 360 345)
4(344 345 360 359)
4(315 330 361 346)
4(345 346 361 360)
4(316 331 362 347)
4(346 347 362 361)
4(317 332 363 348)
4(347 348 363 362)
4(318 333 364 349)
4(348 349 364 363)
4(319 334 365 350)
4(349 350 365 364)
4(320 335 366 351)
4(350 351 366 365)
4(321 336 367 352)
4(351 352 367 366)
4(322 337 368 353)
4(352 353 368 367)
4(323 338 369 354)
4(353 354 369 368)
4(324 339 370 355)
4(354 355 370 369)
4(355 356 371 370)
4(342 357 388 373)
3(372 373 388)
4(343 358 389 374)
4(373 374 389 388)
4(344 359 390 375)
4(374 375 390 389)
4(345 360 391 376)
4(375 376 391 390)
4(346 361 392 377)
4(376 377 392 391)
4(347 362 393 378)
4(377 378 393 392)
4(348 363 394 379)
4(378 379 394 393)
4(349 364 395 380)
4(379 380 395 394)
4(350 365 396 381)
4(380 381 396 395)
4(351 366 397 382)
4(381 382 397 396)
4(352 367 398 383)
4(382 383 398 397)
4(353 368 399 384)
4(383 384 399 398)
4(354 369 400 385)
4(384 385 400 399)
4(355 370 401 386)
4(385 386 401 400)
4(386 387 402 401)
4(373 388 419 404)
3(403 404 419)
4(374 389 420 405)
4(404 405 420 419)
4(375 390 421 406)
4(405 406 421 420)
4(376 391 422 407)
4(406 407 422 421)
4(377 392 423 408)
4(407 408 423 422)
4(378 393 424 409)
4(408 409 424 423)
4(379 394 425 410)
4(409 410 425 424)
4(380 395 426 411)
4(410 411 426 425)
4(381 396 427 412)
4(411 412 427 426)
4(382 397 428 413)
4(412 413 428 427)
4(383 398 429 414)
4(413 414 429 428)
4(384 399 430 415)
4(414 415 430 429)
4(385 400 431 416)
4(415 416 431 430)
4(386 401 432 417)
4(416 417 432 431)
4(417 418 433 432)
4(404 419 450 435)
3(434 435 450)
4(405 420 451 436)
4(435 436 451 450)
4(406 421 452 437)
4(436 437 452 451)
4(407 422 453 438)
4(437 438 453 452)
4(408 423 454 439)
4(438 439 454 453)
4(409 424 455 440)
4(439 440 455 454)
4(410 425 456 441)
4(440 441 456 455)
4(411 426 457 442)
4(441 442 457 456)
4(412 427 458 443)
4(442 443 458 457)
4(413 428 459 444)
4(443 444 459 458)
4(414 429 460 445)
4(444 445 460 459)
4(415 430 461 446)
4(445 446 461 460)
4(416 431 462 447)
4(446 447 462 461)
4(417 432 463 448)
4(447 448 463 462)
4(448 449 464 463)
4(435 450 481 466)
3(465 466 481)
4(436 451 482 467)
4(466 467 482 481)
4(437 452 483 468)
4(467 468 483 482)
4(438 453 484 469)
4(468 469 484 483)
4(439 454 485 470)
4(469 470 485 484)
4(440 455 486 471)
4(470 471 486 485)
4(441 456 487 472)
4(471 472 487 486)
4(442 457 488 473)
4(472 473 488 487)
4(443 458 489 474)
4(473 474 489 488)
4(444 459 490 475)
4(474 475 490 489)
4(445 460 491 476)
4(475 476 491 490)
4(446 461 492 477)
4(476 477 492 491)
4(447 462 493 478)
4(477 478 493 492)
4(448 463 494 479)
4(478 479 494 493)
4(479 480 495 494)
4(466 481 512 497)
3(496 497 512)
4(467 482 513 498)
4(497 498 513 512)
4(468 483 514 499)
4(498 499 514 513)
4(469 484 515 500)
4(499 500 515 514)
4(470 485 516 501)
4(500 501 516 515)
4(471 486 517 502)
4(501 502 517 516)
4(472 487 518 503)
4(502 503 518 517)
4(473 488 519 504)
4(503 504 519 518)
4(474 489 520 505)
4(504 505 520 519)
4(475 490 521 506)
4(505 506 521 520)
4(476 491 522 507)
4(506 507 522 521)
4(477 492 523 508)
4(507 508 523 522)
4(478 493 524 509)
4(508 509 524 523)
4(479 494 525 510)
4(509 510 525 524)
4(510 511 526 525)
4(497 512 543 528)
3(527 528 543)
4(498 513 544 529)
4(528 529 544 543)
4(499 514 545 530)
4(529 530 545 544)
4(500 515 546 531)
4(530 531 546 545)
4(501 516 547 532)
4(531 532 547 546)
4(502 517 548 533)
4(532 533 548 547)
4(503 518 549 534)
4(533 534 549 548)
4(504 519 550 535)
4(534 535 550 549)
4(505 520 551 536)
4(535 536 551 550)
4(506 521 552 537)
4(536 537 552 551)
4(507 522 553 538)
4(537 538 553 552)
4(508 523 554 539)
4(538 539 554 553)
4(509 524 555 540)
4(539 540 555 554)
4(510 525 556 541)
4(540 541 556 555)
4(541 542 557 556)
4(528 543 574 559)
3(558 559 574)
4(529 544 575 560)
4(559 560 575 574)
4(530 545 576 561)
4(560 561 576 575)
4(531 546 577 562)
4(561 562 577 576)
4(532 547 578 563)
4(562 563 578 577)
4(533 548 579 564)
4(563 564 579 578)
4(534 549 580 565)
4(564 565 580 579)
4(535 550 581 566)
4(565 566 581 580)
4(536 551 582 567)
4(566 567 582 581)
4(537 552 583 568)
4(567 568 583 582)
4(538 553 584 569)
4(568 569 584 583)
4(539 554 585 570)
4(569 570 585 584)
4(540 555 586 571)
4(570 571 586 585)
4(541 556 587 572)
4(571 572 587 586)
4(572 573 588 587)
4(559 574 605 590)
3(589 590 605)
4(560 575 606 591)
4(590 591 606 605)
4(561 576 607 592)
4(591 592 607 606)
4(562 577 608 593)
4(592 593 608 607)
4(563 578 609 594)
4(593 594 609 608)
4(564 579 610 595)
4(594 595 610 609)
4(565 580 611 596)
4(595 596 611 610)
4(566 581 612 597)
4(596 597 612 611)
4(567 582 613 598)
4(597 598 613 612)
4(568 583 614 599)
4(598 599 614 613)
4(569 584 615 600)
4(599 600 615 614)
4(570 585 616 601)
4(600 601 616 615)
4(571 586 617 602)
4(601 602 617 616)
4(572 587 618 603)
4(602 603 618 617)
4(603 604 619 618)
4(590 605 636 621)
3(620 621 636)
4(591 606 637 622)
4(621 622 637 636)
4(592 607 638 623)
4(622 623 638 637)
4(593 608 639 624)
4(623 624 639 638)
4(594 609 640 625)
4(624 625 640 639)
4(595 610 641 626)
4(625 626 641 640)
4(596 611 642 627)
4(626 627 642 641)
4(597 612 643 628)
4(627 628 643 642)
4(598 613 644 629)
4(628 629 644 643)
4(599 614 645 630)
4(629 630 645 644)
4(600 615 646 631)
4(630 631 646 645)
4(601 616 647 632)
4(631 632 647 646)
4(602 617 648 633)
4(632 633 648 647)
4(603 618 649 634)
4(633 634 649 648)
4(634 635 650 649)
4(621 636 667 652)
3(651 652 667)
4(622 637 668 653)
4(652 653 668 667)
4(623 638 669 654)
4(653 654 669 668)
4(624 639 670 655)
4(654 655 670 669)
4(625 640 671 656)
4(655 656 671 670)
4(626 641 672 657)
4(656 657 672 671)
4(627 642 673 658)
4(657 658 673 672)
4(628 643 674 659)
4(658 659 674 673)
4(629 644 675 660)
4(659 660 675 674)
4(630 645 676 661)
4(660 661 676 675)
4(631 646 677 662)
4(661 662 677 676)
4(632 647 678 663)
4(662 663 678 677)
4(633 648 679 664)
4(663 664 679 678)
4(634 649 680 665)
4(664 665 680 679)
4(665 666 681 680)
4(652 667 698 683)
3(682 683 698)
4(653 668 699 684)
4(683 684 699 698)
4(654 669 700 685)
4(684 685 700 699)
4(655 670 701 686)
4(685 686 701 700)
4(656 671 702 687)
4(686 687 702 701)
4(657 672 703 688)
4(687 688 703 702)
4(658 673 704 689)
4(688 689 704 703)
4(659 674 705 690)
4(689 690 705 704)
4(660 675 706 691)
4(690 691 706 705)
4(661 676 707 692)
4(691 692 707 706)
4(662 677 708 693)
4(692 693 708 707)
4(663 678 709 694)
4(693 694 709 708)
4(664 679 710 695)
4(694 695 710 709)
4(665 680 711 696)
4(695 696 711 710)
4(696 697 712 711)
4(683 698 729 714)
3(713 714 729)
4(684 699 730 715)
4(714 715 730 729)
4(685 700 731 716)
4(715 716 731 730)
4(686 701 732 717)
4(716 717 732 731)
4(687 702 733 718)
4(717 718 733 732)
4(688 703 734 719)
4(718 719 734 733)
4(689 704 735 720)
4(719 720 735 734)
4(690 705 736 721)
4(720 721 736 735)
4(691 706 737 722)
4(721 722 737 736)
4(692 707 738 723)
4(722 723 738 737)
4(693 708 739 724)
4(723 724 739 738)
4(694 709 740 725)
4(724 725 740 739)
4(695 710 741 726)
4(725 726 741 740)
4(696 711 742 727)
4(726 727 742 741)
4(727 728 743 742)
4(714 729 760 745)
3(744 745 760)
4(715 730 761 746)
4(745 746 761 760)
4(716 731 762 747)
4(746 747 762 761)
4(717 732 763 748)
4(747 748 763 762)
4(718 733 764 749)
4(748 749 764 763)
4(719 734 765 750)
4(749 750 765 764)
4(720 735 766 751)
4(750 751 766 765)
4(721 736 767 752)
4(751 752 767 766)
4(722 737 768 753)
4(752 753 768 767)
4(723 738 769 754)
4(753 754 769 768)
4(724 739 770 755)
4(754 755 770 769)
4(725 740 771 756)
4(755 756 771 770)
4(726 741 772 757)
4(756 757 772 771)
4(727 742 773 758)
4(757 758 773 772)
4(758 759 774 773)
4(745 760 791 776)
3(775 776 791)
4(746 761 792 777)
4(776 777 792 791)
4(747 762 793 778)
4(777 778 793 792)
4(748 763 794 779)
4(778 779 794 793)
4(749 764 795 780)
4(779 780 795 794)
4(750 765 796 781)
4(780 781 796 795)
4(751 766 797 782)
4(781 782 797 796)
4(752 767 798 783)
4(782 783 798 797)
4(753 768 799 784)
4(783 784 799 798)
4(754 769 800 785)
4(784 785 800 799)
4(755 770 801 786)
4(785 786 801 800)
4(756 771 802 787)
4(786 787 802 801)
4(757 772 803 788)
4(787 788 803 802)
4(758 773 804 789)
4(788 789 804 803)
4(789 790 805 804)
4(776 791 822 807)
3(806 807 822)
4(777 792 823 808)
4(807 808 823 822)
4(778 793 824 809)
4(808 809 824 823)
4(779 794 825 810)
4(809 810 825 824)
4(780 795 826 811)
4(810 811 826 825)
4(781 796 827 812)
4(811 812 827 826)
4(782 797 828 813)
4(812 813 828 827)
4(783 798 829 814)
4(813 814 829 828)
4(784 799 830 815)
4(814 815 830 829)
4(785 800 831 816)
4(815 816 831 830)
4(786 801 832 817)
4(816 817 832 831)
4(787 802 833 818)
4(817 818 833 832)
4(788 803 834 819)
4(818 819 834 833)
4(789 804 835 820)
4(819 820 835 834)
4(820 821 836 835)
4(807 822 853 838)
3(837 838 853)
4(808 823 854 839)
4(838 839 854 853)
4(809 824 855 840)
4(839 840 855 854)
4(810 825 856 841)
4(840 841 856 855)
4(811 826 857 842)
4(841 842 857 856)
4(812 827 858 843)
4(842 843 858 857)
4(813 828 859 844)
4(843 844 859 858)
4(814 829 860 845)
4(844 845 860 859)
4(815 830 861 846)
4(845 846 861 860)
4(816 831 862 847)
4(846 847 862 861)
4(817 832 863 848)
4(847 848 863 862)
4(818 833 864 849)
4(848 849 864 863)
4(819 834 865 850)
4(849 850 865 864)
4(820 835 866 851)
4(850 851 866 865)
4(851 852 867 866)
4(838 853 884 869)
3(868 869 884)
4(839 854 885 870)
4(869 870 885 884)
4(840 855 886 871)
4(870 871 886 885)
4(841 856 887 872)
4(871 872 887 886)
4(842 857 888 873)
4(872 873 888 887)
4(843 858 889 874)
4(873 874 889 888)
4(844 859 890 875)
4(874 875 890 889)
4(845 860 891 876)
4(875 876 891 890)
4(846 861 892 877)
4(876 877 892 891)
4(847 862 893 878)
4(877 878 893 892)
4(848 863 894 879)
4(878 879 894 893)
4(849 864 895 880)
4(879 880 895 894)
4(850 865 896 881)
4(880 881 896 895)
4(851 866 897 882)
4(881 882 897 896)
4(882 883 898 897)
4(869 884 915 900)
3(899 900 915)
4(870 885 916 901)
4(900 901 916 915)
4(871 886 917 902)
4(901 902 917 916)
4(872 887 918 903)
4(902 903 918 917)
4(873 888 919 904)
4(903 904 919 918)
4(874 889 920 905)
4(904 905 920 919)
4(875 890 921 906)
4(905 906 921 920)
4(876 891 922 907)
4(906 907 922 921)
4(877 892 923 908)
4(907 908 923 922)
4(878 893 924 909)
4(908 909 924 923)
4(879 894 925 910)
4(909 910 925 924)
4(880 895 926 911)
4(910 911 926 925)
4(881 896 927 912)
4(911 912 927 926)
4(882 897 928 913)
4(912 913 928 927)
4(913 914 929 928)
4(900 915 946 931)
3(930 931 946)
4(901 916 947 932)
4(931 932 947 946)
4(902 917 948 933)
4(932 933 948 947)
4(903 918 949 934)
4(933 934 949 948)
4(904 919 950 935)
4(934 935 950 949)
4(905 920 951 936)
4(935 936 951 950)
4(906 921 952 937)
4(936 937 952 951)
4(907 922 953 938)
4(937 938 953 952)
4(908 923 954 939)
4(938 939 954 953)
4(909 924 955 940)
4(939 940 955 954)
4(910 925 956 941)
4(940 941 956 955)
4(911 926 957 942)
4(941 942 957 956)
4(912 927 958 943)
4(942 943 958 957)
4(913 928 959 944)
4(943 944 959 958)
4(944 945 960 959)
4(931 946 977 962)
3(961 962 977)
4(932 947 978 963)
4(962 963 978 977)
4(933 948 979 964)
4(963 964 979 978)
4(934 949 980 965)
4(964 965 980 979)
4(935 950 981 966)
4(965 966 981 980)
4(936 951 982 967)
4(966 967 982 981)
4(937 952 983 968)
4(967 968 983 982)
4(938 953 984 969)
4(968 969 984 983)
4(939 954 985 970)
4(969 970 985 984)
4(940 955 986 971)
4(970 971 986 985)
4(941 956 987 972)
4(971 972 987 986)
4(942 957 988 973)
4(972 973 988 987)
4(943 958 989 974)
4(973 974 989 988)
4(944 959 990 975)
4(974 975 990 989)
4(975 976 991 990)
4(962 977 1008 993)
3(992 993 1008)
4(963 978 1009 994)
4(993 994 1009 1008)
4(964 979 1010 995)
4(994 995 1010 1009)
4(965 980 1011 996)
4(995 996 1011 1010)
4(966 981 1012 997)
4(996 997 1012 1011)
4(967 982 1013 998)
4(997 998 1013 1012)
4(968 983 1014 999)
4(998 999 1014 1013)
4(969 984 1015 1000)
4(999 1000 1015 1014)
4(970 985 1016 1001)
4(1000 1001 1016 1015)
4(971 986 1017 1002)
4(1001 1002 1017 1016)
4(972 987 1018 1003)
4(1002 1003 1018 1017)
4(973 988 1019 1004)
4(1003 1004 1019 1018)
4(974 989 1020 1005)
4(1004 1005 1020 1019)
4(975 990 1021 1006)
4(1005 1006 1021 1020)
4(1006 1007 1022 1021)
4(993 1008 1039 1024)
3(1023 1024 1039)
4(994 1009 1040 1025)
4(1024 1025 1040 1039)
4(995 1010 1041 1026)
4(1025 1026 1041 1040)
4(996 1011 1042 1027)
4(1026 1027 1042 1041)
4(997 1012 1043 1028)
4(1027 1028 1043 1042)
4(998 1013 1044 1029)
4(1028 1029 1044 1043)
4(999 1014 1045 1030)
4(1029 1030 1045 1044)
4(1000 1015 1046 1031)
4(1030 1031 1046 1045)
4(1001 1016 1047 1032)
4(1031 1032 1047 1046)
4(1002 1017 1048 1033)
4(1032 1033 1048 1047)
4(1003 1018 1049 1034)
4(1033 1034 1049 1048)
4(1004 1019 1050 1035)
4(1034 1035 1050 1049)
4(1005 1020 1051 1036)
4(1035 1036 1051 1050)
4(1006 1021 1052 1037)
4(1036 1037 1052 1051)
4(1037 1038 1053 1052)
4(1024 1039 1070 1055)
3(1054 1055 1070)
4(1025 1040 1071 1056)
4(1055 1056 1071 1070)
4(1026 1041 1072 1057)
4(1056 1057 1072 1071)
4(1027 1042 1073 1058)
4(1057 1058 1073 1072)
4(1028 1043 1074 1059)
4(1058 1059 1074 1073)
4(1029 1044 1075 1060)
4(1059 1060 1075 1074)
4(1030 1045 1076 1061)
4(1060 1061 1076 1075)
4(1031 1046 1077 1062)
4(1061 1062 1077 1076)
4(1032 1047 1078 1063)
4(1062 1063 1078 1077)
4(1033 1048 1079 1064)
4(1063 1064 1079 1078)
4(1034 1049 1080 1065)
4(1064 1065 1080 1079)
4(1035 1050 1081 1066)
4(1065 1066 1081 1080)
4(1036 1051 1082 1067)
4(1066 1067 1082 1081)
4(1037 1052 1083 1068)
4(1067 1068 1083 1082)
4(1068 1069 1084 1083)
4(1055 1070 1101 1086)
3(1085 1086 1101)
4(1056 1071 1102 1087)
4(1086 1087 1102 1101)
4(1057 1072 1103 1088)
4(1087 1088 1103 1102)
4(1058 1073 1104 1089)
4(1088 1089 1104 1103)
4(1059 1074 1105 1090)
4(1089 1090 1105 1104)
4(1060 1075 1106 1091)
4(1090 1091 1106 1105)
4(1061 1076 1107 1092)
4(1091 1092 1107 1106)
4(1062 1077 1108 1093)
4(1092 1093 1108 1107)
4(1063 1078 1109 1094)
4(1093 1094 1109 1108)
4(1064 1079 1110 1095)
4(1094 1095 1110 1109)
4(1065 1080 1111 1096)
4(1095 1096 1111 1110)
4(1066 1081 1112 1097)
4(1096 1097 1112 1111)
4(1067 1082 1113 1098)
4(1097 1098 1113 1112)
4(1068 1083 1114 1099)
4(1098 1099 1114 1113)
4(1099 1100 1115 1114)
4(1086 1101 1132 1117)
3(1116 1117 1132)
4(1087 1102 1133 1118)
4(1117 1118 1133 1132)
4(1088 1103 1134 1119)
4(1118 1119 1134 1133)
4(1089 1104 1135 1120)
4(1119 1120 1135 1134)
4(1090 1105 1136 1121)
4(1120 1121 1136 1135)
4(1091 1106 1137 1122)
4(1121 1122 1137 1136)
4(1092 1107 1138 1123)
4(1122 1123 1138 1137)
4(1093 1108 1139 1124)
4(1123 1124 1139 1138)
4(1094 1109 1140 1125)
4(1124 1125 1140 1139)
4(1095 1110 1141 1126)
4(1125 1126 1141 1140)
4(1096 1111 1142 1127)
4(1126 1127 1142 1141)
4(1097 1112 1143 1128)
4(1127 1128 1143 1142)
4(1098 1113 1144 1129)
4(1128 1129 1144 1143)
4(1099 1114 1145 1130)
4(1129 1130 1145 1144)
4(1130 1131 1146 1145)
4(1117 1132 1163 1148)
3(1147 1148 1163)
4(1118 1133 1164 1149)
4(1148 1149 1164 1163)
4(1119 1134 1165 1150)
4(1149 1150 1165 1164)
4(1120 1135 1166 1151)
4(1150 1151 1166 1165)
4(1121 1136 1167 1152)
4(1151 1152 1167 1166)
4(1122 1137 1168 1153)
4(1152 1153 1168 1167)
4(1123 1138 1169 1154)
4(1153 1154 1169 1168)
4(1124 1139 1170 1155)
4(1154 1155 1170 1169)
4(1125 1140 1171 1156)
4(1155 1156 1171 1170)
4(1126 1141 1172 1157)
4(1156 1157 1172 1171)
4(1127 1142 1173 1158)
4(1157 1158 1173 1172)
4(1128 1143 1174 1159)
4(1158 1159 1174 1173)
4(1129 1144 1175 1160)
4(1159 1160 1175 1174)
4(1130 1145 1176 1161)
4(1160 1161 1176 1175)
4(1161 1162 1177 1176)
4(1148 1163 1194 1179)
3(1178 1179 1194)
4(1149 1164 1195 1180)
4(1179 1180 1195 1194)
4(1150 1165 1196 1181)
4(1180 1181 1196 1195)
4(1151 1166 1197 1182)
4(1181 1182 1197 1196)
4(1152 1167 1198 1183)
4(1182 1183 1198 1197)
4(1153 1168 1199 1184)
4(1183 1184 1199 1198)
4(1154 1169 1200 1185)
4(1184 1185 1200 1199)
4(1155 1170 1201 1186)
4(1185 1186 1201 1200)
4(1156 1171 1202 1187)
4(1186 1187 1202 1201)
4(1157 1172 1203 1188)
4(1187 1188 1203 1202)
4(1158 1173 1204 1189)
4(1188 1189 1204 1203)
4(1159 1174 1205 1190)
4(1189 1190 1205 1204)
4(1160 1175 1206 1191)
4(1190 1191 1206 1205)
4(1161 1176 1207 1192)
4(1191 1192 1207 1206)
4(1192 1193 1208 1207)
4(1179 1194 1225 1210)
3(1209 1210 1225)
4(1180 1195 1226 1211)
4(1210 1211 1226 1225)
4(1181 1196 1227 1212)
4(1211 1212 1227 1226)
4(1182 1197 1228 1213)
4(1212 1213 1228 1227)
4(1183 1198 1229 1214)
4(1213 1214 1229 1228)
4(1184 1199 1230 1215)
4(1214 1215 1230 1229)
4(1185 1200 1231 1216)
4(1215 1216 1231 1230)
4(1186 1201 1232 1217)
4(1216 1217 1232 1231)
4(1187 1202 1233 1218)
4(1217 1218 1233 1232)
4(1188 1203 1234 1219)
4(1218 1219 1234 1233)
4(1189 1204 1235 1220)
4(1219 1220 1235 1234)
4(1190 1205 1236 1221)
4(1220 1221 1236 1235)
4(1191 1206 1237 1222)
4(1221 1222 1237 1236)
4(1192 1207 1238 1223)
4(1222 1223 1238 1237)
4(1223 1224 1239 1238)
4(1210 1225 1256 1241)
3(1240 1241 1256)
4(1211 1226 1257 1242)
4(1241 1242 1257 1256)
4(1212 1227 1258 1243)
4(1242 1243 1258 1257)
4(1213 1228 1259 1244)
4(1243 1244 1259 1258)
4(1214 1229 1260 1245)
4(1244 1245 1260 1259)
4(1215 1230 1261 1246)
4(1245 1246 1261 1260)
4(1216 1231 1262 1247)
4(1246 1247 1262 1261)
4(1217 1232 1263 1248)
4(1247 1248 1263 1262)
4(1218 1233 1264 1249)
4(1248 1249 1264 1263)
4(1219 1234 1265 1250)
4(1249 1250 1265 1264)
4(1220 1235 1266 1251)
4(1250 1251 1266 1265)
4(1221 1236 1267 1252)
4(1251 1252 1267 1266)
4(1222 1237 1268 1253)
4(1252 1253 1268 1267)
4(1223 1238 1269 1254)
4(1253 1254 1269 1268)
4(1254 1255 1270 1269)
4(1241 1256 1287 1272)
3(1271 1272 1287)
4(1242 1257 1288 1273)
4(1272 1273 1288 1287)
4(1243 1258 1289 1274)
4(1273 1274 1289 1288)
4(1244 1259 1290 1275)
4(1274 1275 1290 1289)
4(1245 1260 1291 1276)
4(1275 1276 1291 1290)
4(1246 1261 1292 1277)
4(1276 1277 1292 1291)
4(1247 1262 1293 1278)
4(1277 1278 1293 1292)
4(1248 1263 1294 1279)
4(1278 1279 1294 1293)
4(1249 1264 1295 1280)
4(1279 1280 1295 1294)
4(1250 1265 1296 1281)
4(1280 1281 1296 1295)
4(1251 1266 1297 1282)
4(1281 1282 1297 1296)
4(1252 1267 1298 1283)
4(1282 1283 1298 1297)
4(1253 1268 1299 1284)
4(1283 1284 1299 1298)
4(1254 1269 1300 1285)
4(1284 1285 1300 1299)
4(1285 1286 1301 1300)
4(1272 1287 1318 1303)
3(1302 1303 1318)
4(1273 1288 1319 1304)
4(1303 1304 1319 1318)
4(1274 1289 1320 1305)
4(1304 1305 1320 1319)
4(1275 1290 1321 1306)
4(1305 1306 1321 1320)
4(1276 1291 1322 1307)
4(1306 1307 1322 1321)
4(1277 1292 1323 1308)
4(1307 1308 1323 1322)
4(1278 1293 1324 1309)
4(1308 1309 1324 1323)
4(1279 1294 1325 1310)
4(1309 1310 1325 1324)
4(1280 1295 1326 1311)
4(1310 1311 1326 1325)
4(1281 1296 1327 1312)
4(1311 1312 1327 1326)
4(1282 1297 1328 1313)
4(1312 1313 1328 1327)
4(1283 1298 1329 1314)
4(1313 1314 1329 1328)
4(1284 1299 1330 1315)
4(1314 1315 1330 1329)
4(1285 1300 1331 1316)
4(1315 1316 1331 1330)
4(1316 1317 1332 1331)
4(1303 1318 1349 1334)
3(1333 1334 1349)
4(1304 1319 1350 1335)
4(1334 1335 1350 1349)
4(1305 1320 1351 1336)
4(1335 1336 1351 1350)
4(1306 1321 1352 1337)
4(1336 1337 1352 1351)
4(1307 1322 1353 1338)
4(1337 1338 1353 1352)
4(1308 1323 1354 1339)
4(1338 1339 1354 1353)
4(1309 1324 1355 1340)
4(1339 1340 1355 1354)
4(1310 1325 1356 1341)
4(1340 1341 1356 1355)
4(1311 1326 1357 1342)
4(1341 1342 1357 1356)
4(1312 1327 1358 1343)
4(1342 1343 1358 1357)
4(1313 1328 1359 1344)
4(1343 1344 1359 1358)
4(1314 1329 1360 1345)
4(1344 1345 1360 1359)
4(1315 1330 1361 1346)
4(1345 1346 1361 1360)
4(1316 1331 1362 1347)
4(1346 1347 1362 1361)
4(1347 1348 1363 1362)
4(1334 1349 1380 1365)
3(1364 1365 1380)
4(1335 1350 1381 1366)
4(1365 1366 1381 1380)
4(1336 1351 1382 1367)
4(1366 1367 1382 1381)
4(1337 1352 1383 1368)
4(1367 1368 1383 1382)
4(1338 1353 1384 1369)
4(1368 1369 1384 1383)
4(1339 1354 1385 1370)
4(1369 1370 1385 1384)
4(1340 1355 1386 1371)
4(1370 1371 1386 1385)
4(1341 1356 1387 1372)
4(1371 1372 1387 1386)
4(1342 1357 1388 1373)
4(1372 1373 1388 1387)
4(1343 1358 1389 1374)
4(1373 1374 1389 1388)
4(1344 1359 1390 1375)
4(1374 1375 1390 1389)
4(1345 1360 1391 1376)
4(1375 1376 1391 1390)
4(1346 1361 1392 1377)
4(1376 1377 1392 1391)
4(1347 1362 1393 1378)
4(1377 1378 1393 1392)
4(1378 1379 1394 1393)
4(1365 1380 1411 1396)
3(1395 1396 1411)
4(1366 1381 1412 1397)
4(1396 1397 1412 1411)
4(1367 1382 1413 1398)
4(1397 1398 1413 1412)
4(1368 1383 1414 1399)
4(1398 1399 1414 1413)
4(1369 1384 1415 1400)
4(1399 1400 1415 1414)
4(1370 1385 1416 1401)
4(1400 1401 1416 1415)
4(1371 1386 1417 1402)
4(1401 1402 1417 1416)
4(1372 1387 1418 1403)
4(1402 1403 1418 1417)
4(1373 1388 1419 1404)
4(1403 1404 1419 1418)
4(1374 1389 1420 1405)
4(1404 1405 1420 1419)
4(1375 1390 1421 1406)
4(1405 1406 1421 1420)
4(1376 1391 1422 1407)
4(1406 1407 1422 1421)
4(1377 1392 1423 1408)
4(1407 1408 1423 1422)
4(1378 1393 1424 1409)
4(1408 1409 1424 1423)
4(1409 1410 1425 1424)
4(1396 1411 1442 1427)
3(1426 1427 1442)
4(1397 1412 1443 1428)
4(1427 1428 1443 1442)
4(1398 1413 1444 1429)
4(1428 1429 1444 1443)
4(1399 1414 1445 1430)
4(1429 1430 1445 1444)
4(1400 1415 1446 1431)
4(1430 1431 1446 1445)
4(1401 1416 1447 1432)
4(1431 1432 1447 1446)
4(1402 1417 1448 1433)
4(1432 1433 1448 1447)
4(1403 1418 1449 1434)
4(1433 1434 1449 1448)
4(1404 1419 1450 1435)
4(1434 1435 1450 1449)
4(1405 1420 1451 1436)
4(1435 1436 1451 1450)
4(1406 1421 1452 1437)
4(1436 1437 1452 1451)
4(1407 1422 1453 1438)
4(1437 1438 1453 1452)
4(1408 1423 1454 1439)
4(1438 1439 1454 1453)
4(1409 1424 1455 1440)
4(1439 1440 1455 1454)
4(1440 1441 1456 1455)
4(1427 1442 1473 1458)
3(1457 1458 1473)
4(1428 1443 1474 1459)
4(1458 1459 1474 1473)
4(1429 1444 1475 1460)
4(1459 1460 1475 1474)
4(1430 1445 1476 1461)
4(1460 1461 1476 1475)
4(1431 1446 1477 1462)
4(1461 1462 1477 1476)
4(1432 1447 1478 1463)
4(1462 1463 1478 1477)
4(1433 1448 1479 1464)
4(1463 1464 1479 1478)
4(1434 1449 1480 1465)
4(1464 1465 1480 1479)
4(1435 1450 1481 1466)
4(1465 1466 1481 1480)
4(1436 1451 1482 1467)
4(1466 1467 1482 1481)
4(1437 1452 1483 1468)
4(1467 1468 1483 1482)
4(1438 1453 1484 1469)
4(1468 1469 1484 1483)
4(1439 1454 1485 1470)
4(1469 1470 1485 1484)
4(1440 1455 1486 1471)
4(1470 1471 1486 1485)
4(1471 1472 1487 1486)
4(1458 1473 1504 1489)
3(1488 1489 1504)
4(1459 1474 1505 1490)
4(1489 1490 1505 1504)
4(1460 1475 1506 1491)
4(1490 1491 1506 1505)
4(1461 1476 1507 1492)
4(1491 1492 1507 1506)
4(1462 1477 1508 1493)
4(1492 1493 1508 1507)
4(1463 1478 1509 1494)
4(1493 1494 1509 1508)
4(1464 1479 1510 1495)
4(1494 1495 1510 1509)
4(1465 1480 1511 1496)
4(1495 1496 1511 1510)
4(1466 1481 1512 1497)
4(1496 1497 1512 1511)
4(1467 1482 1513 1498)
4(1497 1498 1513 1512)
4(1468 1483 1514 1499)
4(1498 1499 1514 1513)
4(1469 1484 1515 1500)
4(1499 1500 1515 1514)
4(1470 1485 1516 1501)
4(1500 1501 1516 1515)
4(1471 1486 1517 1502)
4(1501 1502 1517 1516)
4(1502 1503 1518 1517)
4(1489 1504 1535 1520)
3(1519 1520 1535)
4(1490 1505 1536 1521)
4(1520 1521 1536 1535)
4(1491 1506 1537 1522)
4(1521 1522 1537 1536)
4(1492 1507 1538 1523)
4(1522 1523 1538 1537)
4(1493 1508 1539 1524)
4(1523 1524 1539 1538)
4(1494 1509 1540 1525)
4(1524 1525 1540 1539)
4(1495 1510 1541 1526)
4(1525 1526 1541 1540)
4(1496 1511 1542 1527)
4(1526 1527 1542 1541)
4(1497 1512 1543 1528)
4(1527 1528 1543 1542)
4(1498 1513 1544 1529)
4(1528 1529 1544 1543)
4(1499 1514 1545 1530)
4(1529 1530 1545 1544)
4(1500 1515 1546 1531)
4(1530 1531 1546 1545)
4(1501 1516 1547 1532)
4(1531 1532 1547 1546)
4(1502 1517 1548 1533)
4(1532 1533 1548 1547)
4(1533 1534 1549 1548)
4(1520 1535 1566 1551)
3(1550 1551 1566)
4(1521 1536 1567 1552)
4(1551 1552 1567 1566)
4(1522 1537 1568 1553)
4(1552 1553 1568 1567)
4(1523 1538 1569 1554)
4(1553 1554 1569 1568)
4(1524 1539 1570 1555)
4(1554 1555 1570 1569)
4(1525 1540 1571 1556)
4(1555 1556 1571 1570)
4(1526 1541 1572 1557)
4(1556 1557 1572 1571)
4(1527 1542 1573 1558)
4(1557 1558 1573 1572)
4(1528 1543 1574 1559)
4(1558 1559 1574 1573)
4(1529 1544 1575 1560)
4(1559 1560 1575 1574)
4(1530 1545 1576 1561)
4(1560 1561 1576 1575)
4(1531 1546 1577 1562)
4(1561 1562 1577 1576)
4(1532 1547 1578 1563)
4(1562 1563 1578 1577)
4(1533 1548 1579 1564)
4(1563 1564 1579 1578)
4(1564 1565 1580 1579)
4(1551 1566 1597 1582)
3(1581 1582 1597)
4(1552 1567 1598 1583)
4(1582 1583 1598 1597)
4(1553 1568 1599 1584)
4(1583 1584 1599 1598)
4(1554 1569 1600 1585)
4(1584 1585 1600 1599)
4(1555 1570 1601 1586)
4(1585 1586 1601 1600)
4(1556 1571 1602 1587)
4(1586 1587 1602 1601)
4(1557 1572 1603 1588)
4(1587 1588 1603 1602)
4(1558 1573 1604 1589)
4(1588 1589 1604 1603)
4(1559 1574 1605 1590)
4(1589 1590 1605 1604)
4(1560 1575 1606 1591)
4(1590 1591 1606 1605)
4(1561 1576 1607 1592)
4(1591 1592 1607 1606)
4(1562 1577 1608 1593)
4(1592 1593 1608 1607)
4(1563 1578 1609 1594)
4(1593 1594 1609 1608)
4(1564 1579 1610 1595)
4(1594 1595 1610 1609)
4(1595 1596 1611 1610)
4(1565 1580 1611 1596)
4(1582 1597 1628 1613)
3(1612 1613 1628)
4(1583 1598 1629 1614)
4(1613 1614 1629 1628)
4(1584 1599 1630 1615)
4(1614 1615 1630 1629)
4(1585 1600 1631 1616)
4(1615 1616 1631 1630)
4(1586 1601 1632 1617)
4(1616 1617 1632 1631)
4(1587 1602 1633 1618)
4(1617 1618 1633 1632)
4(1588 1603 1634 1619)
4(1618 1619 1634 1633)
4(1589 1604 1635 1620)
4(1619 1620 1635 1634)
4(1590 1605 1636 1621)
4(1620 1621 1636 1635)
4(1591 1606 1637 1622)
4(1621 1622 1637 1636)
4(1592 1607 1638 1623)
4(1622 1623 1638 1637)
4(1593 1608 1639 1624)
4(1623 1624 1639 1638)
4(1594 1609 1640 1625)
4(1624 1625 1640 1639)
4(1595 1610 1641 1626)
4(1625 1626 1641 1640)
4(1626 1627 1642 1641)
4(1596 1611 1642 1627)
4(1613 1628 1659 1644)
3(1643 1644 1659)
4(1614 1629 1660 1645)
4(1644 1645 1660 1659)
4(1615 1630 1661 1646)
4(1645 1646 1661 1660)
4(1616 1631 1662 1647)
4(1646 1647 1662 1661)
4(1617 1632 1663 1648)
4(1647 1648 1663 1662)
4(1618 1633 1664 1649)
4(1648 1649 1664 1663)
4(1619 1634 1665 1650)
4(1649 1650 1665 1664)
4(1620 1635 1666 1651)
4(1650 1651 1666 1665)
4(1621 1636 1667 1652)
4(1651 1652 1667 1666)
4(1622 1637 1668 1653)
4(1652 1653 1668 1667)
4(1623 1638 1669 1654)
4(1653 1654 1669 1668)
4(1624 1639 1670 1655)
4(1654 1655 1670 1669)
4(1625 1640 1671 1656)
4(1655 1656 1671 1670)
4(1626 1641 1672 1657)
4(1656 1657 1672 1671)
4(1657 1658 1673 1672)
4(1627 1642 1673 1658)
4(1644 1659 1690 1675)
3(1674 1675 1690)
4(1645 1660 1691 1676)
4(1675 1676 1691 1690)
4(1646 1661 1692 1677)
4(1676 1677 1692 1691)
4(1647 1662 1693 1678)
4(1677 1678 1693 1692)
4(1648 1663 1694 1679)
4(1678 1679 1694 1693)
4(1649 1664 1695 1680)
4(1679 1680 1695 1694)
4(1650 1665 1696 1681)
4(1680 1681 1696 1695)
4(1651 1666 1697 1682)
4(1681 1682 1697 1696)
4(1652 1667 1698 1683)
4(1682 1683 1698 1697)
4(1653 1668 1699 1684)
4(1683 1684 1699 1698)
4(1654 1669 1700 1685)
4(1684 1685 1700 1699)
4(1655 1670 1701 1686)
4(1685 1686 1701 1700)
4(1656 1671 1702 1687)
4(1686 1687 1702 1701)
4(1657 1672 1703 1688)
4(1687 1688 1703 1702)
4(1688 1689 1704 1703)
4(1658 1673 1704 1689)
4(1675 1690 1721 1706)
3(1705 1706 1721)
4(1676 1691 1722 1707)
4(1706 1707 1722 1721)
4(1677 1692 1723 1708)
4(1707 1708 1723 1722)
4(1678 1693 1724 1709)
4(1708 1709 1724 1723)
4(1679 1694 1725 1710)
4(1709 1710 1725 1724)
4(1680 1695 1726 1711)
4(1710 1711 1726 1725)
4(1681 1696 1727 1712)
4(1711 1712 1727 1726)
4(1682 1697 1728 1713)
4(1712 1713 1728 1727)
4(1683 1698 1729 1714)
4(1713 1714 1729 1728)
4(1684 1699 1730 1715)
4(1714 1715 1730 1729)
4(1685 1700 1731 1716)
4(1715 1716 1731 1730)
4(1686 1701 1732 1717)
4(1716 1717 1732 1731)
4(1687 1702 1733 1718)
4(1717 1718 1733 1732)
4(1688 1703 1734 1719)
4(1718 1719 1734 1733)
4(1719 1720 1735 1734)
4(1689 1704 1735 1720)
4(1706 1721 1752 1737)
3(1736 1737 1752)
4(1707 1722 1753 1738)
4(1737 1738 1753 1752)
4(1708 1723 1754 1739)
4(1738 1739 1754 1753)
4(1709 1724 1755 1740)
4(1739 1740 1755 1754)
4(1710 1725 1756 1741)
4(1740 1741 1756 1755)
4(1711 1726 1757 1742)
4(1741 1742 1757 1756)
4(1712 1727 1758 1743)
4(1742 1743 1758 1757)
4(1713 1728 1759 1744)
4(1743 1744 1759 1758)
4(1714 1729 1760 1745)
4(1744 1745 1760 1759)
4(1715 1730 1761 1746)
4(1745 1746 1761 1760)
4(1716 1731 1762 1747)
4(1746 1747 1762 1761)
4(1717 1732 1763 1748)
4(1747 1748 1763 1762)
4(1718 1733 1764 1749)
4(1748 1749 1764 1763)
4(1719 1734 1765 1750)
4(1749 1750 1765 1764)
4(1750 1751 1766 1765)
4(1720 1735 1766 1751)
4(1737 1752 1783 1768)
3(1767 1768 1783)
4(1738 1753 1784 1769)
4(1768 1769 1784 1783)
4(1739 1754 1785 1770)
4(1769 1770 1785 1784)
4(1740 1755 1786 1771)
4(1770 1771 1786 1785)
4(1741 1756 1787 1772)
4(1771 1772 1787 1786)
4(1742 1757 1788 1773)
4(1772 1773 1788 1787)
4(1743 1758 1789 1774)
4(1773 1774 1789 1788)
4(1744 1759 1790 1775)
4(1774 1775 1790 1789)
4(1745 1760 1791 1776)
4(1775 1776 1791 1790)
4(1746 1761 1792 1777)
4(1776 1777 1792 1791)
4(1747 1762 1793 1778)
4(1777 1778 1793 1792)
4(1748 1763 1794 1779)
4(1778 1779 1794 1793)
4(1749 1764 1795 1780)
4(1779 1780 1795 1794)
4(1750 1765 1796 1781)
4(1780 1781 1796 1795)
4(1781 1782 1797 1796)
4(1751 1766 1797 1782)
4(1768 1783 1814 1799)
3(1798 1799 1814)
4(1769 1784 1815 1800)
4(1799 1800 1815 1814)
4(1770 1785 1816 1801)
4(1800 1801 1816 1815)
4(1771 1786 1817 1802)
4(1801 1802 1817 1816)
4(1772 1787 1818 1803)
4(1802 1803 1818 1817)
4(1773 1788 1819 1804)
4(1803 1804 1819 1818)
4(1774 1789 1820 1805)
4(1804 1805 1820 1819)
4(1775 1790 1821 1806)
4(1805 1806 1821 1820)
4(1776 1791 1822 1807)
4(1806 1807 1822 1821)
4(1777 1792 1823 1808)
4(1807 1808 1823 1822)
4(1778 1793 1824 1809)
4(1808 1809 1824 1823)
4(1779 1794 1825 1810)
4(1809 1810 1825 1824)
4(1780 1795 1826 1811)
4(1810 1811 1826 1825)
4(1781 1796 1827 1812)
4(1811 1812 1827 1826)
4(1812 1813 1828 1827)
4(1782 1797 1828 1813)
4(1799 1814 1845 1830)
3(1829 1830 1845)
4(1800 1815 1846 1831)
4(1830 1831 1846 1845)
4(1801 1816 1847 1832)
4(1831 1832 1847 1846)
4(1802 1817 1848 1833)
4(1832 1833 1848 1847)
4(1803 1818 1849 1834)
4(1833 1834 1849 1848)
4(1804 1819 1850 1835)
4(1834 1835 1850 1849)
4(1805 1820 1851 1836)
4(1835 1836 1851 1850)
4(1806 1821 1852 1837)
4(1836 1837 1852 1851)
4(1807 1822 1853 1838)
4(1837 1838 1853 1852)
4(1808 1823 1854 1839)
4(1838 1839 1854 1853)
4(1809 1824 1855 1840)
4(1839 1840 1855 1854)
4(1810 1825 1856 1841)
4(1840 1841 1856 1855)
4(1811 1826 1857 1842)
4(1841 1842 1857 1856)
4(1812 1827 1858 1843)
4(1842 1843 1858 1857)
4(1843 1844 1859 1858)
4(1813 1828 1859 1844)
4(1830 1845 1876 1861)
3(1860 1861 1876)
4(1831 1846 1877 1862)
4(1861 1862 1877 1876)
4(1832 1847 1878 1863)
4(1862 1863 1878 1877)
4(1833 1848 1879 1864)
4(1863 1864 1879 1878)
4(1834 1849 1880 1865)
4(1864 1865 1880 1879)
4(1835 1850 1881 1866)
4(1865 1866 1881 1880)
4(1836 1851 1882 1867)
4(1866 1867 1882 1881)
4(1837 1852 1883 1868)
4(1867 1868 1883 1882)
4(1838 1853 1884 1869)
4(1868 1869 1884 1883)
4(1839 1854 1885 1870)
4(1869 1870 1885 1884)
4(1840 1855 1886 1871)
4(1870 1871 1886 1885)
4(1841 1856 1887 1872)
4(1871 1872 1887 1886)
4(1842 1857 1888 1873)
4(1872 1873 1888 1887)
4(1843 1858 1889 1874)
4(1873 1874 1889 1888)
4(1874 1875 1890 1889)
4(1844 1859 1890 1875)
4(1861 1876 1907 1892)
3(1891 1892 1907)
4(1862 1877 1908 1893)
4(1892 1893 1908 1907)
4(1863 1878 1909 1894)
4(1893 1894 1909 1908)
4(1864 1879 1910 1895)
4(1894 1895 1910 1909)
4(1865 1880 1911 1896)
4(1895 1896 1911 1910)
4(1866 1881 1912 1897)
4(1896 1897 1912 1911)
4(1867 1882 1913 1898)
4(1897 1898 1913 1912)
4(1868 1883 1914 1899)
4(1898 1899 1914 1913)
4(1869 1884 1915 1900)
4(1899 1900 1915 1914)
4(1870 1885 1916 1901)
4(1900 1901 1916 1915)
4(1871 1886 1917 1902)
4(1901 1902 1917 1916)
4(1872 1887 1918 1903)
4(1902 1903 1918 1917)
4(1873 1888 1919 1904)
4(1903 1904 1919 1918)
4(1874 1889 1920 1905)
4(1904 1905 1920 1919)
4(1905 1906 1921 1920)
4(1875 1890 1921 1906)
4(1892 1907 1938 1923)
3(1922 1923 1938)
4(1893 1908 1939 1924)
4(1923 1924 1939 1938)
4(1894 1909 1940 1925)
4(1924 1925 1940 1939)
4(1895 1910 1941 1926)
4(1925 1926 1941 1940)
4(1896 1911 1942 1927)
4(1926 1927 1942 1941)
4(1897 1912 1943 1928)
4(1927 1928 1943 1942)
4(1898 1913 1944 1929)
4(1928 1929 1944 1943)
4(1899 1914 1945 1930)
4(1929 1930 1945 1944)
4(1900 1915 1946 1931)
4(1930 1931 1946 1945)
4(1901 1916 1947 1932)
4(1931 1932 1947 1946)
4(1902 1917 1948 1933)
4(1932 1933 1948 1947)
4(1903 1918 1949 1934)
4(1933 1934 1949 1948)
4(1904 1919 1950 1935)
4(1934 1935 1950 1949)
4(1905 1920 1951 1936)
4(1935 1936 1951 1950)
4(1936 1937 1952 1951)
4(1906 1921 1952 1937)
4(1923 1938 1969 1954)
3(1953 1954 1969)
4(1924 1939 1970 1955)
4(1954 1955 1970 1969)
4(1925 1940 1971 1956)
4(1955 1956 1971 1970)
4(1926 1941 1972 1957)
4(1956 1957 1972 1971)
4(1927 1942 1973 1958)
4(1957 1958 1973 1972)
4(1928 1943 1974 1959)
4(1958 1959 1974 1973)
4(1929 1944 1975 1960)
4(1959 1960 1975 1974)
4(1930 1945 1976 1961)
4(1960 1961 1976 1975)
4(1931 1946 1977 1962)
4(1961 1962 1977 1976)
4(1932 1947 1978 1963)
4(1962 1963 1978 1977)
4(1933 1948 1979 1964)
4(1963 1964 1979 1978)
4(1934 1949 1980 1965)
4(1964 1965 1980 1979)
4(1935 1950 1981 1966)
4(1965 1966 1981 1980)
4(1936 1951 1982 1967)
4(1966 1967 1982 1981)
4(1967 1968 1983 1982)
4(1937 1952 1983 1968)
4(1954 1969 2000 1985)
3(1984 1985 2000)
4(1955 1970 2001 1986)
4(1985 1986 2001 2000)
4(1956 1971 2002 1987)
4(1986 1987 2002 2001)
4(1957 1972 2003 1988)
4(1987 1988 2003 2002)
4(1958 1973 2004 1989)
4(1988 1989 2004 2003)
4(1959 1974 2005 1990)
4(1989 1990 2005 2004)
4(1960 1975 2006 1991)
4(1990 1991 2006 2005)
4(1961 1976 2007 1992)
4(1991 1992 2007 2006)
4(1962 1977 2008 1993)
4(1992 1993 2008 2007)
4(1963 1978 2009 1994)
4(1993 1994 2009 2008)
4(1964 1979 2010 1995)
4(1994 1995 2010 2009)
4(1965 1980 2011 1996)
4(1995 1996 2011 2010)
4(1966 1981 2012 1997)
4(1996 1997 2012 2011)
4(1967 1982 2013 1998)
4(1997 1998 2013 2012)
4(1998 1999 2014 2013)
4(1968 1983 2014 1999)
4(1985 2000 2031 2016)
3(2015 2016 2031)
4(1986 2001 2032 2017)
4(2016 2017 2032 2031)
4(1987 2002 2033 2018)
4(2017 2018 2033 2032)
4(1988 2003 2034 2019)
4(2018 2019 2034 2033)
4(1989 2004 2035 2020)
4(2019 2020 2035 2034)
4(1990 2005 2036 2021)
4(2020 2021 2036 2035)
4(1991 2006 2037 2022)
4(2021 2022 2037 2036)
4(1992 2007 2038 2023)
4(2022 2023 2038 2037)
4(1993 2008 2039 2024)
4(2023 2024 2039 2038)
4(1994 2009 2040 2025)
4(2024 2025 2040 2039)
4(1995 2010 2041 2026)
4(2025 2026 2041 2040)
4(1996 2011 2042 2027)
4(2026 2027 2042 2041)
4(1997 2012 2043 2028)
4(2027 2028 2043 2042)
4(1998 2013 2044 2029)
4(2028 2029 2044 2043)
4(2029 2030 2045 2044)
4(1999 2014 2045 2030)
4(2016 2031 2062 2047)
3(2046 2047 2062)
4(2017 2032 2063 2048)
4(2047 2048 2063 2062)
4(2018 2033 2064 2049)
4(2048 2049 2064 2063)
4(2019 2034 2065 2050)
4(2049 2050 2065 2064)
4(2020 2035 2066 2051)
4(2050 2051 2066 2065)
4(2021 2036 2067 2052)
4(2051 2052 2067 2066)
4(2022 2037 2068 2053)
4(2052 2053 2068 2067)
4(2023 2038 2069 2054)
4(2053 2054 2069 2068)
4(2024 2039 2070 2055)
4(2054 2055 2070 2069)
4(2025 2040 2071 2056)
4(2055 2056 2071 2070)
4(2026 2041 2072 2057)
4(2056 2057 2072 2071)
4(2027 2042 2073 2058)
4(2057 2058 2073 2072)
4(2028 2043 2074 2059)
4(2058 2059 2074 2073)
4(2029 2044 2075 2060)
4(2059 2060 2075 2074)
4(2060 2061 2076 2075)
4(2030 2045 2076 2061)
4(2047 2062 2093 2078)
3(2077 2078 2093)
4(2048 2063 2094 2079)
4(2078 2079 2094 2093)
4(2049 2064 2095 2080)
4(2079 2080 2095 2094)
4(2050 2065 2096 2081)
4(2080 2081 2096 2095)
4(2051 2066 2097 2082)
4(2081 2082 2097 2096)
4(2052 2067 2098 2083)
4(2082 2083 2098 2097)
4(2053 2068 2099 2084)
4(2083 2084 2099 2098)
4(2054 2069 2100 2085)
4(2084 2085 2100 2099)
4(2055 2070 2101 2086)
4(2085 2086 2101 2100)
4(2056 2071 2102 2087)
4(2086 2087 2102 2101)
4(2057 2072 2103 2088)
4(2087 2088 2103 2102)
4(2058 2073 2104 2089)
4(2088 2089 2104 2103)
4(2059 2074 2105 2090)
4(2089 2090 2105 2104)
4(2060 2075 2106 2091)
4(2090 2091 2106 2105)
4(2091 2092 2107 2106)
4(2061 2076 2107 2092)
4(2078 2093 2124 2109)
3(2108 2109 2124)
4(2079 2094 2125 2110)
4(2109 2110 2125 2124)
4(2080 2095 2126 2111)
4(2110 2111 2126 2125)
4(2081 2096 2127 2112)
4(2111 2112 2127 2126)
4(2082 2097 2128 2113)
4(2112 2113 2128 2127)
4(2083 2098 2129 2114)
4(2113 2114 2129 2128)
4(2084 2099 2130 2115)
4(2114 2115 2130 2129)
4(2085 2100 2131 2116)
4(2115 2116 2131 2130)
4(2086 2101 2132 2117)
4(2116 2117 2132 2131)
4(2087 2102 2133 2118)
4(2117 2118 2133 2132)
4(2088 2103 2134 2119)
4(2118 2119 2134 2133)
4(2089 2104 2135 2120)
4(2119 2120 2135 2134)
4(2090 2105 2136 2121)
4(2120 2121 2136 2135)
4(2091 2106 2137 2122)
4(2121 2122 2137 2136)
4(2122 2123 2138 2137)
4(2092 2107 2138 2123)
4(2109 2124 2155 2140)
3(2139 2140 2155)
4(2110 2125 2156 2141)
4(2140 2141 2156 2155)
4(2111 2126 2157 2142)
4(2141 2142 2157 2156)
4(2112 2127 2158 2143)
4(2142 2143 2158 2157)
4(2113 2128 2159 2144)
4(2143 2144 2159 2158)
4(2114 2129 2160 2145)
4(2144 2145 2160 2159)
4(2115 2130 2161 2146)
4(2145 2146 2161 2160)
4(2116 2131 2162 2147)
4(2146 2147 2162 2161)
4(2117 2132 2163 2148)
4(2147 2148 2163 2162)
4(2118 2133 2164 2149)
4(2148 2149 2164 2163)
4(2119 2134 2165 2150)
4(2149 2150 2165 2164)
4(2120 2135 2166 2151)
4(2150 2151 2166 2165)
4(2121 2136 2167 2152)
4(2151 2152 2167 2166)
4(2122 2137 2168 2153)
4(2152 2153 2168 2167)
4(2153 2154 2169 2168)
4(2123 2138 2169 2154)
4(2140 2155 2186 2171)
3(2170 2171 2186)
4(2141 2156 2187 2172)
4(2171 2172 2187 2186)
4(2142 2157 2188 2173)
4(2172 2173 2188 2187)
4(2143 2158 2189 2174)
4(2173 2174 2189 2188)
4(2144 2159 2190 2175)
4(2174 2175 2190 2189)
4(2145 2160 2191 2176)
4(2175 2176 2191 2190)
4(2146 2161 2192 2177)
4(2176 2177 2192 2191)
4(2147 2162 2193 2178)
4(2177 2178 2193 2192)
4(2148 2163 2194 2179)
4(2178 2179 2194 2193)
4(2149 2164 2195 2180)
4(2179 2180 2195 2194)
4(2150 2165 2196 2181)
4(2180 2181 2196 2195)
4(2151 2166 2197 2182)
4(2181 2182 2197 2196)
4(2152 2167 2198 2183)
4(2182 2183 2198 2197)
4(2153 2168 2199 2184)
4(2183 2184 2199 2198)
4(2184 2185 2200 2199)
4(2154 2169 2200 2185)
4(2171 2186 2217 2202)
3(2201 2202 2217)
4(2172 2187 2218 2203)
4(2202 2203 2218 2217)
4(2173 2188 2219 2204)
4(2203 2204 2219 2218)
4(2174 2189 2220 2205)
4(2204 2205 2220 2219)
4(2175 2190 2221 2206)
4(2205 2206 2221 2220)
4(2176 2191 2222 2207)
4(2206 2207 2222 2221)
4(2177 2192 2223 2208)
4(2207 2208 2223 2222)
4(2178 2193 2224 2209)
4(2208 2209 2224 2223)
4(2179 2194 2225 2210)
4(2209 2210 2225 2224)
4(2180 2195 2226 2211)
4(2210 2211 2226 2225)
4(2181 2196 2227 2212)
4(2211 2212 2227 2226)
4(2182 2197 2228 2213)
4(2212 2213 2228 2227)
4(2183 2198 2229 2214)
4(2213 2214 2229 2228)
4(2184 2199 2230 2215)
4(2214 2215 2230 2229)
4(2215 2216 2231 2230)
4(2185 2200 2231 2216)
4(2202 2217 2248 2233)
3(2232 2233 2248)
4(2203 2218 2249 2234)
4(2233 2234 2249 2248)
4(2204 2219 2250 2235)
4(2234 2235 2250 2249)
4(2205 2220 2251 2236)
4(2235 2236 2251 2250)
4(2206 2221 2252 2237)
4(2236 2237 2252 2251)
4(2207 2222 2253 2238)
4(2237 2238 2253 2252)
4(2208 2223 2254 2239)
4(2238 2239 2254 2253)
4(2209 2224 2255 2240)
4(2239 2240 2255 2254)
4(2210 2225 2256 2241)
4(2240 2241 2256 2255)
4(2211 2226 2257 2242)
4(2241 2242 2257 2256)
4(2212 2227 2258 2243)
4(2242 2243 2258 2257)
4(2213 2228 2259 2244)
4(2243 2244 2259 2258)
4(2214 2229 2260 2245)
4(2244 2245 2260 2259)
4(2215 2230 2261 2246)
4(2245 2246 2261 2260)
4(2246 2247 2262 2261)
4(2216 2231 2262 2247)
4(2233 2248 2279 2264)
3(2263 2264 2279)
4(2234 2249 2280 2265)
4(2264 2265 2280 2279)
4(2235 2250 2281 2266)
4(2265 2266 2281 2280)
4(2236 2251 2282 2267)
4(2266 2267 2282 2281)
4(2237 2252 2283 2268)
4(2267 2268 2283 2282)
4(2238 2253 2284 2269)
4(2268 2269 2284 2283)
4(2239 2254 2285 2270)
4(2269 2270 2285 2284)
4(2240 2255 2286 2271)
4(2270 2271 2286 2285)
4(2241 2256 2287 2272)
4(2271 2272 2287 2286)
4(2242 2257 2288 2273)
4(2272 2273 2288 2287)
4(2243 2258 2289 2274)
4(2273 2274 2289 2288)
4(2244 2259 2290 2275)
4(2274 2275 2290 2289)
4(2245 2260 2291 2276)
4(2275 2276 2291 2290)
4(2246 2261 2292 2277)
4(2276 2277 2292 2291)
4(2277 2278 2293 2292)
4(2247 2262 2293 2278)
4(2264 2279 2310 2295)
3(2294 2295 2310)
4(2265 2280 2311 2296)
4(2295 2296 2311 2310)
4(2266 2281 2312 2297)
4(2296 2297 2312 2311)
4(2267 2282 2313 2298)
4(2297 2298 2313 2312)
4(2268 2283 2314 2299)
4(2298 2299 2314 2313)
4(2269 2284 2315 2300)
4(2299 2300 2315 2314)
4(2270 2285 2316 2301)
4(2300 2301 2316 2315)
4(2271 2286 2317 2302)
4(2301 2302 2317 2316)
4(2272 2287 2318 2303)
4(2302 2303 2318 2317)
4(2273 2288 2319 2304)
4(2303 2304 2319 2318)
4(2274 2289 2320 2305)
4(2304 2305 2320 2319)
4(2275 2290 2321 2306)
4(2305 2306 2321 2320)
4(2276 2291 2322 2307)
4(2306 2307 2322 2321)
4(2277 2292 2323 2308)
4(2307 2308 2323 2322)
4(2308 2309 2324 2323)
4(2278 2293 2324 2309)
4(2295 2310 2341 2326)
3(2325 2326 2341)
4(2296 2311 2342 2327)
4(2326 2327 2342 2341)
4(2297 2312 2343 2328)
4(2327 2328 2343 2342)
4(2298 2313 2344 2329)
4(2328 2329 2344 2343)
4(2299 2314 2345 2330)
4(2329 2330 2345 2344)
4(2300 2315 2346 2331)
4(2330 2331 2346 2345)
4(2301 2316 2347 2332)
4(2331 2332 2347 2346)
4(2302 2317 2348 2333)
4(2332 2333 2348 2347)
4(2303 2318 2349 2334)
4(2333 2334 2349 2348)
4(2304 2319 2350 2335)
4(2334 2335 2350 2349)
4(2305 2320 2351 2336)
4(2335 2336 2351 2350)
4(2306 2321 2352 2337)
4(2336 2337 2352 2351)
4(2307 2322 2353 2338)
4(2337 2338 2353 2352)
4(2308 2323 2354 2339)
4(2338 2339 2354 2353)
4(2339 2340 2355 2354)
4(2309 2324 2355 2340)
4(2326 2341 2372 2357)
3(2356 2357 2372)
4(2327 2342 2373 2358)
4(2357 2358 2373 2372)
4(2328 2343 2374 2359)
4(2358 2359 2374 2373)
4(2329 2344 2375 2360)
4(2359 2360 2375 2374)
4(2330 2345 2376 2361)
4(2360 2361 2376 2375)
4(2331 2346 2377 2362)
4(2361 2362 2377 2376)
4(2332 2347 2378 2363)
4(2362 2363 2378 2377)
4(2333 2348 2379 2364)
4(2363 2364 2379 2378)
4(2334 2349 2380 2365)
4(2364 2365 2380 2379)
4(2335 2350 2381 2366)
4(2365 2366 2381 2380)
4(2336 2351 2382 2367)
4(2366 2367 2382 2381)
4(2337 2352 2383 2368)
4(2367 2368 2383 2382)
4(2338 2353 2384 2369)
4(2368 2369 2384 2383)
4(2339 2354 2385 2370)
4(2369 2370 2385 2384)
4(2370 2371 2386 2385)
4(2340 2355 2386 2371)
4(2357 2372 2403 2388)
3(2387 2388 2403)
4(2358 2373 2404 2389)
4(2388 2389 2404 2403)
4(2359 2374 2405 2390)
4(2389 2390 2405 2404)
4(2360 2375 2406 2391)
4(2390 2391 2406 2405)
4(2361 2376 2407 2392)
4(2391 2392 2407 2406)
4(2362 2377 2408 2393)
4(2392 2393 2408 2407)
4(2363 2378 2409 2394)
4(2393 2394 2409 2408)
4(2364 2379 2410 2395)
4(2394 2395 2410 2409)
4(2365 2380 2411 2396)
4(2395 2396 2411 2410)
4(2366 2381 2412 2397)
4(2396 2397 2412 2411)
4(2367 2382 2413 2398)
4(2397 2398 2413 2412)
4(2368 2383 2414 2399)
4(2398 2399 2414 2413)
4(2369 2384 2415 2400)
4(2399 2400 2415 2414)
4(2370 2385 2416 2401)
4(2400 2401 2416 2415)
4(2401 2402 2417 2416)
4(2371 2386 2417 2402)
4(2388 2403 2434 2419)
3(2418 2419 2434)
4(2389 2404 2435 2420)
4(2419 2420 2435 2434)
4(2390 2405 2436 2421)
4(2420 2421 2436 2435)
4(2391 2406 2437 2422)
4(2421 2422 2437 2436)
4(2392 2407 2438 2423)
4(2422 2423 2438 2437)
4(2393 2408 2439 2424)
4(2423 2424 2439 2438)
4(2394 2409 2440 2425)
4(2424 2425 2440 2439)
4(2395 2410 2441 2426)
4(2425 2426 2441 2440)
4(2396 2411 2442 2427)
4(2426 2427 2442 2441)
4(2397 2412 2443 2428)
4(2427 2428 2443 2442)
4(2398 2413 2444 2429)
4(2428 2429 2444 2443)
4(2399 2414 2445 2430)
4(2429 2430 2445 2444)
4(2400 2415 2446 2431)
4(2430 2431 2446 2445)
4(2401 2416 2447 2432)
4(2431 2432 2447 2446)
4(2432 2433 2448 2447)
4(2402 2417 2448 2433)
4(2419 2434 2465 2450)
3(2449 2450 2465)
4(2420 2435 2466 2451)
4(2450 2451 2466 2465)
4(2421 2436 2467 2452)
4(2451 2452 2467 2466)
4(2422 2437 2468 2453)
4(2452 2453 2468 2467)
4(2423 2438 2469 2454)
4(2453 2454 2469 2468)
4(2424 2439 2470 2455)
4(2454 2455 2470 2469)
4(2425 2440 2471 2456)
4(2455 2456 2471 2470)
4(2426 2441 2472 2457)
4(2456 2457 2472 2471)
4(2427 2442 2473 2458)
4(2457 2458 2473 2472)
4(2428 2443 2474 2459)
4(2458 2459 2474 2473)
4(2429 2444 2475 2460)
4(2459 2460 2475 2474)
4(2430 2445 2476 2461)
4(2460 2461 2476 2475)
4(2431 2446 2477 2462)
4(2461 2462 2477 2476)
4(2432 2447 2478 2463)
4(2462 2463 2478 2477)
4(2463 2464 2479 2478)
4(2433 2448 2479 2464)
4(2450 2465 2496 2481)
3(2480 2481 2496)
4(2451 2466 2497 2482)
4(2481 2482 2497 2496)
4(2452 2467 2498 2483)
4(2482 2483 2498 2497)
4(2453 2468 2499 2484)
4(2483 2484 2499 2498)
4(2454 2469 2500 2485)
4(2484 2485 2500 2499)
4(2455 2470 2501 2486)
4(2485 2486 2501 2500)
4(2456 2471 2502 2487)
4(2486 2487 2502 2501)
4(2457 2472 2503 2488)
4(2487 2488 2503 2502)
4(2458 2473 2504 2489)
4(2488 2489 2504 2503)
4(2459 2474 2505 2490)
4(2489 2490 2505 2504)
4(2460 2475 2506 2491)
4(2490 2491 2506 2505)
4(2461 2476 2507 2492)
4(2491 2492 2507 2506)
4(2462 2477 2508 2493)
4(2492 2493 2508 2507)
4(2463 2478 2509 2494)
4(2493 2494 2509 2508)
4(2494 2495 2510 2509)
4(2464 2479 2510 2495)
4(2481 2496 2527 2512)
3(2511 2512 2527)
4(2482 2497 2528 2513)
4(2512 2513 2528 2527)
4(2483 2498 2529 2514)
4(2513 2514 2529 2528)
4(2484 2499 2530 2515)
4(2514 2515 2530 2529)
4(2485 2500 2531 2516)
4(2515 2516 2531 2530)
4(2486 2501 2532 2517)
4(2516 2517 2532 2531)
4(2487 2502 2533 2518)
4(2517 2518 2533 2532)
4(2488 2503 2534 2519)
4(2518 2519 2534 2533)
4(2489 2504 2535 2520)
4(2519 2520 2535 2534)
4(2490 2505 2536 2521)
4(2520 2521 2536 2535)
4(2491 2506 2537 2522)
4(2521 2522 2537 2536)
4(2492 2507 2538 2523)
4(2522 2523 2538 2537)
4(2493 2508 2539 2524)
4(2523 2524 2539 2538)
4(2494 2509 2540 2525)
4(2524 2525 2540 2539)
4(2525 2526 2541 2540)
4(2495 2510 2541 2526)
4(2512 2527 2558 2543)
3(2542 2543 2558)
4(2513 2528 2559 2544)
4(2543 2544 2559 2558)
4(2514 2529 2560 2545)
4(2544 2545 2560 2559)
4(2515 2530 2561 2546)
4(2545 2546 2561 2560)
4(2516 2531 2562 2547)
4(2546 2547 2562 2561)
4(2517 2532 2563 2548)
4(2547 2548 2563 2562)
4(2518 2533 2564 2549)
4(2548 2549 2564 2563)
4(2519 2534 2565 2550)
4(2549 2550 2565 2564)
4(2520 2535 2566 2551)
4(2550 2551 2566 2565)
4(2521 2536 2567 2552)
4(2551 2552 2567 2566)
4(2522 2537 2568 2553)
4(2552 2553 2568 2567)
4(2523 2538 2569 2554)
4(2553 2554 2569 2568)
4(2524 2539 2570 2555)
4(2554 2555 2570 2569)
4(2525 2540 2571 2556)
4(2555 2556 2571 2570)
4(2556 2557 2572 2571)
4(2526 2541 2572 2557)
4(2543 2558 2589 2574)
3(2573 2574 2589)
4(2544 2559 2590 2575)
4(2574 2575 2590 2589)
4(2545 2560 2591 2576)
4(2575 2576 2591 2590)
4(2546 2561 2592 2577)
4(2576 2577 2592 2591)
4(2547 2562 2593 2578)
4(2577 2578 2593 2592)
4(2548 2563 2594 2579)
4(2578 2579 2594 2593)
4(2549 2564 2595 2580)
4(2579 2580 2595 2594)
4(2550 2565 2596 2581)
4(2580 2581 2596 2595)
4(2551 2566 2597 2582)
4(2581 2582 2597 2596)
4(2552 2567 2598 2583)
4(2582 2583 2598 2597)
4(2553 2568 2599 2584)
4(2583 2584 2599 2598)
4(2554 2569 2600 2585)
4(2584 2585 2600 2599)
4(2555 2570 2601 2586)
4(2585 2586 2601 2600)
4(2556 2571 2602 2587)
4(2586 2587 2602 2601)
4(2587 2588 2603 2602)
4(2557 2572 2603 2588)
4(2574 2589 2620 2605)
3(2604 2605 2620)
4(2575 2590 2621 2606)
4(2605 2606 2621 2620)
4(2576 2591 2622 2607)
4(2606 2607 2622 2621)
4(2577 2592 2623 2608)
4(2607 2608 2623 2622)
4(2578 2593 2624 2609)
4(2608 2609 2624 2623)
4(2579 2594 2625 2610)
4(2609 2610 2625 2624)
4(2580 2595 2626 2611)
4(2610 2611 2626 2625)
4(2581 2596 2627 2612)
4(2611 2612 2627 2626)
4(2582 2597 2628 2613)
4(2612 2613 2628 2627)
4(2583 2598 2629 2614)
4(2613 2614 2629 2628)
4(2584 2599 2630 2615)
4(2614 2615 2630 2629)
4(2585 2600 2631 2616)
4(2615 2616 2631 2630)
4(2586 2601 2632 2617)
4(2616 2617 2632 2631)
4(2587 2602 2633 2618)
4(2617 2618 2633 2632)
4(2618 2619 2634 2633)
4(2588 2603 2634 2619)
4(2605 2620 2651 2636)
3(2635 2636 2651)
4(2606 2621 2652 2637)
4(2636 2637 2652 2651)
4(2607 2622 2653 2638)
4(2637 2638 2653 2652)
4(2608 2623 2654 2639)
4(2638 2639 2654 2653)
4(2609 2624 2655 2640)
4(2639 2640 2655 2654)
4(2610 2625 2656 2641)
4(2640 2641 2656 2655)
4(2611 2626 2657 2642)
4(2641 2642 2657 2656)
4(2612 2627 2658 2643)
4(2642 2643 2658 2657)
4(2613 2628 2659 2644)
4(2643 2644 2659 2658)
4(2614 2629 2660 2645)
4(2644 2645 2660 2659)
4(2615 2630 2661 2646)
4(2645 2646 2661 2660)
4(2616 2631 2662 2647)
4(2646 2647 2662 2661)
4(2617 2632 2663 2648)
4(2647 2648 2663 2662)
4(2618 2633 2664 2649)
4(2648 2649 2664 2663)
4(2649 2650 2665 2664)
4(2619 2634 2665 2650)
4(2636 2651 2682 2667)
3(2666 2667 2682)
4(2637 2652 2683 2668)
4(2667 2668 2683 2682)
4(2638 2653 2684 2669)
4(2668 2669 2684 2683)
4(2639 2654 2685 2670)
4(2669 2670 2685 2684)
4(2640 2655 2686 2671)
4(2670 2671 2686 2685)
4(2641 2656 2687 2672)
4(2671 2672 2687 2686)
4(2642 2657 2688 2673)
4(2672 2673 2688 2687)
4(2643 2658 2689 2674)
4(2673 2674 2689 2688)
4(2644 2659 2690 2675)
4(2674 2675 2690 2689)
4(2645 2660 2691 2676)
4(2675 2676 2691 2690)
4(2646 2661 2692 2677)
4(2676 2677 2692 2691)
4(2647 2662 2693 2678)
4(2677 2678 2693 2692)
4(2648 2663 2694 2679)
4(2678 2679 2694 2693)
4(2649 2664 2695 2680)
4(2679 2680 2695 2694)
4(2680 2681 2696 2695)
4(2650 2665 2696 2681)
4(2667 2682 2713 2698)
3(2697 2698 2713)
4(2668 2683 2714 2699)
4(2698 2699 2714 2713)
4(2669 2684 2715 2700)
4(2699 2700 2715 2714)
4(2670 2685 2716 2701)
4(2700 2701 2716 2715)
4(2671 2686 2717 2702)
4(2701 2702 2717 2716)
4(2672 2687 2718 2703)
4(2702 2703 2718 2717)
4(2673 2688 2719 2704)
4(2703 2704 2719 2718)
4(2674 2689 2720 2705)
4(2704 2705 2720 2719)
4(2675 2690 2721 2706)
4(2705 2706 2721 2720)
4(2676 2691 2722 2707)
4(2706 2707 2722 2721)
4(2677 2692 2723 2708)
4(2707 2708 2723 2722)
4(2678 2693 2724 2709)
4(2708 2709 2724 2723)
4(2679 2694 2725 2710)
4(2709 2710 2725 2724)
4(2680 2695 2726 2711)
4(2710 2711 2726 2725)
4(2711 2712 2727 2726)
4(2681 2696 2727 2712)
4(2698 2713 2744 2729)
3(2728 2729 2744)
4(2699 2714 2745 2730)
4(2729 2730 2745 2744)
4(2700 2715 2746 2731)
4(2730 2731 2746 2745)
4(2701 2716 2747 2732)
4(2731 2732 2747 2746)
4(2702 2717 2748 2733)
4(2732 2733 2748 2747)
4(2703 2718 2749 2734)
4(2733 2734 2749 2748)
4(2704 2719 2750 2735)
4(2734 2735 2750 2749)
4(2705 2720 2751 2736)
4(2735 2736 2751 2750)
4(2706 2721 2752 2737)
4(2736 2737 2752 2751)
4(2707 2722 2753 2738)
4(2737 2738 2753 2752)
4(2708 2723 2754 2739)
4(2738 2739 2754 2753)
4(2709 2724 2755 2740)
4(2739 2740 2755 2754)
4(2710 2725 2756 2741)
4(2740 2741 2756 2755)
4(2711 2726 2757 2742)
4(2741 2742 2757 2756)
4(2742 2743 2758 2757)
4(2712 2727 2758 2743)
4(2729 2744 2775 2760)
3(2759 2760 2775)
4(2730 2745 2776 2761)
4(2760 2761 2776 2775)
4(2731 2746 2777 2762)
4(2761 2762 2777 2776)
4(2732 2747 2778 2763)
4(2762 2763 2778 2777)
4(2733 2748 2779 2764)
4(2763 2764 2779 2778)
4(2734 2749 2780 2765)
4(2764 2765 2780 2779)
4(2735 2750 2781 2766)
4(2765 2766 2781 2780)
4(2736 2751 2782 2767)
4(2766 2767 2782 2781)
4(2737 2752 2783 2768)
4(2767 2768 2783 2782)
4(2738 2753 2784 2769)
4(2768 2769 2784 2783)
4(2739 2754 2785 2770)
4(2769 2770 2785 2784)
4(2740 2755 2786 2771)
4(2770 2771 2786 2785)
4(2741 2756 2787 2772)
4(2771 2772 2787 2786)
4(2742 2757 2788 2773)
4(2772 2773 2788 2787)
4(2773 2774 2789 2788)
4(2743 2758 2789 2774)
4(2760 2775 2806 2791)
3(2790 2791 2806)
4(2761 2776 2807 2792)
4(2791 2792 2807 2806)
4(2762 2777 2808 2793)
4(2792 2793 2808 2807)
4(2763 2778 2809 2794)
4(2793 2794 2809 2808)
4(2764 2779 2810 2795)
4(2794 2795 2810 2809)
4(2765 2780 2811 2796)
4(2795 2796 2811 2810)
4(2766 2781 2812 2797)
4(2796 2797 2812 2811)
4(2767 2782 2813 2798)
4(2797 2798 2813 2812)
4(2768 2783 2814 2799)
4(2798 2799 2814 2813)
4(2769 2784 2815 2800)
4(2799 2800 2815 2814)
4(2770 2785 2816 2801)
4(2800 2801 2816 2815)
4(2771 2786 2817 2802)
4(2801 2802 2817 2816)
4(2772 2787 2818 2803)
4(2802 2803 2818 2817)
4(2773 2788 2819 2804)
4(2803 2804 2819 2818)
4(2804 2805 2820 2819)
4(2774 2789 2820 2805)
4(2791 2806 2837 2822)
3(2821 2822 2837)
4(2792 2807 2838 2823)
4(2822 2823 2838 2837)
4(2793 2808 2839 2824)
4(2823 2824 2839 2838)
4(2794 2809 2840 2825)
4(2824 2825 2840 2839)
4(2795 2810 2841 2826)
4(2825 2826 2841 2840)
4(2796 2811 2842 2827)
4(2826 2827 2842 2841)
4(2797 2812 2843 2828)
4(2827 2828 2843 2842)
4(2798 2813 2844 2829)
4(2828 2829 2844 2843)
4(2799 2814 2845 2830)
4(2829 2830 2845 2844)
4(2800 2815 2846 2831)
4(2830 2831 2846 2845)
4(2801 2816 2847 2832)
4(2831 2832 2847 2846)
4(2802 2817 2848 2833)
4(2832 2833 2848 2847)
4(2803 2818 2849 2834)
4(2833 2834 2849 2848)
4(2804 2819 2850 2835)
4(2834 2835 2850 2849)
4(2835 2836 2851 2850)
4(2805 2820 2851 2836)
4(2822 2837 2868 2853)
3(2852 2853 2868)
4(2823 2838 2869 2854)
4(2853 2854 2869 2868)
4(2824 2839 2870 2855)
4(2854 2855 2870 2869)
4(2825 2840 2871 2856)
4(2855 2856 2871 2870)
4(2826 2841 2872 2857)
4(2856 2857 2872 2871)
4(2827 2842 2873 2858)
4(2857 2858 2873 2872)
4(2828 2843 2874 2859)
4(2858 2859 2874 2873)
4(2829 2844 2875 2860)
4(2859 2860 2875 2874)
4(2830 2845 2876 2861)
4(2860 2861 2876 2875)
4(2831 2846 2877 2862)
4(2861 2862 2877 2876)
4(2832 2847 2878 2863)
4(2862 2863 2878 2877)
4(2833 2848 2879 2864)
4(2863 2864 2879 2878)
4(2834 2849 2880 2865)
4(2864 2865 2880 2879)
4(2835 2850 2881 2866)
4(2865 2866 2881 2880)
4(2866 2867 2882 2881)
4(2836 2851 2882 2867)
4(2853 2868 2899 2884)
3(2883 2884 2899)
4(2854 2869 2900 2885)
4(2884 2885 2900 2899)
4(2855 2870 2901 2886)
4(2885 2886 2901 2900)
4(2856 2871 2902 2887)
4(2886 2887 2902 2901)
4(2857 2872 2903 2888)
4(2887 2888 2903 2902)
4(2858 2873 2904 2889)
4(2888 2889 2904 2903)
4(2859 2874 2905 2890)
4(2889 2890 2905 2904)
4(2860 2875 2906 2891)
4(2890 2891 2906 2905)
4(2861 2876 2907 2892)
4(2891 2892 2907 2906)
4(2862 2877 2908 2893)
4(2892 2893 2908 2907)
4(2863 2878 2909 2894)
4(2893 2894 2909 2908)
4(2864 2879 2910 2895)
4(2894 2895 2910 2909)
4(2865 2880 2911 2896)
4(2895 2896 2911 2910)
4(2866 2881 2912 2897)
4(2896 2897 2912 2911)
4(2897 2898 2913 2912)
4(2867 2882 2913 2898)
4(2884 2899 2930 2915)
3(2914 2915 2930)
4(2885 2900 2931 2916)
4(2915 2916 2931 2930)
4(2886 2901 2932 2917)
4(2916 2917 2932 2931)
4(2887 2902 2933 2918)
4(2917 2918 2933 2932)
4(2888 2903 2934 2919)
4(2918 2919 2934 2933)
4(2889 2904 2935 2920)
4(2919 2920 2935 2934)
4(2890 2905 2936 2921)
4(2920 2921 2936 2935)
4(2891 2906 2937 2922)
4(2921 2922 2937 2936)
4(2892 2907 2938 2923)
4(2922 2923 2938 2937)
4(2893 2908 2939 2924)
4(2923 2924 2939 2938)
4(2894 2909 2940 2925)
4(2924 2925 2940 2939)
4(2895 2910 2941 2926)
4(2925 2926 2941 2940)
4(2896 2911 2942 2927)
4(2926 2927 2942 2941)
4(2897 2912 2943 2928)
4(2927 2928 2943 2942)
4(2928 2929 2944 2943)
4(2898 2913 2944 2929)
4(2915 2930 2961 2946)
3(2945 2946 2961)
4(2916 2931 2962 2947)
4(2946 2947 2962 2961)
4(2917 2932 2963 2948)
4(2947 2948 2963 2962)
4(2918 2933 2964 2949)
4(2948 2949 2964 2963)
4(2919 2934 2965 2950)
4(2949 2950 2965 2964)
4(2920 2935 2966 2951)
4(2950 2951 2966 2965)
4(2921 2936 2967 2952)
4(2951 2952 2967 2966)
4(2922 2937 2968 2953)
4(2952 2953 2968 2967)
4(2923 2938 2969 2954)
4(2953 2954 2969 2968)
4(2924 2939 2970 2955)
4(2954 2955 2970 2969)
4(2925 2940 2971 2956)
4(2955 2956 2971 2970)
4(2926 2941 2972 2957)
4(2956 2957 2972 2971)
4(2927 2942 2973 2958)
4(2957 2958 2973 2972)
4(2928 2943 2974 2959)
4(2958 2959 2974 2973)
4(2959 2960 2975 2974)
4(2929 2944 2975 2960)
4(2946 2961 2992 2977)
3(2976 2977 2992)
4(2947 2962 2993 2978)
4(2977 2978 2993 2992)
4(2948 2963 2994 2979)
4(2978 2979 2994 2993)
4(2949 2964 2995 2980)
4(2979 2980 2995 2994)
4(2950 2965 2996 2981)
4(2980 2981 2996 2995)
4(2951 2966 2997 2982)
4(2981 2982 2997 2996)
4(2952 2967 2998 2983)
4(2982 2983 2998 2997)
4(2953 2968 2999 2984)
4(2983 2984 2999 2998)
4(2954 2969 3000 2985)
4(2984 2985 3000 2999)
4(2955 2970 3001 2986)
4(2985 2986 3001 3000)
4(2956 2971 3002 2987)
4(2986 2987 3002 3001)
4(2957 2972 3003 2988)
4(2987 2988 3003 3002)
4(2958 2973 3004 2989)
4(2988 2989 3004 3003)
4(2959 2974 3005 2990)
4(2989 2990 3005 3004)
4(2990 2991 3006 3005)
4(2960 2975 3006 2991)
4(2977 2992 3023 3008)
3(3007 3008 3023)
4(2978 2993 3024 3009)
4(3008 3009 3024 3023)
4(2979 2994 3025 3010)
4(3009 3010 3025 3024)
4(2980 2995 3026 3011)
4(3010 3011 3026 3025)
4(2981 2996 3027 3012)
4(3011 3012 3027 3026)
4(2982 2997 3028 3013)
4(3012 3013 3028 3027)
4(2983 2998 3029 3014)
4(3013 3014 3029 3028)
4(2984 2999 3030 3015)
4(3014 3015 3030 3029)
4(2985 3000 3031 3016)
4(3015 3016 3031 3030)
4(2986 3001 3032 3017)
4(3016 3017 3032 3031)
4(2987 3002 3033 3018)
4(3017 3018 3033 3032)
4(2988 3003 3034 3019)
4(3018 3019 3034 3033)
4(2989 3004 3035 3020)
4(3019 3020 3035 3034)
4(2990 3005 3036 3021)
4(3020 3021 3036 3035)
4(3021 3022 3037 3036)
4(2991 3006 3037 3022)
4(3008 3023 3054 3039)
3(3038 3039 3054)
4(3009 3024 3055 3040)
4(3039 3040 3055 3054)
4(3010 3025 3056 3041)
4(3040 3041 3056 3055)
4(3011 3026 3057 3042)
4(3041 3042 3057 3056)
4(3012 3027 3058 3043)
4(3042 3043 3058 3057)
4(3013 3028 3059 3044)
4(3043 3044 3059 3058)
4(3014 3029 3060 3045)
4(3044 3045 3060 3059)
4(3015 3030 3061 3046)
4(3045 3046 3061 3060)
4(3016 3031 3062 3047)
4(3046 3047 3062 3061)
4(3017 3032 3063 3048)
4(3047 3048 3063 3062)
4(3018 3033 3064 3049)
4(3048 3049 3064 3063)
4(3019 3034 3065 3050)
4(3049 3050 3065 3064)
4(3020 3035 3066 3051)
4(3050 3051 3066 3065)
4(3021 3036 3067 3052)
4(3051 3052 3067 3066)
4(3052 3053 3068 3067)
4(3022 3037 3068 3053)
4(3039 3054 3085 3070)
3(3069 3070 3085)
4(3040 3055 3086 3071)
4(3070 3071 3086 3085)
4(3041 3056 3087 3072)
4(3071 3072 3087 3086)
4(3042 3057 3088 3073)
4(3072 3073 3088 3087)
4(3043 3058 3089 3074)
4(3073 3074 3089 3088)
4(3044 3059 3090 3075)
4(3074 3075 3090 3089)
4(3045 3060 3091 3076)
4(3075 3076 3091 3090)
4(3046 3061 3092 3077)
4(3076 3077 3092 3091)
4(3047 3062 3093 3078)
4(3077 3078 3093 3092)
4(3048 3063 3094 3079)
4(3078 3079 3094 3093)
4(3049 3064 3095 3080)
4(3079 3080 3095 3094)
4(3050 3065 3096 3081)
4(3080 3081 3096 3095)
4(3051 3066 3097 3082)
4(3081 3082 3097 3096)
4(3052 3067 3098 3083)
4(3082 3083 3098 3097)
4(3083 3084 3099 3098)
4(3053 3068 3099 3084)
4(3070 3085 3116 3101)
3(3100 3101 3116)
4(3071 3086 3117 3102)
4(3101 3102 3117 3116)
4(3072 3087 3118 3103)
4(3102 3103 3118 3117)
4(3073 3088 3119 3104)
4(3103 3104 3119 3118)
4(3074 3089 3120 3105)
4(3104 3105 3120 3119)
4(3075 3090 3121 3106)
4(3105 3106 3121 3120)
4(3076 3091 3122 3107)
4(3106 3107 3122 3121)
4(3077 3092 3123 3108)
4(3107 3108 3123 3122)
4(3078 3093 3124 3109)
4(3108 3109 3124 3123)
4(3079 3094 3125 3110)
4(3109 3110 3125 3124)
4(3080 3095 3126 3111)
4(3110 3111 3126 3125)
4(3081 3096 3127 3112)
4(3111 3112 3127 3126)
4(3082 3097 3128 3113)
4(3112 3113 3128 3127)
4(3083 3098 3129 3114)
4(3113 3114 3129 3128)
4(3114 3115 3130 3129)
4(3084 3099 3130 3115)
4(3101 3116 3147 3132)
3(3131 3132 3147)
4(3102 3117 3148 3133)
4(3132 3133 3148 3147)
4(3103 3118 3149 3134)
4(3133 3134 3149 3148)
4(3104 3119 3150 3135)
4(3134 3135 3150 3149)
4(3105 3120 3151 3136)
4(3135 3136 3151 3150)
4(3106 3121 3152 3137)
4(3136 3137 3152 3151)
4(3107 3122 3153 3138)
4(3137 3138 3153 3152)
4(3108 3123 3154 3139)
4(3138 3139 3154 3153)
4(3109 3124 3155 3140)
4(3139 3140 3155 3154)
4(3110 3125 3156 3141)
4(3140 3141 3156 3155)
4(3111 3126 3157 3142)
4(3141 3142 3157 3156)
4(3112 3127 3158 3143)
4(3142 3143 3158 3157)
4(3113 3128 3159 3144)
4(3143 3144 3159 3158)
4(3114 3129 3160 3145)
4(3144 3145 3160 3159)
4(3145 3146 3161 3160)
4(3115 3130 3161 3146)
4(3132 3147 3178 3163)
3(3162 3163 3178)
4(3133 3148 3179 3164)
4(3163 3164 3179 3178)
4(3134 3149 3180 3165)
4(3164 3165 3180 3179)
4(3135 3150 3181 3166)
4(3165 3166 3181 3180)
4(3136 3151 3182 3167)
4(3166 3167 3182 3181)
4(3137 3152 3183 3168)
4(3167 3168 3183 3182)
4(3138 3153 3184 3169)
4(3168 3169 3184 3183)
4(3139 3154 3185 3170)
4(3169 3170 3185 3184)
4(3140 3155 3186 3171)
4(3170 3171 3186 3185)
4(3141 3156 3187 3172)
4(3171 3172 3187 3186)
4(3142 3157 3188 3173)
4(3172 3173 3188 3187)
4(3143 3158 3189 3174)
4(3173 3174 3189 3188)
4(3144 3159 3190 3175)
4(3174 3175 3190 3189)
4(3145 3160 3191 3176)
4(3175 3176 3191 3190)
4(3176 3177 3192 3191)
4(3146 3161 3192 3177)
4(3163 3178 3209 3194)
3(3193 3194 3209)
4(3164 3179 3210 3195)
4(3194 3195 3210 3209)
4(3165 3180 3211 3196)
4(3195 3196 3211 3210)
4(3166 3181 3212 3197)
4(3196 3197 3212 3211)
4(3167 3182 3213 3198)
4(3197 3198 3213 3212)
4(3168 3183 3214 3199)
4(3198 3199 3214 3213)
4(3169 3184 3215 3200)
4(3199 3200 3215 3214)
4(3170 3185 3216 3201)
4(3200 3201 3216 3215)
4(3171 3186 3217 3202)
4(3201 3202 3217 3216)
4(3172 3187 3218 3203)
4(3202 3203 3218 3217)
4(3173 3188 3219 3204)
4(3203 3204 3219 3218)
4(3174 3189 3220 3205)
4(3204 3205 3220 3219)
4(3175 3190 3221 3206)
4(3205 3206 3221 3220)
4(3176 3191 3222 3207)
4(3206 3207 3222 3221)
4(3207 3208 3223 3222)
4(3177 3192 3223 3208)
4(3194 3209 3240 3225)
3(3224 3225 3240)
4(3195 3210 3241 3226)
4(3225 3226 3241 3240)
4(3196 3211 3242 3227)
4(3226 3227 3242 3241)
4(3197 3212 3243 3228)
4(3227 3228 3243 3242)
4(3198 3213 3244 3229)
4(3228 3229 3244 3243)
4(3199 3214 3245 3230)
4(3229 3230 3245 3244)
4(3200 3215 3246 3231)
4(3230 3231 3246 3245)
4(3201 3216 3247 3232)
4(3231 3232 3247 3246)
4(3202 3217 3248 3233)
4(3232 3233 3248 3247)
4(3203 3218 3249 3234)
4(3233 3234 3249 3248)
4(3204 3219 3250 3235)
4(3234 3235 3250 3249)
4(3205 3220 3251 3236)
4(3235 3236 3251 3250)
4(3206 3221 3252 3237)
4(3236 3237 3252 3251)
4(3207 3222 3253 3238)
4(3237 3238 3253 3252)
4(3238 3239 3254 3253)
4(3208 3223 3254 3239)
4(3225 3240 3271 3256)
3(3255 3256 3271)
4(3226 3241 3272 3257)
4(3256 3257 3272 3271)
4(3227 3242 3273 3258)
4(3257 3258 3273 3272)
4(3228 3243 3274 3259)
4(3258 3259 3274 3273)
4(3229 3244 3275 3260)
4(3259 3260 3275 3274)
4(3230 3245 3276 3261)
4(3260 3261 3276 3275)
4(3231 3246 3277 3262)
4(3261 3262 3277 3276)
4(3232 3247 3278 3263)
4(3262 3263 3278 3277)
4(3233 3248 3279 3264)
4(3263 3264 3279 3278)
4(3234 3249 3280 3265)
4(3264 3265 3280 3279)
4(3235 3250 3281 3266)
4(3265 3266 3281 3280)
4(3236 3251 3282 3267)
4(3266 3267 3282 3281)
4(3237 3252 3283 3268)
4(3267 3268 3283 3282)
4(3238 3253 3284 3269)
4(3268 3269 3284 3283)
4(3269 3270 3285 3284)
4(3239 3254 3285 3270)
4(3256 3271 3302 3287)
3(3286 3287 3302)
4(3257 3272 3303 3288)
4(3287 3288 3303 3302)
4(3258 3273 3304 3289)
4(3288 3289 3304 3303)
4(3259 3274 3305 3290)
4(3289 3290 3305 3304)
4(3260 3275 3306 3291)
4(3290 3291 3306 3305)
4(3261 3276 3307 3292)
4(3291 3292 3307 3306)
4(3262 3277 3308 3293)
4(3292 3293 3308 3307)
4(3263 3278 3309 3294)
4(3293 3294 3309 3308)
4(3264 3279 3310 3295)
4(3294 3295 3310 3309)
4(3265 3280 3311 3296)
4(3295 3296 3311 3310)
4(3266 3281 3312 3297)
4(3296 3297 3312 3311)
4(3267 3282 3313 3298)
4(3297 3298 3313 3312)
4(3268 3283 3314 3299)
4(3298 3299 3314 3313)
4(3269 3284 3315 3300)
4(3299 3300 3315 3314)
4(3300 3301 3316 3315)
4(3270 3285 3316 3301)
4(3287 3302 3333 3318)
3(3317 3318 3333)
4(3288 3303 3334 3319)
4(3318 3319 3334 3333)
4(3289 3304 3335 3320)
4(3319 3320 3335 3334)
4(3290 3305 3336 3321)
4(3320 3321 3336 3335)
4(3291 3306 3337 3322)
4(3321 3322 3337 3336)
4(3292 3307 3338 3323)
4(3322 3323 3338 3337)
4(3293 3308 3339 3324)
4(3323 3324 3339 3338)
4(3294 3309 3340 3325)
4(3324 3325 3340 3339)
4(3295 3310 3341 3326)
4(3325 3326 3341 3340)
4(3296 3311 3342 3327)
4(3326 3327 3342 3341)
4(3297 3312 3343 3328)
4(3327 3328 3343 3342)
4(3298 3313 3344 3329)
4(3328 3329 3344 3343)
4(3299 3314 3345 3330)
4(3329 3330 3345 3344)
4(3300 3315 3346 3331)
4(3330 3331 3346 3345)
4(3331 3332 3347 3346)
4(3301 3316 3347 3332)
4(3318 3333 3364 3349)
3(3348 3349 3364)
4(3319 3334 3365 3350)
4(3349 3350 3365 3364)
4(3320 3335 3366 3351)
4(3350 3351 3366 3365)
4(3321 3336 3367 3352)
4(3351 3352 3367 3366)
4(3322 3337 3368 3353)
4(3352 3353 3368 3367)
4(3323 3338 3369 3354)
4(3353 3354 3369 3368)
4(3324 3339 3370 3355)
4(3354 3355 3370 3369)
4(3325 3340 3371 3356)
4(3355 3356 3371 3370)
4(3326 3341 3372 3357)
4(3356 3357 3372 3371)
4(3327 3342 3373 3358)
4(3357 3358 3373 3372)
4(3328 3343 3374 3359)
4(3358 3359 3374 3373)
4(3329 3344 3375 3360)
4(3359 3360 3375 3374)
4(3330 3345 3376 3361)
4(3360 3361 3376 3375)
4(3331 3346 3377 3362)
4(3361 3362 3377 3376)
4(3362 3363 3378 3377)
4(3332 3347 3378 3363)
4(3349 3364 3395 3380)
3(3379 3380 3395)
4(3350 3365 3396 3381)
4(3380 3381 3396 3395)
4(3351 3366 3397 3382)
4(3381 3382 3397 3396)
4(3352 3367 3398 3383)
4(3382 3383 3398 3397)
4(3353 3368 3399 3384)
4(3383 3384 3399 3398)
4(3354 3369 3400 3385)
4(3384 3385 3400 3399)
4(3355 3370 3401 3386)
4(3385 3386 3401 3400)
4(3356 3371 3402 3387)
4(3386 3387 3402 3401)
4(3357 3372 3403 3388)
4(3387 3388 3403 3402)
4(3358 3373 3404 3389)
4(3388 3389 3404 3403)
4(3359 3374 3405 3390)
4(3389 3390 3405 3404)
4(3360 3375 3406 3391)
4(3390 3391 3406 3405)
4(3361 3376 3407 3392)
4(3391 3392 3407 3406)
4(3362 3377 3408 3393)
4(3392 3393 3408 3407)
4(3393 3394 3409 3408)
4(3363 3378 3409 3394)
4(3380 3395 3426 3411)
3(3410 3411 3426)
4(3381 3396 3427 3412)
4(3411 3412 3427 3426)
4(3382 3397 3428 3413)
4(3412 3413 3428 3427)
4(3383 3398 3429 3414)
4(3413 3414 3429 3428)
4(3384 3399 3430 3415)
4(3414 3415 3430 3429)
4(3385 3400 3431 3416)
4(3415 3416 3431 3430)
4(3386 3401 3432 3417)
4(3416 3417 3432 3431)
4(3387 3402 3433 3418)
4(3417 3418 3433 3432)
4(3388 3403 3434 3419)
4(3418 3419 3434 3433)
4(3389 3404 3435 3420)
4(3419 3420 3435 3434)
4(3390 3405 3436 3421)
4(3420 3421 3436 3435)
4(3391 3406 3437 3422)
4(3421 3422 3437 3436)
4(3392 3407 3438 3423)
4(3422 3423 3438 3437)
4(3393 3408 3439 3424)
4(3423 3424 3439 3438)
4(3424 3425 3440 3439)
4(3394 3409 3440 3425)
4(3411 3426 3457 3442)
3(3441 3442 3457)
4(3412 3427 3458 3443)
4(3442 3443 3458 3457)
4(3413 3428 3459 3444)
4(3443 3444 3459 3458)
4(3414 3429 3460 3445)
4(3444 3445 3460 3459)
4(3415 3430 3461 3446)
4(3445 3446 3461 3460)
4(3416 3431 3462 3447)
4(3446 3447 3462 3461)
4(3417 3432 3463 3448)
4(3447 3448 3463 3462)
4(3418 3433 3464 3449)
4(3448 3449 3464 3463)
4(3419 3434 3465 3450)
4(3449 3450 3465 3464)
4(3420 3435 3466 3451)
4(3450 3451 3466 3465)
4(3421 3436 3467 3452)
4(3451 3452 3467 3466)
4(3422 3437 3468 3453)
4(3452 3453 3468 3467)
4(3423 3438 3469 3454)
4(3453 3454 3469 3468)
4(3424 3439 3470 3455)
4(3454 3455 3470 3469)
4(3455 3456 3471 3470)
4(3425 3440 3471 3456)
4(3442 3457 3488 3473)
3(3472 3473 3488)
4(3443 3458 3489 3474)
4(3473 3474 3489 3488)
4(3444 3459 3490 3475)
4(3474 3475 3490 3489)
4(3445 3460 3491 3476)
4(3475 3476 3491 3490)
4(3446 3461 3492 3477)
4(3476 3477 3492 3491)
4(3447 3462 3493 3478)
4(3477 3478 3493 3492)
4(3448 3463 3494 3479)
4(3478 3479 3494 3493)
4(3449 3464 3495 3480)
4(3479 3480 3495 3494)
4(3450 3465 3496 3481)
4(3480 3481 3496 3495)
4(3451 3466 3497 3482)
4(3481 3482 3497 3496)
4(3452 3467 3498 3483)
4(3482 3483 3498 3497)
4(3453 3468 3499 3484)
4(3483 3484 3499 3498)
4(3454 3469 3500 3485)
4(3484 3485 3500 3499)
4(3455 3470 3501 3486)
4(3485 3486 3501 3500)
4(3486 3487 3502 3501)
4(3456 3471 3502 3487)
4(3473 3488 3519 3504)
3(3503 3504 3519)
4(3474 3489 3520 3505)
4(3504 3505 3520 3519)
4(3475 3490 3521 3506)
4(3505 3506 3521 3520)
4(3476 3491 3522 3507)
4(3506 3507 3522 3521)
4(3477 3492 3523 3508)
4(3507 3508 3523 3522)
4(3478 3493 3524 3509)
4(3508 3509 3524 3523)
4(3479 3494 3525 3510)
4(3509 3510 3525 3524)
4(3480 3495 3526 3511)
4(3510 3511 3526 3525)
4(3481 3496 3527 3512)
4(3511 3512 3527 3526)
4(3482 3497 3528 3513)
4(3512 3513 3528 3527)
4(3483 3498 3529 3514)
4(3513 3514 3529 3528)
4(3484 3499 3530 3515)
4(3514 3515 3530 3529)
4(3485 3500 3531 3516)
4(3515 3516 3531 3530)
4(3486 3501 3532 3517)
4(3516 3517 3532 3531)
4(3517 3518 3533 3532)
4(3487 3502 3533 3518)
4(3504 3519 3550 3535)
3(3534 3535 3550)
4(3505 3520 3551 3536)
4(3535 3536 3551 3550)
4(3506 3521 3552 3537)
4(3536 3537 3552 3551)
4(3507 3522 3553 3538)
4(3537 3538 3553 3552)
4(3508 3523 3554 3539)
4(3538 3539 3554 3553)
4(3509 3524 3555 3540)
4(3539 3540 3555 3554)
4(3510 3525 3556 3541)
4(3540 3541 3556 3555)
4(3511 3526 3557 3542)
4(3541 3542 3557 3556)
4(3512 3527 3558 3543)
4(3542 3543 3558 3557)
4(3513 3528 3559 3544)
4(3543 3544 3559 3558)
4(3514 3529 3560 3545)
4(3544 3545 3560 3559)
4(3515 3530 3561 3546)
4(3545 3546 3561 3560)
4(3516 3531 3562 3547)
4(3546 3547 3562 3561)
4(3517 3532 3563 3548)
4(3547 3548 3563 3562)
4(3548 3549 3564 3563)
4(3518 3533 3564 3549)
4(3535 3550 3581 3566)
3(3565 3566 3581)
4(3536 3551 3582 3567)
4(3566 3567 3582 3581)
4(3537 3552 3583 3568)
4(3567 3568 3583 3582)
4(3538 3553 3584 3569)
4(3568 3569 3584 3583)
4(3539 3554 3585 3570)
4(3569 3570 3585 3584)
4(3540 3555 3586 3571)
4(3570 3571 3586 3585)
4(3541 3556 3587 3572)
4(3571 3572 3587 3586)
4(3542 3557 3588 3573)
4(3572 3573 3588 3587)
4(3543 3558 3589 3574)
4(3573 3574 3589 3588)
4(3544 3559 3590 3575)
4(3574 3575 3590 3589)
4(3545 3560 3591 3576)
4(3575 3576 3591 3590)
4(3546 3561 3592 3577)
4(3576 3577 3592 3591)
4(3547 3562 3593 3578)
4(3577 3578 3593 3592)
4(3548 3563 3594 3579)
4(3578 3579 3594 3593)
4(3579 3580 3595 3594)
4(3549 3564 3595 3580)
4(3566 3581 3612 3597)
3(3596 3597 3612)
4(3567 3582 3613 3598)
4(3597 3598 3613 3612)
4(3568 3583 3614 3599)
4(3598 3599 3614 3613)
4(3569 3584 3615 3600)
4(3599 3600 3615 3614)
4(3570 3585 3616 3601)
4(3600 3601 3616 3615)
4(3571 3586 3617 3602)
4(3601 3602 3617 3616)
4(3572 3587 3618 3603)
4(3602 3603 3618 3617)
4(3573 3588 3619 3604)
4(3603 3604 3619 3618)
4(3574 3589 3620 3605)
4(3604 3605 3620 3619)
4(3575 3590 3621 3606)
4(3605 3606 3621 3620)
4(3576 3591 3622 3607)
4(3606 3607 3622 3621)
4(3577 3592 3623 3608)
4(3607 3608 3623 3622)
4(3578 3593 3624 3609)
4(3608 3609 3624 3623)
4(3579 3594 3625 3610)
4(3609 3610 3625 3624)
4(3610 3611 3626 3625)
4(3580 3595 3626 3611)
4(3597 3612 3643 3628)
3(3627 3628 3643)
4(3598 3613 3644 3629)
4(3628 3629 3644 3643)
4(3599 3614 3645 3630)
4(3629 3630 3645 3644)
4(3600 3615 3646 3631)
4(3630 3631 3646 3645)
4(3601 3616 3647 3632)
4(3631 3632 3647 3646)
4(3602 3617 3648 3633)
4(3632 3633 3648 3647)
4(3603 3618 3649 3634)
4(3633 3634 3649 3648)
4(3604 3619 3650 3635)
4(3634 3635 3650 3649)
4(3605 3620 3651 3636)
4(3635 3636 3651 3650)
4(3606 3621 3652 3637)
4(3636 3637 3652 3651)
4(3607 3622 3653 3638)
4(3637 3638 3653 3652)
4(3608 3623 3654 3639)
4(3638 3639 3654 3653)
4(3609 3624 3655 3640)
4(3639 3640 3655 3654)
4(3610 3625 3656 3641)
4(3640 3641 3656 3655)
4(3641 3642 3657 3656)
4(3611 3626 3657 3642)
4(3628 3643 3674 3659)
3(3658 3659 3674)
4(3629 3644 3675 3660)
4(3659 3660 3675 3674)
4(3630 3645 3676 3661)
4(3660 3661 3676 3675)
4(3631 3646 3677 3662)
4(3661 3662 3677 3676)
4(3632 3647 3678 3663)
4(3662 3663 3678 3677)
4(3633 3648 3679 3664)
4(3663 3664 3679 3678)
4(3634 3649 3680 3665)
4(3664 3665 3680 3679)
4(3635 3650 3681 3666)
4(3665 3666 3681 3680)
4(3636 3651 3682 3667)
4(3666 3667 3682 3681)
4(3637 3652 3683 3668)
4(3667 3668 3683 3682)
4(3638 3653 3684 3669)
4(3668 3669 3684 3683)
4(3639 3654 3685 3670)
4(3669 3670 3685 3684)
4(3640 3655 3686 3671)
4(3670 3671 3686 3685)
4(3641 3656 3687 3672)
4(3671 3672 3687 3686)
4(3672 3673 3688 3687)
4(3642 3657 3688 3673)
4(3659 3674 3705 3690)
3(3689 3690 3705)
4(3660 3675 3706 3691)
4(3690 3691 3706 3705)
4(3661 3676 3707 3692)
4(3691 3692 3707 3706)
4(3662 3677 3708 3693)
4(3692 3693 3708 3707)
4(3663 3678 3709 3694)
4(3693 3694 3709 3708)
4(3664 3679 3710 3695)
4(3694 3695 3710 3709)
4(3665 3680 3711 3696)
4(3695 3696 3711 3710)
4(3666 3681 3712 3697)
4(3696 3697 3712 3711)
4(3667 3682 3713 3698)
4(3697 3698 3713 3712)
4(3668 3683 3714 3699)
4(3698 3699 3714 3713)
4(3669 3684 3715 3700)
4(3699 3700 3715 3714)
4(3670 3685 3716 3701)
4(3700 3701 3716 3715)
4(3671 3686 3717 3702)
4(3701 3702 3717 3716)
4(3672 3687 3718 3703)
4(3702 3703 3718 3717)
4(3703 3704 3719 3718)
4(3673 3688 3719 3704)
4(3690 3705 3736 3721)
3(3720 3721 3736)
4(3691 3706 3737 3722)
4(3721 3722 3737 3736)
4(3692 3707 3738 3723)
4(3722 3723 3738 3737)
4(3693 3708 3739 3724)
4(3723 3724 3739 3738)
4(3694 3709 3740 3725)
4(3724 3725 3740 3739)
4(3695 3710 3741 3726)
4(3725 3726 3741 3740)
4(3696 3711 3742 3727)
4(3726 3727 3742 3741)
4(3697 3712 3743 3728)
4(3727 3728 3743 3742)
4(3698 3713 3744 3729)
4(3728 3729 3744 3743)
4(3699 3714 3745 3730)
4(3729 3730 3745 3744)
4(3700 3715 3746 3731)
4(3730 3731 3746 3745)
4(3701 3716 3747 3732)
4(3731 3732 3747 3746)
4(3702 3717 3748 3733)
4(3732 3733 3748 3747)
4(3703 3718 3749 3734)
4(3733 3734 3749 3748)
4(3734 3735 3750 3749)
4(3704 3719 3750 3735)
4(3721 3736 3767 3752)
3(3751 3752 3767)
4(3722 3737 3768 3753)
4(3752 3753 3768 3767)
4(3723 3738 3769 3754)
4(3753 3754 3769 3768)
4(3724 3739 3770 3755)
4(3754 3755 3770 3769)
4(3725 3740 3771 3756)
4(3755 3756 3771 3770)
4(3726 3741 3772 3757)
4(3756 3757 3772 3771)
4(3727 3742 3773 3758)
4(3757 3758 3773 3772)
4(3728 3743 3774 3759)
4(3758 3759 3774 3773)
4(3729 3744 3775 3760)
4(3759 3760 3775 3774)
4(3730 3745 3776 3761)
4(3760 3761 3776 3775)
4(3731 3746 3777 3762)
4(3761 3762 3777 3776)
4(3732 3747 3778 3763)
4(3762 3763 3778 3777)
4(3733 3748 3779 3764)
4(3763 3764 3779 3778)
4(3734 3749 3780 3765)
4(3764 3765 3780 3779)
4(3765 3766 3781 3780)
4(3735 3750 3781 3766)
4(3752 3767 3798 3783)
3(3782 3783 3798)
4(3753 3768 3799 3784)
4(3783 3784 3799 3798)
4(3754 3769 3800 3785)
4(3784 3785 3800 3799)
4(3755 3770 3801 3786)
4(3785 3786 3801 3800)
4(3756 3771 3802 3787)
4(3786 3787 3802 3801)
4(3757 3772 3803 3788)
4(3787 3788 3803 3802)
4(3758 3773 3804 3789)
4(3788 3789 3804 3803)
4(3759 3774 3805 3790)
4(3789 3790 3805 3804)
4(3760 3775 3806 3791)
4(3790 3791 3806 3805)
4(3761 3776 3807 3792)
4(3791 3792 3807 3806)
4(3762 3777 3808 3793)
4(3792 3793 3808 3807)
4(3763 3778 3809 3794)
4(3793 3794 3809 3808)
4(3764 3779 3810 3795)
4(3794 3795 3810 3809)
4(3765 3780 3811 3796)
4(3795 3796 3811 3810)
4(3796 3797 3812 3811)
4(3766 3781 3812 3797)
4(3783 3798 3829 3814)
3(3813 3814 3829)
4(3784 3799 3830 3815)
4(3814 3815 3830 3829)
4(3785 3800 3831 3816)
4(3815 3816 3831 3830)
4(3786 3801 3832 3817)
4(3816 3817 3832 3831)
4(3787 3802 3833 3818)
4(3817 3818 3833 3832)
4(3788 3803 3834 3819)
4(3818 3819 3834 3833)
4(3789 3804 3835 3820)
4(3819 3820 3835 3834)
4(3790 3805 3836 3821)
4(3820 3821 3836 3835)
4(3791 3806 3837 3822)
4(3821 3822 3837 3836)
4(3792 3807 3838 3823)
4(3822 3823 3838 3837)
4(3793 3808 3839 3824)
4(3823 3824 3839 3838)
4(3794 3809 3840 3825)
4(3824 3825 3840 3839)
4(3795 3810 3841 3826)
4(3825 3826 3841 3840)
4(3796 3811 3842 3827)
4(3826 3827 3842 3841)
4(3827 3828 3843 3842)
4(3797 3812 3843 3828)
4(3814 3829 3860 3845)
3(3844 3845 3860)
4(3815 3830 3861 3846)
4(3845 3846 3861 3860)
4(3816 3831 3862 3847)
4(3846 3847 3862 3861)
4(3817 3832 3863 3848)
4(3847 3848 3863 3862)
4(3818 3833 3864 3849)
4(3848 3849 3864 3863)
4(3819 3834 3865 3850)
4(3849 3850 3865 3864)
4(3820 3835 3866 3851)
4(3850 3851 3866 3865)
4(3821 3836 3867 3852)
4(3851 3852 3867 3866)
4(3822 3837 3868 3853)
4(3852 3853 3868 3867)
4(3823 3838 3869 3854)
4(3853 3854 3869 3868)
4(3824 3839 3870 3855)
4(3854 3855 3870 3869)
4(3825 3840 3871 3856)
4(3855 3856 3871 3870)
4(3826 3841 3872 3857)
4(3856 3857 3872 3871)
4(3827 3842 3873 3858)
4(3857 3858 3873 3872)
4(3858 3859 3874 3873)
4(3828 3843 3874 3859)
4(3845 3860 3891 3876)
3(3875 3876 3891)
4(3846 3861 3892 3877)
4(3876 3877 3892 3891)
4(3847 3862 3893 3878)
4(3877 3878 3893 3892)
4(3848 3863 3894 3879)
4(3878 3879 3894 3893)
4(3849 3864 3895 3880)
4(3879 3880 3895 3894)
4(3850 3865 3896 3881)
4(3880 3881 3896 3895)
4(3851 3866 3897 3882)
4(3881 3882 3897 3896)
4(3852 3867 3898 3883)
4(3882 3883 3898 3897)
4(3853 3868 3899 3884)
4(3883 3884 3899 3898)
4(3854 3869 3900 3885)
4(3884 3885 3900 3899)
4(3855 3870 3901 3886)
4(3885 3886 3901 3900)
4(3856 3871 3902 3887)
4(3886 3887 3902 3901)
4(3857 3872 3903 3888)
4(3887 3888 3903 3902)
4(3858 3873 3904 3889)
4(3888 3889 3904 3903)
4(3889 3890 3905 3904)
4(3859 3874 3905 3890)
4(3876 3891 3922 3907)
3(3906 3907 3922)
4(3877 3892 3923 3908)
4(3907 3908 3923 3922)
4(3878 3893 3924 3909)
4(3908 3909 3924 3923)
4(3879 3894 3925 3910)
4(3909 3910 3925 3924)
4(3880 3895 3926 3911)
4(3910 3911 3926 3925)
4(3881 3896 3927 3912)
4(3911 3912 3927 3926)
4(3882 3897 3928 3913)
4(3912 3913 3928 3927)
4(3883 3898 3929 3914)
4(3913 3914 3929 3928)
4(3884 3899 3930 3915)
4(3914 3915 3930 3929)
4(3885 3900 3931 3916)
4(3915 3916 3931 3930)
4(3886 3901 3932 3917)
4(3916 3917 3932 3931)
4(3887 3902 3933 3918)
4(3917 3918 3933 3932)
4(3888 3903 3934 3919)
4(3918 3919 3934 3933)
4(3889 3904 3935 3920)
4(3919 3920 3935 3934)
4(3920 3921 3936 3935)
4(3890 3905 3936 3921)
4(3907 3922 3953 3938)
3(3937 3938 3953)
4(3908 3923 3954 3939)
4(3938 3939 3954 3953)
4(3909 3924 3955 3940)
4(3939 3940 3955 3954)
4(3910 3925 3956 3941)
4(3940 3941 3956 3955)
4(3911 3926 3957 3942)
4(3941 3942 3957 3956)
4(3912 3927 3958 3943)
4(3942 3943 3958 3957)
4(3913 3928 3959 3944)
4(3943 3944 3959 3958)
4(3914 3929 3960 3945)
4(3944 3945 3960 3959)
4(3915 3930 3961 3946)
4(3945 3946 3961 3960)
4(3916 3931 3962 3947)
4(3946 3947 3962 3961)
4(3917 3932 3963 3948)
4(3947 3948 3963 3962)
4(3918 3933 3964 3949)
4(3948 3949 3964 3963)
4(3919 3934 3965 3950)
4(3949 3950 3965 3964)
4(3920 3935 3966 3951)
4(3950 3951 3966 3965)
4(3951 3952 3967 3966)
4(3921 3936 3967 3952)
4(3938 3953 3984 3969)
3(3968 3969 3984)
4(3939 3954 3985 3970)
4(3969 3970 3985 3984)
4(3940 3955 3986 3971)
4(3970 3971 3986 3985)
4(3941 3956 3987 3972)
4(3971 3972 3987 3986)
4(3942 3957 3988 3973)
4(3972 3973 3988 3987)
4(3943 3958 3989 3974)
4(3973 3974 3989 3988)
4(3944 3959 3990 3975)
4(3974 3975 3990 3989)
4(3945 3960 3991 3976)
4(3975 3976 3991 3990)
4(3946 3961 3992 3977)
4(3976 3977 3992 3991)
4(3947 3962 3993 3978)
4(3977 3978 3993 3992)
4(3948 3963 3994 3979)
4(3978 3979 3994 3993)
4(3949 3964 3995 3980)
4(3979 3980 3995 3994)
4(3950 3965 3996 3981)
4(3980 3981 3996 3995)
4(3951 3966 3997 3982)
4(3981 3982 3997 3996)
4(3982 3983 3998 3997)
4(3952 3967 3998 3983)
4(3969 3984 4015 4000)
3(3999 4000 4015)
4(3970 3985 4016 4001)
4(4000 4001 4016 4015)
4(3971 3986 4017 4002)
4(4001 4002 4017 4016)
4(3972 3987 4018 4003)
4(4002 4003 4018 4017)
4(3973 3988 4019 4004)
4(4003 4004 4019 4018)
4(3974 3989 4020 4005)
4(4004 4005 4020 4019)
4(3975 3990 4021 4006)
4(4005 4006 4021 4020)
4(3976 3991 4022 4007)
4(4006 4007 4022 4021)
4(3977 3992 4023 4008)
4(4007 4008 4023 4022)
4(3978 3993 4024 4009)
4(4008 4009 4024 4023)
4(3979 3994 4025 4010)
4(4009 4010 4025 4024)
4(3980 3995 4026 4011)
4(4010 4011 4026 4025)
4(3981 3996 4027 4012)
4(4011 4012 4027 4026)
4(3982 3997 4028 4013)
4(4012 4013 4028 4027)
4(4013 4014 4029 4028)
4(3983 3998 4029 4014)
4(4000 4015 4046 4031)
3(4030 4031 4046)
4(4001 4016 4047 4032)
4(4031 4032 4047 4046)
4(4002 4017 4048 4033)
4(4032 4033 4048 4047)
4(4003 4018 4049 4034)
4(4033 4034 4049 4048)
4(4004 4019 4050 4035)
4(4034 4035 4050 4049)
4(4005 4020 4051 4036)
4(4035 4036 4051 4050)
4(4006 4021 4052 4037)
4(4036 4037 4052 4051)
4(4007 4022 4053 4038)
4(4037 4038 4053 4052)
4(4008 4023 4054 4039)
4(4038 4039 4054 4053)
4(4009 4024 4055 4040)
4(4039 4040 4055 4054)
4(4010 4025 4056 4041)
4(4040 4041 4056 4055)
4(4011 4026 4057 4042)
4(4041 4042 4057 4056)
4(4012 4027 4058 4043)
4(4042 4043 4058 4057)
4(4013 4028 4059 4044)
4(4043 4044 4059 4058)
4(4044 4045 4060 4059)
4(4014 4029 4060 4045)
4(4031 4046 4077 4062)
3(4061 4062 4077)
4(4032 4047 4078 4063)
4(4062 4063 4078 4077)
4(4033 4048 4079 4064)
4(4063 4064 4079 4078)
4(4034 4049 4080 4065)
4(4064 4065 4080 4079)
4(4035 4050 4081 4066)
4(4065 4066 4081 4080)
4(4036 4051 4082 4067)
4(4066 4067 4082 4081)
4(4037 4052 4083 4068)
4(4067 4068 4083 4082)
4(4038 4053 4084 4069)
4(4068 4069 4084 4083)
4(4039 4054 4085 4070)
4(4069 4070 4085 4084)
4(4040 4055 4086 4071)
4(4070 4071 4086 4085)
4(4041 4056 4087 4072)
4(4071 4072 4087 4086)
4(4042 4057 4088 4073)
4(4072 4073 4088 4087)
4(4043 4058 4089 4074)
4(4073 4074 4089 4088)
4(4044 4059 4090 4075)
4(4074 4075 4090 4089)
4(4075 4076 4091 4090)
4(4045 4060 4091 4076)
4(4062 4077 4108 4093)
3(4092 4093 4108)
4(4063 4078 4109 4094)
4(4093 4094 4109 4108)
4(4064 4079 4110 4095)
4(4094 4095 4110 4109)
4(4065 4080 4111 4096)
4(4095 4096 4111 4110)
4(4066 4081 4112 4097)
4(4096 4097 4112 4111)
4(4067 4082 4113 4098)
4(4097 4098 4113 4112)
4(4068 4083 4114 4099)
4(4098 4099 4114 4113)
4(4069 4084 4115 4100)
4(4099 4100 4115 4114)
4(4070 4085 4116 4101)
4(4100 4101 4116 4115)
4(4071 4086 4117 4102)
4(4101 4102 4117 4116)
4(4072 4087 4118 4103)
4(4102 4103 4118 4117)
4(4073 4088 4119 4104)
4(4103 4104 4119 4118)
4(4074 4089 4120 4105)
4(4104 4105 4120 4119)
4(4075 4090 4121 4106)
4(4105 4106 4121 4120)
4(4106 4107 4122 4121)
4(4076 4091 4122 4107)
4(4093 4108 4139 4124)
3(4123 4124 4139)
4(4094 4109 4140 4125)
4(4124 4125 4140 4139)
4(4095 4110 4141 4126)
4(4125 4126 4141 4140)
4(4096 4111 4142 4127)
4(4126 4127 4142 4141)
4(4097 4112 4143 4128)
4(4127 4128 4143 4142)
4(4098 4113 4144 4129)
4(4128 4129 4144 4143)
4(4099 4114 4145 4130)
4(4129 4130 4145 4144)
4(4100 4115 4146 4131)
4(4130 4131 4146 4145)
4(4101 4116 4147 4132)
4(4131 4132 4147 4146)
4(4102 4117 4148 4133)
4(4132 4133 4148 4147)
4(4103 4118 4149 4134)
4(4133 4134 4149 4148)
4(4104 4119 4150 4135)
4(4134 4135 4150 4149)
4(4105 4120 4151 4136)
4(4135 4136 4151 4150)
4(4106 4121 4152 4137)
4(4136 4137 4152 4151)
4(4137 4138 4153 4152)
4(4107 4122 4153 4138)
4(4124 4139 4170 4155)
3(4154 4155 4170)
4(4125 4140 4171 4156)
4(4155 4156 4171 4170)
4(4126 4141 4172 4157)
4(4156 4157 4172 4171)
4(4127 4142 4173 4158)
4(4157 4158 4173 4172)
4(4128 4143 4174 4159)
4(4158 4159 4174 4173)
4(4129 4144 4175 4160)
4(4159 4160 4175 4174)
4(4130 4145 4176 4161)
4(4160 4161 4176 4175)
4(4131 4146 4177 4162)
4(4161 4162 4177 4176)
4(4132 4147 4178 4163)
4(4162 4163 4178 4177)
4(4133 4148 4179 4164)
4(4163 4164 4179 4178)
4(4134 4149 4180 4165)
4(4164 4165 4180 4179)
4(4135 4150 4181 4166)
4(4165 4166 4181 4180)
4(4136 4151 4182 4167)
4(4166 4167 4182 4181)
4(4137 4152 4183 4168)
4(4167 4168 4183 4182)
4(4168 4169 4184 4183)
4(4138 4153 4184 4169)
4(4155 4170 4201 4186)
3(4185 4186 4201)
4(4156 4171 4202 4187)
4(4186 4187 4202 4201)
4(4157 4172 4203 4188)
4(4187 4188 4203 4202)
4(4158 4173 4204 4189)
4(4188 4189 4204 4203)
4(4159 4174 4205 4190)
4(4189 4190 4205 4204)
4(4160 4175 4206 4191)
4(4190 4191 4206 4205)
4(4161 4176 4207 4192)
4(4191 4192 4207 4206)
4(4162 4177 4208 4193)
4(4192 4193 4208 4207)
4(4163 4178 4209 4194)
4(4193 4194 4209 4208)
4(4164 4179 4210 4195)
4(4194 4195 4210 4209)
4(4165 4180 4211 4196)
4(4195 4196 4211 4210)
4(4166 4181 4212 4197)
4(4196 4197 4212 4211)
4(4167 4182 4213 4198)
4(4197 4198 4213 4212)
4(4168 4183 4214 4199)
4(4198 4199 4214 4213)
4(4199 4200 4215 4214)
4(4169 4184 4215 4200)
4(4186 4201 4232 4217)
3(4216 4217 4232)
4(4187 4202 4233 4218)
4(4217 4218 4233 4232)
4(4188 4203 4234 4219)
4(4218 4219 4234 4233)
4(4189 4204 4235 4220)
4(4219 4220 4235 4234)
4(4190 4205 4236 4221)
4(4220 4221 4236 4235)
4(4191 4206 4237 4222)
4(4221 4222 4237 4236)
4(4192 4207 4238 4223)
4(4222 4223 4238 4237)
4(4193 4208 4239 4224)
4(4223 4224 4239 4238)
4(4194 4209 4240 4225)
4(4224 4225 4240 4239)
4(4195 4210 4241 4226)
4(4225 4226 4241 4240)
4(4196 4211 4242 4227)
4(4226 4227 4242 4241)
4(4197 4212 4243 4228)
4(4227 4228 4243 4242)
4(4198 4213 4244 4229)
4(4228 4229 4244 4243)
4(4199 4214 4245 4230)
4(4229 4230 4245 4244)
4(4230 4231 4246 4245)
4(4200 4215 4246 4231)
4(4217 4232 4263 4248)
3(4247 4248 4263)
4(4218 4233 4264 4249)
4(4248 4249 4264 4263)
4(4219 4234 4265 4250)
4(4249 4250 4265 4264)
4(4220 4235 4266 4251)
4(4250 4251 4266 4265)
4(4221 4236 4267 4252)
4(4251 4252 4267 4266)
4(4222 4237 4268 4253)
4(4252 4253 4268 4267)
4(4223 4238 4269 4254)
4(4253 4254 4269 4268)
4(4224 4239 4270 4255)
4(4254 4255 4270 4269)
4(4225 4240 4271 4256)
4(4255 4256 4271 4270)
4(4226 4241 4272 4257)
4(4256 4257 4272 4271)
4(4227 4242 4273 4258)
4(4257 4258 4273 4272)
4(4228 4243 4274 4259)
4(4258 4259 4274 4273)
4(4229 4244 4275 4260)
4(4259 4260 4275 4274)
4(4230 4245 4276 4261)
4(4260 4261 4276 4275)
4(4261 4262 4277 4276)
4(4231 4246 4277 4262)
4(4248 4263 4294 4279)
3(4278 4279 4294)
4(4249 4264 4295 4280)
4(4279 4280 4295 4294)
4(4250 4265 4296 4281)
4(4280 4281 4296 4295)
4(4251 4266 4297 4282)
4(4281 4282 4297 4296)
4(4252 4267 4298 4283)
4(4282 4283 4298 4297)
4(4253 4268 4299 4284)
4(4283 4284 4299 4298)
4(4254 4269 4300 4285)
4(4284 4285 4300 4299)
4(4255 4270 4301 4286)
4(4285 4286 4301 4300)
4(4256 4271 4302 4287)
4(4286 4287 4302 4301)
4(4257 4272 4303 4288)
4(4287 4288 4303 4302)
4(4258 4273 4304 4289)
4(4288 4289 4304 4303)
4(4259 4274 4305 4290)
4(4289 4290 4305 4304)
4(4260 4275 4306 4291)
4(4290 4291 4306 4305)
4(4261 4276 4307 4292)
4(4291 4292 4307 4306)
4(4292 4293 4308 4307)
4(4262 4277 4308 4293)
4(4279 4294 4325 4310)
3(4309 4310 4325)
4(4280 4295 4326 4311)
4(4310 4311 4326 4325)
4(4281 4296 4327 4312)
4(4311 4312 4327 4326)
4(4282 4297 4328 4313)
4(4312 4313 4328 4327)
4(4283 4298 4329 4314)
4(4313 4314 4329 4328)
4(4284 4299 4330 4315)
4(4314 4315 4330 4329)
4(4285 4300 4331 4316)
4(4315 4316 4331 4330)
4(4286 4301 4332 4317)
4(4316 4317 4332 4331)
4(4287 4302 4333 4318)
4(4317 4318 4333 4332)
4(4288 4303 4334 4319)
4(4318 4319 4334 4333)
4(4289 4304 4335 4320)
4(4319 4320 4335 4334)
4(4290 4305 4336 4321)
4(4320 4321 4336 4335)
4(4291 4306 4337 4322)
4(4321 4322 4337 4336)
4(4292 4307 4338 4323)
4(4322 4323 4338 4337)
4(4323 4324 4339 4338)
4(4293 4308 4339 4324)
4(4310 4325 4356 4341)
3(4340 4341 4356)
4(4311 4326 4357 4342)
4(4341 4342 4357 4356)
4(4312 4327 4358 4343)
4(4342 4343 4358 4357)
4(4313 4328 4359 4344)
4(4343 4344 4359 4358)
4(4314 4329 4360 4345)
4(4344 4345 4360 4359)
4(4315 4330 4361 4346)
4(4345 4346 4361 4360)
4(4316 4331 4362 4347)
4(4346 4347 4362 4361)
4(4317 4332 4363 4348)
4(4347 4348 4363 4362)
4(4318 4333 4364 4349)
4(4348 4349 4364 4363)
4(4319 4334 4365 4350)
4(4349 4350 4365 4364)
4(4320 4335 4366 4351)
4(4350 4351 4366 4365)
4(4321 4336 4367 4352)
4(4351 4352 4367 4366)
4(4322 4337 4368 4353)
4(4352 4353 4368 4367)
4(4323 4338 4369 4354)
4(4353 4354 4369 4368)
4(4354 4355 4370 4369)
4(4324 4339 4370 4355)
4(4341 4356 4387 4372)
3(4371 4372 4387)
4(4342 4357 4388 4373)
4(4372 4373 4388 4387)
4(4343 4358 4389 4374)
4(4373 4374 4389 4388)
4(4344 4359 4390 4375)
4(4374 4375 4390 4389)
4(4345 4360 4391 4376)
4(4375 4376 4391 4390)
4(4346 4361 4392 4377)
4(4376 4377 4392 4391)
4(4347 4362 4393 4378)
4(4377 4378 4393 4392)
4(4348 4363 4394 4379)
4(4378 4379 4394 4393)
4(4349 4364 4395 4380)
4(4379 4380 4395 4394)
4(4350 4365 4396 4381)
4(4380 4381 4396 4395)
4(4351 4366 4397 4382)
4(4381 4382 4397 4396)
4(4352 4367 4398 4383)
4(4382 4383 4398 4397)
4(4353 4368 4399 4384)
4(4383 4384 4399 4398)
4(4354 4369 4400 4385)
4(4384 4385 4400 4399)
4(4385 4386 4401 4400)
4(4355 4370 4401 4386)
4(4372 4387 4418 4403)
3(4402 4403 4418)
4(4373 4388 4419 4404)
4(4403 4404 4419 4418)
4(4374 4389 4420 4405)
4(4404 4405 4420 4419)
4(4375 4390 4421 4406)
4(4405 4406 4421 4420)
4(4376 4391 4422 4407)
4(4406 4407 4422 4421)
4(4377 4392 4423 4408)
4(4407 4408 4423 4422)
4(4378 4393 4424 4409)
4(4408 4409 4424 4423)
4(4379 4394 4425 4410)
4(4409 4410 4425 4424)
4(4380 4395 4426 4411)
4(4410 4411 4426 4425)
4(4381 4396 4427 4412)
4(4411 4412 4427 4426)
4(4382 4397 4428 4413)
4(4412 4413 4428 4427)
4(4383 4398 4429 4414)
4(4413 4414 4429 4428)
4(4384 4399 4430 4415)
4(4414 4415 4430 4429)
4(4385 4400 4431 4416)
4(4415 4416 4431 4430)
4(4416 4417 4432 4431)
4(4386 4401 4432 4417)
4(4403 4418 4449 4434)
3(4433 4434 4449)
4(4404 4419 4450 4435)
4(4434 4435 4450 4449)
4(4405 4420 4451 4436)
4(4435 4436 4451 4450)
4(4406 4421 4452 4437)
4(4436 4437 4452 4451)
4(4407 4422 4453 4438)
4(4437 4438 4453 4452)
4(4408 4423 4454 4439)
4(4438 4439 4454 4453)
4(4409 4424 4455 4440)
4(4439 4440 4455 4454)
4(4410 4425 4456 4441)
4(4440 4441 4456 4455)
4(4411 4426 4457 4442)
4(4441 4442 4457 4456)
4(4412 4427 4458 4443)
4(4442 4443 4458 4457)
4(4413 4428 4459 4444)
4(4443 4444 4459 4458)
4(4414 4429 4460 4445)
4(4444 4445 4460 4459)
4(4415 4430 4461 4446)
4(4445 4446 4461 4460)
4(4416 4431 4462 4447)
4(4446 4447 4462 4461)
4(4447 4448 4463 4462)
4(4417 4432 4463 4448)
4(4434 4449 4480 4465)
3(4464 4465 4480)
4(4435 4450 4481 4466)
4(4465 4466 4481 4480)
4(4436 4451 4482 4467)
4(4466 4467 4482 4481)
4(4437 4452 4483 4468)
4(4467 4468 4483 4482)
4(4438 4453 4484 4469)
4(4468 4469 4484 4483)
4(4439 4454 4485 4470)
4(4469 4470 4485 4484)
4(4440 4455 4486 4471)
4(4470 4471 4486 4485)
4(4441 4456 4487 4472)
4(4471 4472 4487 4486)
4(4442 4457 4488 4473)
4(4472 4473 4488 4487)
4(4443 4458 4489 4474)
4(4473 4474 4489 4488)
4(4444 4459 4490 4475)
4(4474 4475 4490 4489)
4(4445 4460 4491 4476)
4(4475 4476 4491 4490)
4(4446 4461 4492 4477)
4(4476 4477 4492 4491)
4(4447 4462 4493 4478)
4(4477 4478 4493 4492)
4(4478 4479 4494 4493)
4(4448 4463 4494 4479)
4(4465 4480 4511 4496)
3(4495 4496 4511)
4(4466 4481 4512 4497)
4(4496 4497 4512 4511)
4(4467 4482 4513 4498)
4(4497 4498 4513 4512)
4(4468 4483 4514 4499)
4(4498 4499 4514 4513)
4(4469 4484 4515 4500)
4(4499 4500 4515 4514)
4(4470 4485 4516 4501)
4(4500 4501 4516 4515)
4(4471 4486 4517 4502)
4(4501 4502 4517 4516)
4(4472 4487 4518 4503)
4(4502 4503 4518 4517)
4(4473 4488 4519 4504)
4(4503 4504 4519 4518)
4(4474 4489 4520 4505)
4(4504 4505 4520 4519)
4(4475 4490 4521 4506)
4(4505 4506 4521 4520)
4(4476 4491 4522 4507)
4(4506 4507 4522 4521)
4(4477 4492 4523 4508)
4(4507 4508 4523 4522)
4(4478 4493 4524 4509)
4(4508 4509 4524 4523)
4(4509 4510 4525 4524)
4(4479 4494 4525 4510)
4(4496 4511 4542 4527)
3(4526 4527 4542)
4(4497 4512 4543 4528)
4(4527 4528 4543 4542)
4(4498 4513 4544 4529)
4(4528 4529 4544 4543)
4(4499 4514 4545 4530)
4(4529 4530 4545 4544)
4(4500 4515 4546 4531)
4(4530 4531 4546 4545)
4(4501 4516 4547 4532)
4(4531 4532 4547 4546)
4(4502 4517 4548 4533)
4(4532 4533 4548 4547)
4(4503 4518 4549 4534)
4(4533 4534 4549 4548)
4(4504 4519 4550 4535)
4(4534 4535 4550 4549)
4(4505 4520 4551 4536)
4(4535 4536 4551 4550)
4(4506 4521 4552 4537)
4(4536 4537 4552 4551)
4(4507 4522 4553 4538)
4(4537 4538 4553 4552)
4(4508 4523 4554 4539)
4(4538 4539 4554 4553)
4(4509 4524 4555 4540)
4(4539 4540 4555 4554)
4(4540 4541 4556 4555)
4(4510 4525 4556 4541)
4(4527 4542 4573 4558)
3(4557 4558 4573)
4(4528 4543 4574 4559)
4(4558 4559 4574 4573)
4(4529 4544 4575 4560)
4(4559 4560 4575 4574)
4(4530 4545 4576 4561)
4(4560 4561 4576 4575)
4(4531 4546 4577 4562)
4(4561 4562 4577 4576)
4(4532 4547 4578 4563)
4(4562 4563 4578 4577)
4(4533 4548 4579 4564)
4(4563 4564 4579 4578)
4(4534 4549 4580 4565)
4(4564 4565 4580 4579)
4(4535 4550 4581 4566)
4(4565 4566 4581 4580)
4(4536 4551 4582 4567)
4(4566 4567 4582 4581)
4(4537 4552 4583 4568)
4(4567 4568 4583 4582)
4(4538 4553 4584 4569)
4(4568 4569 4584 4583)
4(4539 4554 4585 4570)
4(4569 4570 4585 4584)
4(4540 4555 4586 4571)
4(4570 4571 4586 4585)
4(4571 4572 4587 4586)
4(4541 4556 4587 4572)
4(4558 4573 4604 4589)
3(4588 4589 4604)
4(4559 4574 4605 4590)
4(4589 4590 4605 4604)
4(4560 4575 4606 4591)
4(4590 4591 4606 4605)
4(4561 4576 4607 4592)
4(4591 4592 4607 4606)
4(4562 4577 4608 4593)
4(4592 4593 4608 4607)
4(4563 4578 4609 4594)
4(4593 4594 4609 4608)
4(4564 4579 4610 4595)
4(4594 4595 4610 4609)
4(4565 4580 4611 4596)
4(4595 4596 4611 4610)
4(4566 4581 4612 4597)
4(4596 4597 4612 4611)
4(4567 4582 4613 4598)
4(4597 4598 4613 4612)
4(4568 4583 4614 4599)
4(4598 4599 4614 4613)
4(4569 4584 4615 4600)
4(4599 4600 4615 4614)
4(4570 4585 4616 4601)
4(4600 4601 4616 4615)
4(4571 4586 4617 4602)
4(4601 4602 4617 4616)
4(4602 4603 4618 4617)
4(4572 4587 4618 4603)
4(4589 4604 4635 4620)
3(4619 4620 4635)
4(4590 4605 4636 4621)
4(4620 4621 4636 4635)
4(4591 4606 4637 4622)
4(4621 4622 4637 4636)
4(4592 4607 4638 4623)
4(4622 4623 4638 4637)
4(4593 4608 4639 4624)
4(4623 4624 4639 4638)
4(4594 4609 4640 4625)
4(4624 4625 4640 4639)
4(4595 4610 4641 4626)
4(4625 4626 4641 4640)
4(4596 4611 4642 4627)
4(4626 4627 4642 4641)
4(4597 4612 4643 4628)
4(4627 4628 4643 4642)
4(4598 4613 4644 4629)
4(4628 4629 4644 4643)
4(4599 4614 4645 4630)
4(4629 4630 4645 4644)
4(4600 4615 4646 4631)
4(4630 4631 4646 4645)
4(4601 4616 4647 4632)
4(4631 4632 4647 4646)
4(4602 4617 4648 4633)
4(4632 4633 4648 4647)
4(4633 4634 4649 4648)
4(4603 4618 4649 4634)
4(4620 4635 4666 4651)
4(4621 4636 4667 4652)
4(4622 4637 4668 4653)
4(4623 4638 4669 4654)
4(4624 4639 4670 4655)
4(4625 4640 4671 4656)
4(4626 4641 4672 4657)
4(4627 4642 4673 4658)
4(4628 4643 4674 4659)
4(4629 4644 4675 4660)
4(4630 4645 4676 4661)
4(4631 4646 4677 4662)
4(4632 4647 4678 4663)
4(4633 4648 4679 4664)
4(4634 4649 4680 4665)
4(4681 4701 4741 4721)
4(1596 4721 4741 1611)
4(4682 4702 4742 4722)
4(4721 4722 4742 4741)
4(4683 4703 4743 4723)
4(4722 4723 4743 4742)
4(4684 4704 4744 4724)
4(4723 4724 4744 4743)
4(4685 4705 4745 4725)
4(4724 4725 4745 4744)
4(4686 4706 4746 4726)
4(4725 4726 4746 4745)
4(4687 4707 4747 4727)
4(4726 4727 4747 4746)
4(4688 4708 4748 4728)
4(4727 4728 4748 4747)
4(4689 4709 4749 4729)
4(4728 4729 4749 4748)
4(4690 4710 4750 4730)
4(4729 4730 4750 4749)
4(4691 4711 4751 4731)
4(4730 4731 4751 4750)
4(4692 4712 4752 4732)
4(4731 4732 4752 4751)
4(4693 4713 4753 4733)
4(4732 4733 4753 4752)
4(4694 4714 4754 4734)
4(4733 4734 4754 4753)
4(4695 4715 4755 4735)
4(4734 4735 4755 4754)
4(4696 4716 4756 4736)
4(4735 4736 4756 4755)
4(4697 4717 4757 4737)
4(4736 4737 4757 4756)
4(4698 4718 4758 4738)
4(4737 4738 4758 4757)
4(4699 4719 4759 4739)
4(4738 4739 4759 4758)
4(4739 4740 4760 4759)
4(4721 4741 4781 4761)
4(1627 4761 4781 1642)
4(4722 4742 4782 4762)
4(4761 4762 4782 4781)
4(4723 4743 4783 4763)
4(4762 4763 4783 4782)
4(4724 4744 4784 4764)
4(4763 4764 4784 4783)
4(4725 4745 4785 4765)
4(4764 4765 4785 4784)
4(4726 4746 4786 4766)
4(4765 4766 4786 4785)
4(4727 4747 4787 4767)
4(4766 4767 4787 4786)
4(4728 4748 4788 4768)
4(4767 4768 4788 4787)
4(4729 4749 4789 4769)
4(4768 4769 4789 4788)
4(4730 4750 4790 4770)
4(4769 4770 4790 4789)
4(4731 4751 4791 4771)
4(4770 4771 4791 4790)
4(4732 4752 4792 4772)
4(4771 4772 4792 4791)
4(4733 4753 4793 4773)
4(4772 4773 4793 4792)
4(4734 4754 4794 4774)
4(4773 4774 4794 4793)
4(4735 4755 4795 4775)
4(4774 4775 4795 4794)
4(4736 4756 4796 4776)
4(4775 4776 4796 4795)
4(4737 4757 4797 4777)
4(4776 4777 4797 4796)
4(4738 4758 4798 4778)
4(4777 4778 4798 4797)
4(4739 4759 4799 4779)
4(4778 4779 4799 4798)
4(4779 4780 4800 4799)
4(4761 4781 4821 4801)
4(1658 4801 4821 1673)
4(4762 4782 4822 4802)
4(4801 4802 4822 4821)
4(4763 4783 4823 4803)
4(4802 4803 4823 4822)
4(4764 4784 4824 4804)
4(4803 4804 4824 4823)
4(4765 4785 4825 4805)
4(4804 4805 4825 4824)
4(4766 4786 4826 4806)
4(4805 4806 4826 4825)
4(4767 4787 4827 4807)
4(4806 4807 4827 4826)
4(4768 4788 4828 4808)
4(4807 4808 4828 4827)
4(4769 4789 4829 4809)
4(4808 4809 4829 4828)
4(4770 4790 4830 4810)
4(4809 4810 4830 4829)
4(4771 4791 4831 4811)
4(4810 4811 4831 4830)
4(4772 4792 4832 4812)
4(4811 4812 4832 4831)
4(4773 4793 4833 4813)
4(4812 4813 4833 4832)
4(4774 4794 4834 4814)
4(4813 4814 4834 4833)
4(4775 4795 4835 4815)
4(4814 4815 4835 4834)
4(4776 4796 4836 4816)
4(4815 4816 4836 4835)
4(4777 4797 4837 4817)
4(4816 4817 4837 4836)
4(4778 4798 4838 4818)
4(4817 4818 4838 4837)
4(4779 4799 4839 4819)
4(4818 4819 4839 4838)
4(4819 4820 4840 4839)
4(4801 4821 4861 4841)
4(1689 4841 4861 1704)
4(4802 4822 4862 4842)
4(4841 4842 4862 4861)
4(4803 4823 4863 4843)
4(4842 4843 4863 4862)
4(4804 4824 4864 4844)
4(4843 4844 4864 4863)
4(4805 4825 4865 4845)
4(4844 4845 4865 4864)
4(4806 4826 4866 4846)
4(4845 4846 4866 4865)
4(4807 4827 4867 4847)
4(4846 4847 4867 4866)
4(4808 4828 4868 4848)
4(4847 4848 4868 4867)
4(4809 4829 4869 4849)
4(4848 4849 4869 4868)
4(4810 4830 4870 4850)
4(4849 4850 4870 4869)
4(4811 4831 4871 4851)
4(4850 4851 4871 4870)
4(4812 4832 4872 4852)
4(4851 4852 4872 4871)
4(4813 4833 4873 4853)
4(4852 4853 4873 4872)
4(4814 4834 4874 4854)
4(4853 4854 4874 4873)
4(4815 4835 4875 4855)
4(4854 4855 4875 4874)
4(4816 4836 4876 4856)
4(4855 4856 4876 4875)
4(4817 4837 4877 4857)
4(4856 4857 4877 4876)
4(4818 4838 4878 4858)
4(4857 4858 4878 4877)
4(4819 4839 4879 4859)
4(4858 4859 4879 4878)
4(4859 4860 4880 4879)
4(4841 4861 4901 4881)
4(1720 4881 4901 1735)
4(4842 4862 4902 4882)
4(4881 4882 4902 4901)
4(4843 4863 4903 4883)
4(4882 4883 4903 4902)
4(4844 4864 4904 4884)
4(4883 4884 4904 4903)
4(4845 4865 4905 4885)
4(4884 4885 4905 4904)
4(4846 4866 4906 4886)
4(4885 4886 4906 4905)
4(4847 4867 4907 4887)
4(4886 4887 4907 4906)
4(4848 4868 4908 4888)
4(4887 4888 4908 4907)
4(4849 4869 4909 4889)
4(4888 4889 4909 4908)
4(4850 4870 4910 4890)
4(4889 4890 4910 4909)
4(4851 4871 4911 4891)
4(4890 4891 4911 4910)
4(4852 4872 4912 4892)
4(4891 4892 4912 4911)
4(4853 4873 4913 4893)
4(4892 4893 4913 4912)
4(4854 4874 4914 4894)
4(4893 4894 4914 4913)
4(4855 4875 4915 4895)
4(4894 4895 4915 4914)
4(4856 4876 4916 4896)
4(4895 4896 4916 4915)
4(4857 4877 4917 4897)
4(4896 4897 4917 4916)
4(4858 4878 4918 4898)
4(4897 4898 4918 4917)
4(4859 4879 4919 4899)
4(4898 4899 4919 4918)
4(4899 4900 4920 4919)
4(4881 4901 4941 4921)
4(1751 4921 4941 1766)
4(4882 4902 4942 4922)
4(4921 4922 4942 4941)
4(4883 4903 4943 4923)
4(4922 4923 4943 4942)
4(4884 4904 4944 4924)
4(4923 4924 4944 4943)
4(4885 4905 4945 4925)
4(4924 4925 4945 4944)
4(4886 4906 4946 4926)
4(4925 4926 4946 4945)
4(4887 4907 4947 4927)
4(4926 4927 4947 4946)
4(4888 4908 4948 4928)
4(4927 4928 4948 4947)
4(4889 4909 4949 4929)
4(4928 4929 4949 4948)
4(4890 4910 4950 4930)
4(4929 4930 4950 4949)
4(4891 4911 4951 4931)
4(4930 4931 4951 4950)
4(4892 4912 4952 4932)
4(4931 4932 4952 4951)
4(4893 4913 4953 4933)
4(4932 4933 4953 4952)
4(4894 4914 4954 4934)
4(4933 4934 4954 4953)
4(4895 4915 4955 4935)
4(4934 4935 4955 4954)
4(4896 4916 4956 4936)
4(4935 4936 4956 4955)
4(4897 4917 4957 4937)
4(4936 4937 4957 4956)
4(4898 4918 4958 4938)
4(4937 4938 4958 4957)
4(4899 4919 4959 4939)
4(4938 4939 4959 4958)
4(4939 4940 4960 4959)
4(4921 4941 4981 4961)
4(1782 4961 4981 1797)
4(4922 4942 4982 4962)
4(4961 4962 4982 4981)
4(4923 4943 4983 4963)
4(4962 4963 4983 4982)
4(4924 4944 4984 4964)
4(4963 4964 4984 4983)
4(4925 4945 4985 4965)
4(4964 4965 4985 4984)
4(4926 4946 4986 4966)
4(4965 4966 4986 4985)
4(4927 4947 4987 4967)
4(4966 4967 4987 4986)
4(4928 4948 4988 4968)
4(4967 4968 4988 4987)
4(4929 4949 4989 4969)
4(4968 4969 4989 4988)
4(4930 4950 4990 4970)
4(4969 4970 4990 4989)
4(4931 4951 4991 4971)
4(4970 4971 4991 4990)
4(4932 4952 4992 4972)
4(4971 4972 4992 4991)
4(4933 4953 4993 4973)
4(4972 4973 4993 4992)
4(4934 4954 4994 4974)
4(4973 4974 4994 4993)
4(4935 4955 4995 4975)
4(4974 4975 4995 4994)
4(4936 4956 4996 4976)
4(4975 4976 4996 4995)
4(4937 4957 4997 4977)
4(4976 4977 4997 4996)
4(4938 4958 4998 4978)
4(4977 4978 4998 4997)
4(4939 4959 4999 4979)
4(4978 4979 4999 4998)
4(4979 4980 5000 4999)
4(4961 4981 5021 5001)
4(1813 5001 5021 1828)
4(4962 4982 5022 5002)
4(5001 5002 5022 5021)
4(4963 4983 5023 5003)
4(5002 5003 5023 5022)
4(4964 4984 5024 5004)
4(5003 5004 5024 5023)
4(4965 4985 5025 5005)
4(5004 5005 5025 5024)
4(4966 4986 5026 5006)
4(5005 5006 5026 5025)
4(4967 4987 5027 5007)
4(5006 5007 5027 5026)
4(4968 4988 5028 5008)
4(5007 5008 5028 5027)
4(4969 4989 5029 5009)
4(5008 5009 5029 5028)
4(4970 4990 5030 5010)
4(5009 5010 5030 5029)
4(4971 4991 5031 5011)
4(5010 5011 5031 5030)
4(4972 4992 5032 5012)
4(5011 5012 5032 5031)
4(4973 4993 5033 5013)
4(5012 5013 5033 5032)
4(4974 4994 5034 5014)
4(5013 5014 5034 5033)
4(4975 4995 5035 5015)
4(5014 5015 5035 5034)
4(4976 4996 5036 5016)
4(5015 5016 5036 5035)
4(4977 4997 5037 5017)
4(5016 5017 5037 5036)
4(4978 4998 5038 5018)
4(5017 5018 5038 5037)
4(4979 4999 5039 5019)
4(5018 5019 5039 5038)
4(5019 5020 5040 5039)
4(5001 5021 5061 5041)
4(1844 5041 5061 1859)
4(5002 5022 5062 5042)
4(5041 5042 5062 5061)
4(5003 5023 5063 5043)
4(5042 5043 5063 5062)
4(5004 5024 5064 5044)
4(5043 5044 5064 5063)
4(5005 5025 5065 5045)
4(5044 5045 5065 5064)
4(5006 5026 5066 5046)
4(5045 5046 5066 5065)
4(5007 5027 5067 5047)
4(5046 5047 5067 5066)
4(5008 5028 5068 5048)
4(5047 5048 5068 5067)
4(5009 5029 5069 5049)
4(5048 5049 5069 5068)
4(5010 5030 5070 5050)
4(5049 5050 5070 5069)
4(5011 5031 5071 5051)
4(5050 5051 5071 5070)
4(5012 5032 5072 5052)
4(5051 5052 5072 5071)
4(5013 5033 5073 5053)
4(5052 5053 5073 5072)
4(5014 5034 5074 5054)
4(5053 5054 5074 5073)
4(5015 5035 5075 5055)
4(5054 5055 5075 5074)
4(5016 5036 5076 5056)
4(5055 5056 5076 5075)
4(5017 5037 5077 5057)
4(5056 5057 5077 5076)
4(5018 5038 5078 5058)
4(5057 5058 5078 5077)
4(5019 5039 5079 5059)
4(5058 5059 5079 5078)
4(5059 5060 5080 5079)
4(5041 5061 5101 5081)
4(1875 5081 5101 1890)
4(5042 5062 5102 5082)
4(5081 5082 5102 5101)
4(5043 5063 5103 5083)
4(5082 5083 5103 5102)
4(5044 5064 5104 5084)
4(5083 5084 5104 5103)
4(5045 5065 5105 5085)
4(5084 5085 5105 5104)
4(5046 5066 5106 5086)
4(5085 5086 5106 5105)
4(5047 5067 5107 5087)
4(5086 5087 5107 5106)
4(5048 5068 5108 5088)
4(5087 5088 5108 5107)
4(5049 5069 5109 5089)
4(5088 5089 5109 5108)
4(5050 5070 5110 5090)
4(5089 5090 5110 5109)
4(5051 5071 5111 5091)
4(5090 5091 5111 5110)
4(5052 5072 5112 5092)
4(5091 5092 5112 5111)
4(5053 5073 5113 5093)
4(5092 5093 5113 5112)
4(5054 5074 5114 5094)
4(5093 5094 5114 5113)
4(5055 5075 5115 5095)
4(5094 5095 5115 5114)
4(5056 5076 5116 5096)
4(5095 5096 5116 5115)
4(5057 5077 5117 5097)
4(5096 5097 5117 5116)
4(5058 5078 5118 5098)
4(5097 5098 5118 5117)
4(5059 5079 5119 5099)
4(5098 5099 5119 5118)
4(5099 5100 5120 5119)
4(5081 5101 5141 5121)
4(1906 5121 5141 1921)
4(5082 5102 5142 5122)
4(5121 5122 5142 5141)
4(5083 5103 5143 5123)
4(5122 5123 5143 5142)
4(5084 5104 5144 5124)
4(5123 5124 5144 5143)
4(5085 5105 5145 5125)
4(5124 5125 5145 5144)
4(5086 5106 5146 5126)
4(5125 5126 5146 5145)
4(5087 5107 5147 5127)
4(5126 5127 5147 5146)
4(5088 5108 5148 5128)
4(5127 5128 5148 5147)
4(5089 5109 5149 5129)
4(5128 5129 5149 5148)
4(5090 5110 5150 5130)
4(5129 5130 5150 5149)
4(5091 5111 5151 5131)
4(5130 5131 5151 5150)
4(5092 5112 5152 5132)
4(5131 5132 5152 5151)
4(5093 5113 5153 5133)
4(5132 5133 5153 5152)
4(5094 5114 5154 5134)
4(5133 5134 5154 5153)
4(5095 5115 5155 5135)
4(5134 5135 5155 5154)
4(5096 5116 5156 5136)
4(5135 5136 5156 5155)
4(5097 5117 5157 5137)
4(5136 5137 5157 5156)
4(5098 5118 5158 5138)
4(5137 5138 5158 5157)
4(5099 5119 5159 5139)
4(5138 5139 5159 5158)
4(5139 5140 5160 5159)
4(5121 5141 5181 5161)
4(1937 5161 5181 1952)
4(5122 5142 5182 5162)
4(5161 5162 5182 5181)
4(5123 5143 5183 5163)
4(5162 5163 5183 5182)
4(5124 5144 5184 5164)
4(5163 5164 5184 5183)
4(5125 5145 5185 5165)
4(5164 5165 5185 5184)
4(5126 5146 5186 5166)
4(5165 5166 5186 5185)
4(5127 5147 5187 5167)
4(5166 5167 5187 5186)
4(5128 5148 5188 5168)
4(5167 5168 5188 5187)
4(5129 5149 5189 5169)
4(5168 5169 5189 5188)
4(5130 5150 5190 5170)
4(5169 5170 5190 5189)
4(5131 5151 5191 5171)
4(5170 5171 5191 5190)
4(5132 5152 5192 5172)
4(5171 5172 5192 5191)
4(5133 5153 5193 5173)
4(5172 5173 5193 5192)
4(5134 5154 5194 5174)
4(5173 5174 5194 5193)
4(5135 5155 5195 5175)
4(5174 5175 5195 5194)
4(5136 5156 5196 5176)
4(5175 5176 5196 5195)
4(5137 5157 5197 5177)
4(5176 5177 5197 5196)
4(5138 5158 5198 5178)
4(5177 5178 5198 5197)
4(5139 5159 5199 5179)
4(5178 5179 5199 5198)
4(5179 5180 5200 5199)
4(5161 5181 5221 5201)
4(1968 5201 5221 1983)
4(5162 5182 5222 5202)
4(5201 5202 5222 5221)
4(5163 5183 5223 5203)
4(5202 5203 5223 5222)
4(5164 5184 5224 5204)
4(5203 5204 5224 5223)
4(5165 5185 5225 5205)
4(5204 5205 5225 5224)
4(5166 5186 5226 5206)
4(5205 5206 5226 5225)
4(5167 5187 5227 5207)
4(5206 5207 5227 5226)
4(5168 5188 5228 5208)
4(5207 5208 5228 5227)
4(5169 5189 5229 5209)
4(5208 5209 5229 5228)
4(5170 5190 5230 5210)
4(5209 5210 5230 5229)
4(5171 5191 5231 5211)
4(5210 5211 5231 5230)
4(5172 5192 5232 5212)
4(5211 5212 5232 5231)
4(5173 5193 5233 5213)
4(5212 5213 5233 5232)
4(5174 5194 5234 5214)
4(5213 5214 5234 5233)
4(5175 5195 5235 5215)
4(5214 5215 5235 5234)
4(5176 5196 5236 5216)
4(5215 5216 5236 5235)
4(5177 5197 5237 5217)
4(5216 5217 5237 5236)
4(5178 5198 5238 5218)
4(5217 5218 5238 5237)
4(5179 5199 5239 5219)
4(5218 5219 5239 5238)
4(5219 5220 5240 5239)
4(5201 5221 5261 5241)
4(1999 5241 5261 2014)
4(5202 5222 5262 5242)
4(5241 5242 5262 5261)
4(5203 5223 5263 5243)
4(5242 5243 5263 5262)
4(5204 5224 5264 5244)
4(5243 5244 5264 5263)
4(5205 5225 5265 5245)
4(5244 5245 5265 5264)
4(5206 5226 5266 5246)
4(5245 5246 5266 5265)
4(5207 5227 5267 5247)
4(5246 5247 5267 5266)
4(5208 5228 5268 5248)
4(5247 5248 5268 5267)
4(5209 5229 5269 5249)
4(5248 5249 5269 5268)
4(5210 5230 5270 5250)
4(5249 5250 5270 5269)
4(5211 5231 5271 5251)
4(5250 5251 5271 5270)
4(5212 5232 5272 5252)
4(5251 5252 5272 5271)
4(5213 5233 5273 5253)
4(5252 5253 5273 5272)
4(5214 5234 5274 5254)
4(5253 5254 5274 5273)
4(5215 5235 5275 5255)
4(5254 5255 5275 5274)
4(5216 5236 5276 5256)
4(5255 5256 5276 5275)
4(5217 5237 5277 5257)
4(5256 5257 5277 5276)
4(5218 5238 5278 5258)
4(5257 5258 5278 5277)
4(5219 5239 5279 5259)
4(5258 5259 5279 5278)
4(5259 5260 5280 5279)
4(5241 5261 5301 5281)
4(2030 5281 5301 2045)
4(5242 5262 5302 5282)
4(5281 5282 5302 5301)
4(5243 5263 5303 5283)
4(5282 5283 5303 5302)
4(5244 5264 5304 5284)
4(5283 5284 5304 5303)
4(5245 5265 5305 5285)
4(5284 5285 5305 5304)
4(5246 5266 5306 5286)
4(5285 5286 5306 5305)
4(5247 5267 5307 5287)
4(5286 5287 5307 5306)
4(5248 5268 5308 5288)
4(5287 5288 5308 5307)
4(5249 5269 5309 5289)
4(5288 5289 5309 5308)
4(5250 5270 5310 5290)
4(5289 5290 5310 5309)
4(5251 5271 5311 5291)
4(5290 5291 5311 5310)
4(5252 5272 5312 5292)
4(5291 5292 5312 5311)
4(5253 5273 5313 5293)
4(5292 5293 5313 5312)
4(5254 5274 5314 5294)
4(5293 5294 5314 5313)
4(5255 5275 5315 5295)
4(5294 5295 5315 5314)
4(5256 5276 5316 5296)
4(5295 5296 5316 5315)
4(5257 5277 5317 5297)
4(5296 5297 5317 5316)
4(5258 5278 5318 5298)
4(5297 5298 5318 5317)
4(5259 5279 5319 5299)
4(5298 5299 5319 5318)
4(5299 5300 5320 5319)
4(5281 5301 5341 5321)
4(2061 5321 5341 2076)
4(5282 5302 5342 5322)
4(5321 5322 5342 5341)
4(5283 5303 5343 5323)
4(5322 5323 5343 5342)
4(5284 5304 5344 5324)
4(5323 5324 5344 5343)
4(5285 5305 5345 5325)
4(5324 5325 5345 5344)
4(5286 5306 5346 5326)
4(5325 5326 5346 5345)
4(5287 5307 5347 5327)
4(5326 5327 5347 5346)
4(5288 5308 5348 5328)
4(5327 5328 5348 5347)
4(5289 5309 5349 5329)
4(5328 5329 5349 5348)
4(5290 5310 5350 5330)
4(5329 5330 5350 5349)
4(5291 5311 5351 5331)
4(5330 5331 5351 5350)
4(5292 5312 5352 5332)
4(5331 5332 5352 5351)
4(5293 5313 5353 5333)
4(5332 5333 5353 5352)
4(5294 5314 5354 5334)
4(5333 5334 5354 5353)
4(5295 5315 5355 5335)
4(5334 5335 5355 5354)
4(5296 5316 5356 5336)
4(5335 5336 5356 5355)
4(5297 5317 5357 5337)
4(5336 5337 5357 5356)
4(5298 5318 5358 5338)
4(5337 5338 5358 5357)
4(5299 5319 5359 5339)
4(5338 5339 5359 5358)
4(5339 5340 5360 5359)
4(5321 5341 5381 5361)
4(2092 5361 5381 2107)
4(5322 5342 5382 5362)
4(5361 5362 5382 5381)
4(5323 5343 5383 5363)
4(5362 5363 5383 5382)
4(5324 5344 5384 5364)
4(5363 5364 5384 5383)
4(5325 5345 5385 5365)
4(5364 5365 5385 5384)
4(5326 5346 5386 5366)
4(5365 5366 5386 5385)
4(5327 5347 5387 5367)
4(5366 5367 5387 5386)
4(5328 5348 5388 5368)
4(5367 5368 5388 5387)
4(5329 5349 5389 5369)
4(5368 5369 5389 5388)
4(5330 5350 5390 5370)
4(5369 5370 5390 5389)
4(5331 5351 5391 5371)
4(5370 5371 5391 5390)
4(5332 5352 5392 5372)
4(5371 5372 5392 5391)
4(5333 5353 5393 5373)
4(5372 5373 5393 5392)
4(5334 5354 5394 5374)
4(5373 5374 5394 5393)
4(5335 5355 5395 5375)
4(5374 5375 5395 5394)
4(5336 5356 5396 5376)
4(5375 5376 5396 5395)
4(5337 5357 5397 5377)
4(5376 5377 5397 5396)
4(5338 5358 5398 5378)
4(5377 5378 5398 5397)
4(5339 5359 5399 5379)
4(5378 5379 5399 5398)
4(5379 5380 5400 5399)
4(5361 5381 5421 5401)
4(2123 5401 5421 2138)
4(5362 5382 5422 5402)
4(5401 5402 5422 5421)
4(5363 5383 5423 5403)
4(5402 5403 5423 5422)
4(5364 5384 5424 5404)
4(5403 5404 5424 5423)
4(5365 5385 5425 5405)
4(5404 5405 5425 5424)
4(5366 5386 5426 5406)
4(5405 5406 5426 5425)
4(5367 5387 5427 5407)
4(5406 5407 5427 5426)
4(5368 5388 5428 5408)
4(5407 5408 5428 5427)
4(5369 5389 5429 5409)
4(5408 5409 5429 5428)
4(5370 5390 5430 5410)
4(5409 5410 5430 5429)
4(5371 5391 5431 5411)
4(5410 5411 5431 5430)
4(5372 5392 5432 5412)
4(5411 5412 5432 5431)
4(5373 5393 5433 5413)
4(5412 5413 5433 5432)
4(5374 5394 5434 5414)
4(5413 5414 5434 5433)
4(5375 5395 5435 5415)
4(5414 5415 5435 5434)
4(5376 5396 5436 5416)
4(5415 5416 5436 5435)
4(5377 5397 5437 5417)
4(5416 5417 5437 5436)
4(5378 5398 5438 5418)
4(5417 5418 5438 5437)
4(5379 5399 5439 5419)
4(5418 5419 5439 5438)
4(5419 5420 5440 5439)
4(5401 5421 5461 5441)
4(2154 5441 5461 2169)
4(5402 5422 5462 5442)
4(5441 5442 5462 5461)
4(5403 5423 5463 5443)
4(5442 5443 5463 5462)
4(5404 5424 5464 5444)
4(5443 5444 5464 5463)
4(5405 5425 5465 5445)
4(5444 5445 5465 5464)
4(5406 5426 5466 5446)
4(5445 5446 5466 5465)
4(5407 5427 5467 5447)
4(5446 5447 5467 5466)
4(5408 5428 5468 5448)
4(5447 5448 5468 5467)
4(5409 5429 5469 5449)
4(5448 5449 5469 5468)
4(5410 5430 5470 5450)
4(5449 5450 5470 5469)
4(5411 5431 5471 5451)
4(5450 5451 5471 5470)
4(5412 5432 5472 5452)
4(5451 5452 5472 5471)
4(5413 5433 5473 5453)
4(5452 5453 5473 5472)
4(5414 5434 5474 5454)
4(5453 5454 5474 5473)
4(5415 5435 5475 5455)
4(5454 5455 5475 5474)
4(5416 5436 5476 5456)
4(5455 5456 5476 5475)
4(5417 5437 5477 5457)
4(5456 5457 5477 5476)
4(5418 5438 5478 5458)
4(5457 5458 5478 5477)
4(5419 5439 5479 5459)
4(5458 5459 5479 5478)
4(5459 5460 5480 5479)
4(5441 5461 5501 5481)
4(2185 5481 5501 2200)
4(5442 5462 5502 5482)
4(5481 5482 5502 5501)
4(5443 5463 5503 5483)
4(5482 5483 5503 5502)
4(5444 5464 5504 5484)
4(5483 5484 5504 5503)
4(5445 5465 5505 5485)
4(5484 5485 5505 5504)
4(5446 5466 5506 5486)
4(5485 5486 5506 5505)
4(5447 5467 5507 5487)
4(5486 5487 5507 5506)
4(5448 5468 5508 5488)
4(5487 5488 5508 5507)
4(5449 5469 5509 5489)
4(5488 5489 5509 5508)
4(5450 5470 5510 5490)
4(5489 5490 5510 5509)
4(5451 5471 5511 5491)
4(5490 5491 5511 5510)
4(5452 5472 5512 5492)
4(5491 5492 5512 5511)
4(5453 5473 5513 5493)
4(5492 5493 5513 5512)
4(5454 5474 5514 5494)
4(5493 5494 5514 5513)
4(5455 5475 5515 5495)
4(5494 5495 5515 5514)
4(5456 5476 5516 5496)
4(5495 5496 5516 5515)
4(5457 5477 5517 5497)
4(5496 5497 5517 5516)
4(5458 5478 5518 5498)
4(5497 5498 5518 5517)
4(5459 5479 5519 5499)
4(5498 5499 5519 5518)
4(5499 5500 5520 5519)
4(5481 5501 5541 5521)
4(2216 5521 5541 2231)
4(5482 5502 5542 5522)
4(5521 5522 5542 5541)
4(5483 5503 5543 5523)
4(5522 5523 5543 5542)
4(5484 5504 5544 5524)
4(5523 5524 5544 5543)
4(5485 5505 5545 5525)
4(5524 5525 5545 5544)
4(5486 5506 5546 5526)
4(5525 5526 5546 5545)
4(5487 5507 5547 5527)
4(5526 5527 5547 5546)
4(5488 5508 5548 5528)
4(5527 5528 5548 5547)
4(5489 5509 5549 5529)
4(5528 5529 5549 5548)
4(5490 5510 5550 5530)
4(5529 5530 5550 5549)
4(5491 5511 5551 5531)
4(5530 5531 5551 5550)
4(5492 5512 5552 5532)
4(5531 5532 5552 5551)
4(5493 5513 5553 5533)
4(5532 5533 5553 5552)
4(5494 5514 5554 5534)
4(5533 5534 5554 5553)
4(5495 5515 5555 5535)
4(5534 5535 5555 5554)
4(5496 5516 5556 5536)
4(5535 5536 5556 5555)
4(5497 5517 5557 5537)
4(5536 5537 5557 5556)
4(5498 5518 5558 5538)
4(5537 5538 5558 5557)
4(5499 5519 5559 5539)
4(5538 5539 5559 5558)
4(5539 5540 5560 5559)
4(5521 5541 5581 5561)
4(2247 5561 5581 2262)
4(5522 5542 5582 5562)
4(5561 5562 5582 5581)
4(5523 5543 5583 5563)
4(5562 5563 5583 5582)
4(5524 5544 5584 5564)
4(5563 5564 5584 5583)
4(5525 5545 5585 5565)
4(5564 5565 5585 5584)
4(5526 5546 5586 5566)
4(5565 5566 5586 5585)
4(5527 5547 5587 5567)
4(5566 5567 5587 5586)
4(5528 5548 5588 5568)
4(5567 5568 5588 5587)
4(5529 5549 5589 5569)
4(5568 5569 5589 5588)
4(5530 5550 5590 5570)
4(5569 5570 5590 5589)
4(5531 5551 5591 5571)
4(5570 5571 5591 5590)
4(5532 5552 5592 5572)
4(5571 5572 5592 5591)
4(5533 5553 5593 5573)
4(5572 5573 5593 5592)
4(5534 5554 5594 5574)
4(5573 5574 5594 5593)
4(5535 5555 5595 5575)
4(5574 5575 5595 5594)
4(5536 5556 5596 5576)
4(5575 5576 5596 5595)
4(5537 5557 5597 5577)
4(5576 5577 5597 5596)
4(5538 5558 5598 5578)
4(5577 5578 5598 5597)
4(5539 5559 5599 5579)
4(5578 5579 5599 5598)
4(5579 5580 5600 5599)
4(5561 5581 5621 5601)
4(2278 5601 5621 2293)
4(5562 5582 5622 5602)
4(5601 5602 5622 5621)
4(5563 5583 5623 5603)
4(5602 5603 5623 5622)
4(5564 5584 5624 5604)
4(5603 5604 5624 5623)
4(5565 5585 5625 5605)
4(5604 5605 5625 5624)
4(5566 5586 5626 5606)
4(5605 5606 5626 5625)
4(5567 5587 5627 5607)
4(5606 5607 5627 5626)
4(5568 5588 5628 5608)
4(5607 5608 5628 5627)
4(5569 5589 5629 5609)
4(5608 5609 5629 5628)
4(5570 5590 5630 5610)
4(5609 5610 5630 5629)
4(5571 5591 5631 5611)
4(5610 5611 5631 5630)
4(5572 5592 5632 5612)
4(5611 5612 5632 5631)
4(5573 5593 5633 5613)
4(5612 5613 5633 5632)
4(5574 5594 5634 5614)
4(5613 5614 5634 5633)
4(5575 5595 5635 5615)
4(5614 5615 5635 5634)
4(5576 5596 5636 5616)
4(5615 5616 5636 5635)
4(5577 5597 5637 5617)
4(5616 5617 5637 5636)
4(5578 5598 5638 5618)
4(5617 5618 5638 5637)
4(5579 5599 5639 5619)
4(5618 5619 5639 5638)
4(5619 5620 5640 5639)
4(5601 5621 5661 5641)
4(2309 5641 5661 2324)
4(5602 5622 5662 5642)
4(5641 5642 5662 5661)
4(5603 5623 5663 5643)
4(5642 5643 5663 5662)
4(5604 5624 5664 5644)
4(5643 5644 5664 5663)
4(5605 5625 5665 5645)
4(5644 5645 5665 5664)
4(5606 5626 5666 5646)
4(5645 5646 5666 5665)
4(5607 5627 5667 5647)
4(5646 5647 5667 5666)
4(5608 5628 5668 5648)
4(5647 5648 5668 5667)
4(5609 5629 5669 5649)
4(5648 5649 5669 5668)
4(5610 5630 5670 5650)
4(5649 5650 5670 5669)
4(5611 5631 5671 5651)
4(5650 5651 5671 5670)
4(5612 5632 5672 5652)
4(5651 5652 5672 5671)
4(5613 5633 5673 5653)
4(5652 5653 5673 5672)
4(5614 5634 5674 5654)
4(5653 5654 5674 5673)
4(5615 5635 5675 5655)
4(5654 5655 5675 5674)
4(5616 5636 5676 5656)
4(5655 5656 5676 5675)
4(5617 5637 5677 5657)
4(5656 5657 5677 5676)
4(5618 5638 5678 5658)
4(5657 5658 5678 5677)
4(5619 5639 5679 5659)
4(5658 5659 5679 5678)
4(5659 5660 5680 5679)
4(5641 5661 5701 5681)
4(2340 5681 5701 2355)
4(5642 5662 5702 5682)
4(5681 5682 5702 5701)
4(5643 5663 5703 5683)
4(5682 5683 5703 5702)
4(5644 5664 5704 5684)
4(5683 5684 5704 5703)
4(5645 5665 5705 5685)
4(5684 5685 5705 5704)
4(5646 5666 5706 5686)
4(5685 5686 5706 5705)
4(5647 5667 5707 5687)
4(5686 5687 5707 5706)
4(5648 5668 5708 5688)
4(5687 5688 5708 5707)
4(5649 5669 5709 5689)
4(5688 5689 5709 5708)
4(5650 5670 5710 5690)
4(5689 5690 5710 5709)
4(5651 5671 5711 5691)
4(5690 5691 5711 5710)
4(5652 5672 5712 5692)
4(5691 5692 5712 5711)
4(5653 5673 5713 5693)
4(5692 5693 5713 5712)
4(5654 5674 5714 5694)
4(5693 5694 5714 5713)
4(5655 5675 5715 5695)
4(5694 5695 5715 5714)
4(5656 5676 5716 5696)
4(5695 5696 5716 5715)
4(5657 5677 5717 5697)
4(5696 5697 5717 5716)
4(5658 5678 5718 5698)
4(5697 5698 5718 5717)
4(5659 5679 5719 5699)
4(5698 5699 5719 5718)
4(5699 5700 5720 5719)
4(5681 5701 5741 5721)
4(2371 5721 5741 2386)
4(5682 5702 5742 5722)
4(5721 5722 5742 5741)
4(5683 5703 5743 5723)
4(5722 5723 5743 5742)
4(5684 5704 5744 5724)
4(5723 5724 5744 5743)
4(5685 5705 5745 5725)
4(5724 5725 5745 5744)
4(5686 5706 5746 5726)
4(5725 5726 5746 5745)
4(5687 5707 5747 5727)
4(5726 5727 5747 5746)
4(5688 5708 5748 5728)
4(5727 5728 5748 5747)
4(5689 5709 5749 5729)
4(5728 5729 5749 5748)
4(5690 5710 5750 5730)
4(5729 5730 5750 5749)
4(5691 5711 5751 5731)
4(5730 5731 5751 5750)
4(5692 5712 5752 5732)
4(5731 5732 5752 5751)
4(5693 5713 5753 5733)
4(5732 5733 5753 5752)
4(5694 5714 5754 5734)
4(5733 5734 5754 5753)
4(5695 5715 5755 5735)
4(5734 5735 5755 5754)
4(5696 5716 5756 5736)
4(5735 5736 5756 5755)
4(5697 5717 5757 5737)
4(5736 5737 5757 5756)
4(5698 5718 5758 5738)
4(5737 5738 5758 5757)
4(5699 5719 5759 5739)
4(5738 5739 5759 5758)
4(5739 5740 5760 5759)
4(5721 5741 5781 5761)
4(2402 5761 5781 2417)
4(5722 5742 5782 5762)
4(5761 5762 5782 5781)
4(5723 5743 5783 5763)
4(5762 5763 5783 5782)
4(5724 5744 5784 5764)
4(5763 5764 5784 5783)
4(5725 5745 5785 5765)
4(5764 5765 5785 5784)
4(5726 5746 5786 5766)
4(5765 5766 5786 5785)
4(5727 5747 5787 5767)
4(5766 5767 5787 5786)
4(5728 5748 5788 5768)
4(5767 5768 5788 5787)
4(5729 5749 5789 5769)
4(5768 5769 5789 5788)
4(5730 5750 5790 5770)
4(5769 5770 5790 5789)
4(5731 5751 5791 5771)
4(5770 5771 5791 5790)
4(5732 5752 5792 5772)
4(5771 5772 5792 5791)
4(5733 5753 5793 5773)
4(5772 5773 5793 5792)
4(5734 5754 5794 5774)
4(5773 5774 5794 5793)
4(5735 5755 5795 5775)
4(5774 5775 5795 5794)
4(5736 5756 5796 5776)
4(5775 5776 5796 5795)
4(5737 5757 5797 5777)
4(5776 5777 5797 5796)
4(5738 5758 5798 5778)
4(5777 5778 5798 5797)
4(5739 5759 5799 5779)
4(5778 5779 5799 5798)
4(5779 5780 5800 5799)
4(5761 5781 5821 5801)
4(2433 5801 5821 2448)
4(5762 5782 5822 5802)
4(5801 5802 5822 5821)
4(5763 5783 5823 5803)
4(5802 5803 5823 5822)
4(5764 5784 5824 5804)
4(5803 5804 5824 5823)
4(5765 5785 5825 5805)
4(5804 5805 5825 5824)
4(5766 5786 5826 5806)
4(5805 5806 5826 5825)
4(5767 5787 5827 5807)
4(5806 5807 5827 5826)
4(5768 5788 5828 5808)
4(5807 5808 5828 5827)
4(5769 5789 5829 5809)
4(5808 5809 5829 5828)
4(5770 5790 5830 5810)
4(5809 5810 5830 5829)
4(5771 5791 5831 5811)
4(5810 5811 5831 5830)
4(5772 5792 5832 5812)
4(5811 5812 5832 5831)
4(5773 5793 5833 5813)
4(5812 5813 5833 5832)
4(5774 5794 5834 5814)
4(5813 5814 5834 5833)
4(5775 5795 5835 5815)
4(5814 5815 5835 5834)
4(5776 5796 5836 5816)
4(5815 5816 5836 5835)
4(5777 5797 5837 5817)
4(5816 5817 5837 5836)
4(5778 5798 5838 5818)
4(5817 5818 5838 5837)
4(5779 5799 5839 5819)
4(5818 5819 5839 5838)
4(5819 5820 5840 5839)
4(5801 5821 5861 5841)
4(2464 5841 5861 2479)
4(5802 5822 5862 5842)
4(5841 5842 5862 5861)
4(5803 5823 5863 5843)
4(5842 5843 5863 5862)
4(5804 5824 5864 5844)
4(5843 5844 5864 5863)
4(5805 5825 5865 5845)
4(5844 5845 5865 5864)
4(5806 5826 5866 5846)
4(5845 5846 5866 5865)
4(5807 5827 5867 5847)
4(5846 5847 5867 5866)
4(5808 5828 5868 5848)
4(5847 5848 5868 5867)
4(5809 5829 5869 5849)
4(5848 5849 5869 5868)
4(5810 5830 5870 5850)
4(5849 5850 5870 5869)
4(5811 5831 5871 5851)
4(5850 5851 5871 5870)
4(5812 5832 5872 5852)
4(5851 5852 5872 5871)
4(5813 5833 5873 5853)
4(5852 5853 5873 5872)
4(5814 5834 5874 5854)
4(5853 5854 5874 5873)
4(5815 5835 5875 5855)
4(5854 5855 5875 5874)
4(5816 5836 5876 5856)
4(5855 5856 5876 5875)
4(5817 5837 5877 5857)
4(5856 5857 5877 5876)
4(5818 5838 5878 5858)
4(5857 5858 5878 5877)
4(5819 5839 5879 5859)
4(5858 5859 5879 5878)
4(5859 5860 5880 5879)
4(5841 5861 5901 5881)
4(2495 5881 5901 2510)
4(5842 5862 5902 5882)
4(5881 5882 5902 5901)
4(5843 5863 5903 5883)
4(5882 5883 5903 5902)
4(5844 5864 5904 5884)
4(5883 5884 5904 5903)
4(5845 5865 5905 5885)
4(5884 5885 5905 5904)
4(5846 5866 5906 5886)
4(5885 5886 5906 5905)
4(5847 5867 5907 5887)
4(5886 5887 5907 5906)
4(5848 5868 5908 5888)
4(5887 5888 5908 5907)
4(5849 5869 5909 5889)
4(5888 5889 5909 5908)
4(5850 5870 5910 5890)
4(5889 5890 5910 5909)
4(5851 5871 5911 5891)
4(5890 5891 5911 5910)
4(5852 5872 5912 5892)
4(5891 5892 5912 5911)
4(5853 5873 5913 5893)
4(5892 5893 5913 5912)
4(5854 5874 5914 5894)
4(5893 5894 5914 5913)
4(5855 5875 5915 5895)
4(5894 5895 5915 5914)
4(5856 5876 5916 5896)
4(5895 5896 5916 5915)
4(5857 5877 5917 5897)
4(5896 5897 5917 5916)
4(5858 5878 5918 5898)
4(5897 5898 5918 5917)
4(5859 5879 5919 5899)
4(5898 5899 5919 5918)
4(5899 5900 5920 5919)
4(5881 5901 5941 5921)
4(2526 5921 5941 2541)
4(5882 5902 5942 5922)
4(5921 5922 5942 5941)
4(5883 5903 5943 5923)
4(5922 5923 5943 5942)
4(5884 5904 5944 5924)
4(5923 5924 5944 5943)
4(5885 5905 5945 5925)
4(5924 5925 5945 5944)
4(5886 5906 5946 5926)
4(5925 5926 5946 5945)
4(5887 5907 5947 5927)
4(5926 5927 5947 5946)
4(5888 5908 5948 5928)
4(5927 5928 5948 5947)
4(5889 5909 5949 5929)
4(5928 5929 5949 5948)
4(5890 5910 5950 5930)
4(5929 5930 5950 5949)
4(5891 5911 5951 5931)
4(5930 5931 5951 5950)
4(5892 5912 5952 5932)
4(5931 5932 5952 5951)
4(5893 5913 5953 5933)
4(5932 5933 5953 5952)
4(5894 5914 5954 5934)
4(5933 5934 5954 5953)
4(5895 5915 5955 5935)
4(5934 5935 5955 5954)
4(5896 5916 5956 5936)
4(5935 5936 5956 5955)
4(5897 5917 5957 5937)
4(5936 5937 5957 5956)
4(5898 5918 5958 5938)
4(5937 5938 5958 5957)
4(5899 5919 5959 5939)
4(5938 5939 5959 5958)
4(5939 5940 5960 5959)
4(5921 5941 5981 5961)
4(2557 5961 5981 2572)
4(5922 5942 5982 5962)
4(5961 5962 5982 5981)
4(5923 5943 5983 5963)
4(5962 5963 5983 5982)
4(5924 5944 5984 5964)
4(5963 5964 5984 5983)
4(5925 5945 5985 5965)
4(5964 5965 5985 5984)
4(5926 5946 5986 5966)
4(5965 5966 5986 5985)
4(5927 5947 5987 5967)
4(5966 5967 5987 5986)
4(5928 5948 5988 5968)
4(5967 5968 5988 5987)
4(5929 5949 5989 5969)
4(5968 5969 5989 5988)
4(5930 5950 5990 5970)
4(5969 5970 5990 5989)
4(5931 5951 5991 5971)
4(5970 5971 5991 5990)
4(5932 5952 5992 5972)
4(5971 5972 5992 5991)
4(5933 5953 5993 5973)
4(5972 5973 5993 5992)
4(5934 5954 5994 5974)
4(5973 5974 5994 5993)
4(5935 5955 5995 5975)
4(5974 5975 5995 5994)
4(5936 5956 5996 5976)
4(5975 5976 5996 5995)
4(5937 5957 5997 5977)
4(5976 5977 5997 5996)
4(5938 5958 5998 5978)
4(5977 5978 5998 5997)
4(5939 5959 5999 5979)
4(5978 5979 5999 5998)
4(5979 5980 6000 5999)
4(5961 5981 6021 6001)
4(2588 6001 6021 2603)
4(5962 5982 6022 6002)
4(6001 6002 6022 6021)
4(5963 5983 6023 6003)
4(6002 6003 6023 6022)
4(5964 5984 6024 6004)
4(6003 6004 6024 6023)
4(5965 5985 6025 6005)
4(6004 6005 6025 6024)
4(5966 5986 6026 6006)
4(6005 6006 6026 6025)
4(5967 5987 6027 6007)
4(6006 6007 6027 6026)
4(5968 5988 6028 6008)
4(6007 6008 6028 6027)
4(5969 5989 6029 6009)
4(6008 6009 6029 6028)
4(5970 5990 6030 6010)
4(6009 6010 6030 6029)
4(5971 5991 6031 6011)
4(6010 6011 6031 6030)
4(5972 5992 6032 6012)
4(6011 6012 6032 6031)
4(5973 5993 6033 6013)
4(6012 6013 6033 6032)
4(5974 5994 6034 6014)
4(6013 6014 6034 6033)
4(5975 5995 6035 6015)
4(6014 6015 6035 6034)
4(5976 5996 6036 6016)
4(6015 6016 6036 6035)
4(5977 5997 6037 6017)
4(6016 6017 6037 6036)
4(5978 5998 6038 6018)
4(6017 6018 6038 6037)
4(5979 5999 6039 6019)
4(6018 6019 6039 6038)
4(6019 6020 6040 6039)
4(6001 6021 6061 6041)
4(2619 6041 6061 2634)
4(6002 6022 6062 6042)
4(6041 6042 6062 6061)
4(6003 6023 6063 6043)
4(6042 6043 6063 6062)
4(6004 6024 6064 6044)
4(6043 6044 6064 6063)
4(6005 6025 6065 6045)
4(6044 6045 6065 6064)
4(6006 6026 6066 6046)
4(6045 6046 6066 6065)
4(6007 6027 6067 6047)
4(6046 6047 6067 6066)
4(6008 6028 6068 6048)
4(6047 6048 6068 6067)
4(6009 6029 6069 6049)
4(6048 6049 6069 6068)
4(6010 6030 6070 6050)
4(6049 6050 6070 6069)
4(6011 6031 6071 6051)
4(6050 6051 6071 6070)
4(6012 6032 6072 6052)
4(6051 6052 6072 6071)
4(6013 6033 6073 6053)
4(6052 6053 6073 6072)
4(6014 6034 6074 6054)
4(6053 6054 6074 6073)
4(6015 6035 6075 6055)
4(6054 6055 6075 6074)
4(6016 6036 6076 6056)
4(6055 6056 6076 6075)
4(6017 6037 6077 6057)
4(6056 6057 6077 6076)
4(6018 6038 6078 6058)
4(6057 6058 6078 6077)
4(6019 6039 6079 6059)
4(6058 6059 6079 6078)
4(6059 6060 6080 6079)
4(6041 6061 6101 6081)
4(2650 6081 6101 2665)
4(6042 6062 6102 6082)
4(6081 6082 6102 6101)
4(6043 6063 6103 6083)
4(6082 6083 6103 6102)
4(6044 6064 6104 6084)
4(6083 6084 6104 6103)
4(6045 6065 6105 6085)
4(6084 6085 6105 6104)
4(6046 6066 6106 6086)
4(6085 6086 6106 6105)
4(6047 6067 6107 6087)
4(6086 6087 6107 6106)
4(6048 6068 6108 6088)
4(6087 6088 6108 6107)
4(6049 6069 6109 6089)
4(6088 6089 6109 6108)
4(6050 6070 6110 6090)
4(6089 6090 6110 6109)
4(6051 6071 6111 6091)
4(6090 6091 6111 6110)
4(6052 6072 6112 6092)
4(6091 6092 6112 6111)
4(6053 6073 6113 6093)
4(6092 6093 6113 6112)
4(6054 6074 6114 6094)
4(6093 6094 6114 6113)
4(6055 6075 6115 6095)
4(6094 6095 6115 6114)
4(6056 6076 6116 6096)
4(6095 6096 6116 6115)
4(6057 6077 6117 6097)
4(6096 6097 6117 6116)
4(6058 6078 6118 6098)
4(6097 6098 6118 6117)
4(6059 6079 6119 6099)
4(6098 6099 6119 6118)
4(6099 6100 6120 6119)
4(6081 6101 6141 6121)
4(2681 6121 6141 2696)
4(6082 6102 6142 6122)
4(6121 6122 6142 6141)
4(6083 6103 6143 6123)
4(6122 6123 6143 6142)
4(6084 6104 6144 6124)
4(6123 6124 6144 6143)
4(6085 6105 6145 6125)
4(6124 6125 6145 6144)
4(6086 6106 6146 6126)
4(6125 6126 6146 6145)
4(6087 6107 6147 6127)
4(6126 6127 6147 6146)
4(6088 6108 6148 6128)
4(6127 6128 6148 6147)
4(6089 6109 6149 6129)
4(6128 6129 6149 6148)
4(6090 6110 6150 6130)
4(6129 6130 6150 6149)
4(6091 6111 6151 6131)
4(6130 6131 6151 6150)
4(6092 6112 6152 6132)
4(6131 6132 6152 6151)
4(6093 6113 6153 6133)
4(6132 6133 6153 6152)
4(6094 6114 6154 6134)
4(6133 6134 6154 6153)
4(6095 6115 6155 6135)
4(6134 6135 6155 6154)
4(6096 6116 6156 6136)
4(6135 6136 6156 6155)
4(6097 6117 6157 6137)
4(6136 6137 6157 6156)
4(6098 6118 6158 6138)
4(6137 6138 6158 6157)
4(6099 6119 6159 6139)
4(6138 6139 6159 6158)
4(6139 6140 6160 6159)
4(6121 6141 6181 6161)
4(2712 6161 6181 2727)
4(6122 6142 6182 6162)
4(6161 6162 6182 6181)
4(6123 6143 6183 6163)
4(6162 6163 6183 6182)
4(6124 6144 6184 6164)
4(6163 6164 6184 6183)
4(6125 6145 6185 6165)
4(6164 6165 6185 6184)
4(6126 6146 6186 6166)
4(6165 6166 6186 6185)
4(6127 6147 6187 6167)
4(6166 6167 6187 6186)
4(6128 6148 6188 6168)
4(6167 6168 6188 6187)
4(6129 6149 6189 6169)
4(6168 6169 6189 6188)
4(6130 6150 6190 6170)
4(6169 6170 6190 6189)
4(6131 6151 6191 6171)
4(6170 6171 6191 6190)
4(6132 6152 6192 6172)
4(6171 6172 6192 6191)
4(6133 6153 6193 6173)
4(6172 6173 6193 6192)
4(6134 6154 6194 6174)
4(6173 6174 6194 6193)
4(6135 6155 6195 6175)
4(6174 6175 6195 6194)
4(6136 6156 6196 6176)
4(6175 6176 6196 6195)
4(6137 6157 6197 6177)
4(6176 6177 6197 6196)
4(6138 6158 6198 6178)
4(6177 6178 6198 6197)
4(6139 6159 6199 6179)
4(6178 6179 6199 6198)
4(6179 6180 6200 6199)
4(6161 6181 6221 6201)
4(2743 6201 6221 2758)
4(6162 6182 6222 6202)
4(6201 6202 6222 6221)
4(6163 6183 6223 6203)
4(6202 6203 6223 6222)
4(6164 6184 6224 6204)
4(6203 6204 6224 6223)
4(6165 6185 6225 6205)
4(6204 6205 6225 6224)
4(6166 6186 6226 6206)
4(6205 6206 6226 6225)
4(6167 6187 6227 6207)
4(6206 6207 6227 6226)
4(6168 6188 6228 6208)
4(6207 6208 6228 6227)
4(6169 6189 6229 6209)
4(6208 6209 6229 6228)
4(6170 6190 6230 6210)
4(6209 6210 6230 6229)
4(6171 6191 6231 6211)
4(6210 6211 6231 6230)
4(6172 6192 6232 6212)
4(6211 6212 6232 6231)
4(6173 6193 6233 6213)
4(6212 6213 6233 6232)
4(6174 6194 6234 6214)
4(6213 6214 6234 6233)
4(6175 6195 6235 6215)
4(6214 6215 6235 6234)
4(6176 6196 6236 6216)
4(6215 6216 6236 6235)
4(6177 6197 6237 6217)
4(6216 6217 6237 6236)
4(6178 6198 6238 6218)
4(6217 6218 6238 6237)
4(6179 6199 6239 6219)
4(6218 6219 6239 6238)
4(6219 6220 6240 6239)
4(6201 6221 6261 6241)
4(2774 6241 6261 2789)
4(6202 6222 6262 6242)
4(6241 6242 6262 6261)
4(6203 6223 6263 6243)
4(6242 6243 6263 6262)
4(6204 6224 6264 6244)
4(6243 6244 6264 6263)
4(6205 6225 6265 6245)
4(6244 6245 6265 6264)
4(6206 6226 6266 6246)
4(6245 6246 6266 6265)
4(6207 6227 6267 6247)
4(6246 6247 6267 6266)
4(6208 6228 6268 6248)
4(6247 6248 6268 6267)
4(6209 6229 6269 6249)
4(6248 6249 6269 6268)
4(6210 6230 6270 6250)
4(6249 6250 6270 6269)
4(6211 6231 6271 6251)
4(6250 6251 6271 6270)
4(6212 6232 6272 6252)
4(6251 6252 6272 6271)
4(6213 6233 6273 6253)
4(6252 6253 6273 6272)
4(6214 6234 6274 6254)
4(6253 6254 6274 6273)
4(6215 6235 6275 6255)
4(6254 6255 6275 6274)
4(6216 6236 6276 6256)
4(6255 6256 6276 6275)
4(6217 6237 6277 6257)
4(6256 6257 6277 6276)
4(6218 6238 6278 6258)
4(6257 6258 6278 6277)
4(6219 6239 6279 6259)
4(6258 6259 6279 6278)
4(6259 6260 6280 6279)
4(6241 6261 6301 6281)
4(2805 6281 6301 2820)
4(6242 6262 6302 6282)
4(6281 6282 6302 6301)
4(6243 6263 6303 6283)
4(6282 6283 6303 6302)
4(6244 6264 6304 6284)
4(6283 6284 6304 6303)
4(6245 6265 6305 6285)
4(6284 6285 6305 6304)
4(6246 6266 6306 6286)
4(6285 6286 6306 6305)
4(6247 6267 6307 6287)
4(6286 6287 6307 6306)
4(6248 6268 6308 6288)
4(6287 6288 6308 6307)
4(6249 6269 6309 6289)
4(6288 6289 6309 6308)
4(6250 6270 6310 6290)
4(6289 6290 6310 6309)
4(6251 6271 6311 6291)
4(6290 6291 6311 6310)
4(6252 6272 6312 6292)
4(6291 6292 6312 6311)
4(6253 6273 6313 6293)
4(6292 6293 6313 6312)
4(6254 6274 6314 6294)
4(6293 6294 6314 6313)
4(6255 6275 6315 6295)
4(6294 6295 6315 6314)
4(6256 6276 6316 6296)
4(6295 6296 6316 6315)
4(6257 6277 6317 6297)
4(6296 6297 6317 6316)
4(6258 6278 6318 6298)
4(6297 6298 6318 6317)
4(6259 6279 6319 6299)
4(6298 6299 6319 6318)
4(6299 6300 6320 6319)
4(6281 6301 6341 6321)
4(2836 6321 6341 2851)
4(6282 6302 6342 6322)
4(6321 6322 6342 6341)
4(6283 6303 6343 6323)
4(6322 6323 6343 6342)
4(6284 6304 6344 6324)
4(6323 6324 6344 6343)
4(6285 6305 6345 6325)
4(6324 6325 6345 6344)
4(6286 6306 6346 6326)
4(6325 6326 6346 6345)
4(6287 6307 6347 6327)
4(6326 6327 6347 6346)
4(6288 6308 6348 6328)
4(6327 6328 6348 6347)
4(6289 6309 6349 6329)
4(6328 6329 6349 6348)
4(6290 6310 6350 6330)
4(6329 6330 6350 6349)
4(6291 6311 6351 6331)
4(6330 6331 6351 6350)
4(6292 6312 6352 6332)
4(6331 6332 6352 6351)
4(6293 6313 6353 6333)
4(6332 6333 6353 6352)
4(6294 6314 6354 6334)
4(6333 6334 6354 6353)
4(6295 6315 6355 6335)
4(6334 6335 6355 6354)
4(6296 6316 6356 6336)
4(6335 6336 6356 6355)
4(6297 6317 6357 6337)
4(6336 6337 6357 6356)
4(6298 6318 6358 6338)
4(6337 6338 6358 6357)
4(6299 6319 6359 6339)
4(6338 6339 6359 6358)
4(6339 6340 6360 6359)
4(6321 6341 6381 6361)
4(2867 6361 6381 2882)
4(6322 6342 6382 6362)
4(6361 6362 6382 6381)
4(6323 6343 6383 6363)
4(6362 6363 6383 6382)
4(6324 6344 6384 6364)
4(6363 6364 6384 6383)
4(6325 6345 6385 6365)
4(6364 6365 6385 6384)
4(6326 6346 6386 6366)
4(6365 6366 6386 6385)
4(6327 6347 6387 6367)
4(6366 6367 6387 6386)
4(6328 6348 6388 6368)
4(6367 6368 6388 6387)
4(6329 6349 6389 6369)
4(6368 6369 6389 6388)
4(6330 6350 6390 6370)
4(6369 6370 6390 6389)
4(6331 6351 6391 6371)
4(6370 6371 6391 6390)
4(6332 6352 6392 6372)
4(6371 6372 6392 6391)
4(6333 6353 6393 6373)
4(6372 6373 6393 6392)
4(6334 6354 6394 6374)
4(6373 6374 6394 6393)
4(6335 6355 6395 6375)
4(6374 6375 6395 6394)
4(6336 6356 6396 6376)
4(6375 6376 6396 6395)
4(6337 6357 6397 6377)
4(6376 6377 6397 6396)
4(6338 6358 6398 6378)
4(6377 6378 6398 6397)
4(6339 6359 6399 6379)
4(6378 6379 6399 6398)
4(6379 6380 6400 6399)
4(6361 6381 6421 6401)
4(2898 6401 6421 2913)
4(6362 6382 6422 6402)
4(6401 6402 6422 6421)
4(6363 6383 6423 6403)
4(6402 6403 6423 6422)
4(6364 6384 6424 6404)
4(6403 6404 6424 6423)
4(6365 6385 6425 6405)
4(6404 6405 6425 6424)
4(6366 6386 6426 6406)
4(6405 6406 6426 6425)
4(6367 6387 6427 6407)
4(6406 6407 6427 6426)
4(6368 6388 6428 6408)
4(6407 6408 6428 6427)
4(6369 6389 6429 6409)
4(6408 6409 6429 6428)
4(6370 6390 6430 6410)
4(6409 6410 6430 6429)
4(6371 6391 6431 6411)
4(6410 6411 6431 6430)
4(6372 6392 6432 6412)
4(6411 6412 6432 6431)
4(6373 6393 6433 6413)
4(6412 6413 6433 6432)
4(6374 6394 6434 6414)
4(6413 6414 6434 6433)
4(6375 6395 6435 6415)
4(6414 6415 6435 6434)
4(6376 6396 6436 6416)
4(6415 6416 6436 6435)
4(6377 6397 6437 6417)
4(6416 6417 6437 6436)
4(6378 6398 6438 6418)
4(6417 6418 6438 6437)
4(6379 6399 6439 6419)
4(6418 6419 6439 6438)
4(6419 6420 6440 6439)
4(6401 6421 6461 6441)
4(2929 6441 6461 2944)
4(6402 6422 6462 6442)
4(6441 6442 6462 6461)
4(6403 6423 6463 6443)
4(6442 6443 6463 6462)
4(6404 6424 6464 6444)
4(6443 6444 6464 6463)
4(6405 6425 6465 6445)
4(6444 6445 6465 6464)
4(6406 6426 6466 6446)
4(6445 6446 6466 6465)
4(6407 6427 6467 6447)
4(6446 6447 6467 6466)
4(6408 6428 6468 6448)
4(6447 6448 6468 6467)
4(6409 6429 6469 6449)
4(6448 6449 6469 6468)
4(6410 6430 6470 6450)
4(6449 6450 6470 6469)
4(6411 6431 6471 6451)
4(6450 6451 6471 6470)
4(6412 6432 6472 6452)
4(6451 6452 6472 6471)
4(6413 6433 6473 6453)
4(6452 6453 6473 6472)
4(6414 6434 6474 6454)
4(6453 6454 6474 6473)
4(6415 6435 6475 6455)
4(6454 6455 6475 6474)
4(6416 6436 6476 6456)
4(6455 6456 6476 6475)
4(6417 6437 6477 6457)
4(6456 6457 6477 6476)
4(6418 6438 6478 6458)
4(6457 6458 6478 6477)
4(6419 6439 6479 6459)
4(6458 6459 6479 6478)
4(6459 6460 6480 6479)
4(6441 6461 6501 6481)
4(2960 6481 6501 2975)
4(6442 6462 6502 6482)
4(6481 6482 6502 6501)
4(6443 6463 6503 6483)
4(6482 6483 6503 6502)
4(6444 6464 6504 6484)
4(6483 6484 6504 6503)
4(6445 6465 6505 6485)
4(6484 6485 6505 6504)
4(6446 6466 6506 6486)
4(6485 6486 6506 6505)
4(6447 6467 6507 6487)
4(6486 6487 6507 6506)
4(6448 6468 6508 6488)
4(6487 6488 6508 6507)
4(6449 6469 6509 6489)
4(6488 6489 6509 6508)
4(6450 6470 6510 6490)
4(6489 6490 6510 6509)
4(6451 6471 6511 6491)
4(6490 6491 6511 6510)
4(6452 6472 6512 6492)
4(6491 6492 6512 6511)
4(6453 6473 6513 6493)
4(6492 6493 6513 6512)
4(6454 6474 6514 6494)
4(6493 6494 6514 6513)
4(6455 6475 6515 6495)
4(6494 6495 6515 6514)
4(6456 6476 6516 6496)
4(6495 6496 6516 6515)
4(6457 6477 6517 6497)
4(6496 6497 6517 6516)
4(6458 6478 6518 6498)
4(6497 6498 6518 6517)
4(6459 6479 6519 6499)
4(6498 6499 6519 6518)
4(6499 6500 6520 6519)
4(6481 6501 6541 6521)
4(2991 6521 6541 3006)
4(6482 6502 6542 6522)
4(6521 6522 6542 6541)
4(6483 6503 6543 6523)
4(6522 6523 6543 6542)
4(6484 6504 6544 6524)
4(6523 6524 6544 6543)
4(6485 6505 6545 6525)
4(6524 6525 6545 6544)
4(6486 6506 6546 6526)
4(6525 6526 6546 6545)
4(6487 6507 6547 6527)
4(6526 6527 6547 6546)
4(6488 6508 6548 6528)
4(6527 6528 6548 6547)
4(6489 6509 6549 6529)
4(6528 6529 6549 6548)
4(6490 6510 6550 6530)
4(6529 6530 6550 6549)
4(6491 6511 6551 6531)
4(6530 6531 6551 6550)
4(6492 6512 6552 6532)
4(6531 6532 6552 6551)
4(6493 6513 6553 6533)
4(6532 6533 6553 6552)
4(6494 6514 6554 6534)
4(6533 6534 6554 6553)
4(6495 6515 6555 6535)
4(6534 6535 6555 6554)
4(6496 6516 6556 6536)
4(6535 6536 6556 6555)
4(6497 6517 6557 6537)
4(6536 6537 6557 6556)
4(6498 6518 6558 6538)
4(6537 6538 6558 6557)
4(6499 6519 6559 6539)
4(6538 6539 6559 6558)
4(6539 6540 6560 6559)
4(6521 6541 6581 6561)
4(3022 6561 6581 3037)
4(6522 6542 6582 6562)
4(6561 6562 6582 6581)
4(6523 6543 6583 6563)
4(6562 6563 6583 6582)
4(6524 6544 6584 6564)
4(6563 6564 6584 6583)
4(6525 6545 6585 6565)
4(6564 6565 6585 6584)
4(6526 6546 6586 6566)
4(6565 6566 6586 6585)
4(6527 6547 6587 6567)
4(6566 6567 6587 6586)
4(6528 6548 6588 6568)
4(6567 6568 6588 6587)
4(6529 6549 6589 6569)
4(6568 6569 6589 6588)
4(6530 6550 6590 6570)
4(6569 6570 6590 6589)
4(6531 6551 6591 6571)
4(6570 6571 6591 6590)
4(6532 6552 6592 6572)
4(6571 6572 6592 6591)
4(6533 6553 6593 6573)
4(6572 6573 6593 6592)
4(6534 6554 6594 6574)
4(6573 6574 6594 6593)
4(6535 6555 6595 6575)
4(6574 6575 6595 6594)
4(6536 6556 6596 6576)
4(6575 6576 6596 6595)
4(6537 6557 6597 6577)
4(6576 6577 6597 6596)
4(6538 6558 6598 6578)
4(6577 6578 6598 6597)
4(6539 6559 6599 6579)
4(6578 6579 6599 6598)
4(6579 6580 6600 6599)
4(6561 6581 6621 6601)
4(3053 6601 6621 3068)
4(6562 6582 6622 6602)
4(6601 6602 6622 6621)
4(6563 6583 6623 6603)
4(6602 6603 6623 6622)
4(6564 6584 6624 6604)
4(6603 6604 6624 6623)
4(6565 6585 6625 6605)
4(6604 6605 6625 6624)
4(6566 6586 6626 6606)
4(6605 6606 6626 6625)
4(6567 6587 6627 6607)
4(6606 6607 6627 6626)
4(6568 6588 6628 6608)
4(6607 6608 6628 6627)
4(6569 6589 6629 6609)
4(6608 6609 6629 6628)
4(6570 6590 6630 6610)
4(6609 6610 6630 6629)
4(6571 6591 6631 6611)
4(6610 6611 6631 6630)
4(6572 6592 6632 6612)
4(6611 6612 6632 6631)
4(6573 6593 6633 6613)
4(6612 6613 6633 6632)
4(6574 6594 6634 6614)
4(6613 6614 6634 6633)
4(6575 6595 6635 6615)
4(6614 6615 6635 6634)
4(6576 6596 6636 6616)
4(6615 6616 6636 6635)
4(6577 6597 6637 6617)
4(6616 6617 6637 6636)
4(6578 6598 6638 6618)
4(6617 6618 6638 6637)
4(6579 6599 6639 6619)
4(6618 6619 6639 6638)
4(6619 6620 6640 6639)
4(6601 6621 6661 6641)
4(3084 6641 6661 3099)
4(6602 6622 6662 6642)
4(6641 6642 6662 6661)
4(6603 6623 6663 6643)
4(6642 6643 6663 6662)
4(6604 6624 6664 6644)
4(6643 6644 6664 6663)
4(6605 6625 6665 6645)
4(6644 6645 6665 6664)
4(6606 6626 6666 6646)
4(6645 6646 6666 6665)
4(6607 6627 6667 6647)
4(6646 6647 6667 6666)
4(6608 6628 6668 6648)
4(6647 6648 6668 6667)
4(6609 6629 6669 6649)
4(6648 6649 6669 6668)
4(6610 6630 6670 6650)
4(6649 6650 6670 6669)
4(6611 6631 6671 6651)
4(6650 6651 6671 6670)
4(6612 6632 6672 6652)
4(6651 6652 6672 6671)
4(6613 6633 6673 6653)
4(6652 6653 6673 6672)
4(6614 6634 6674 6654)
4(6653 6654 6674 6673)
4(6615 6635 6675 6655)
4(6654 6655 6675 6674)
4(6616 6636 6676 6656)
4(6655 6656 6676 6675)
4(6617 6637 6677 6657)
4(6656 6657 6677 6676)
4(6618 6638 6678 6658)
4(6657 6658 6678 6677)
4(6619 6639 6679 6659)
4(6658 6659 6679 6678)
4(6659 6660 6680 6679)
4(6641 6661 6701 6681)
4(3115 6681 6701 3130)
4(6642 6662 6702 6682)
4(6681 6682 6702 6701)
4(6643 6663 6703 6683)
4(6682 6683 6703 6702)
4(6644 6664 6704 6684)
4(6683 6684 6704 6703)
4(6645 6665 6705 6685)
4(6684 6685 6705 6704)
4(6646 6666 6706 6686)
4(6685 6686 6706 6705)
4(6647 6667 6707 6687)
4(6686 6687 6707 6706)
4(6648 6668 6708 6688)
4(6687 6688 6708 6707)
4(6649 6669 6709 6689)
4(6688 6689 6709 6708)
4(6650 6670 6710 6690)
4(6689 6690 6710 6709)
4(6651 6671 6711 6691)
4(6690 6691 6711 6710)
4(6652 6672 6712 6692)
4(6691 6692 6712 6711)
4(6653 6673 6713 6693)
4(6692 6693 6713 6712)
4(6654 6674 6714 6694)
4(6693 6694 6714 6713)
4(6655 6675 6715 6695)
4(6694 6695 6715 6714)
4(6656 6676 6716 6696)
4(6695 6696 6716 6715)
4(6657 6677 6717 6697)
4(6696 6697 6717 6716)
4(6658 6678 6718 6698)
4(6697 6698 6718 6717)
4(6659 6679 6719 6699)
4(6698 6699 6719 6718)
4(6699 6700 6720 6719)
4(6681 6701 6741 6721)
4(3146 6721 6741 3161)
4(6682 6702 6742 6722)
4(6721 6722 6742 6741)
4(6683 6703 6743 6723)
4(6722 6723 6743 6742)
4(6684 6704 6744 6724)
4(6723 6724 6744 6743)
4(6685 6705 6745 6725)
4(6724 6725 6745 6744)
4(6686 6706 6746 6726)
4(6725 6726 6746 6745)
4(6687 6707 6747 6727)
4(6726 6727 6747 6746)
4(6688 6708 6748 6728)
4(6727 6728 6748 6747)
4(6689 6709 6749 6729)
4(6728 6729 6749 6748)
4(6690 6710 6750 6730)
4(6729 6730 6750 6749)
4(6691 6711 6751 6731)
4(6730 6731 6751 6750)
4(6692 6712 6752 6732)
4(6731 6732 6752 6751)
4(6693 6713 6753 6733)
4(6732 6733 6753 6752)
4(6694 6714 6754 6734)
4(6733 6734 6754 6753)
4(6695 6715 6755 6735)
4(6734 6735 6755 6754)
4(6696 6716 6756 6736)
4(6735 6736 6756 6755)
4(6697 6717 6757 6737)
4(6736 6737 6757 6756)
4(6698 6718 6758 6738)
4(6737 6738 6758 6757)
4(6699 6719 6759 6739)
4(6738 6739 6759 6758)
4(6739 6740 6760 6759)
4(6721 6741 6781 6761)
4(3177 6761 6781 3192)
4(6722 6742 6782 6762)
4(6761 6762 6782 6781)
4(6723 6743 6783 6763)
4(6762 6763 6783 6782)
4(6724 6744 6784 6764)
4(6763 6764 6784 6783)
4(6725 6745 6785 6765)
4(6764 6765 6785 6784)
4(6726 6746 6786 6766)
4(6765 6766 6786 6785)
4(6727 6747 6787 6767)
4(6766 6767 6787 6786)
4(6728 6748 6788 6768)
4(6767 6768 6788 6787)
4(6729 6749 6789 6769)
4(6768 6769 6789 6788)
4(6730 6750 6790 6770)
4(6769 6770 6790 6789)
4(6731 6751 6791 6771)
4(6770 6771 6791 6790)
4(6732 6752 6792 6772)
4(6771 6772 6792 6791)
4(6733 6753 6793 6773)
4(6772 6773 6793 6792)
4(6734 6754 6794 6774)
4(6773 6774 6794 6793)
4(6735 6755 6795 6775)
4(6774 6775 6795 6794)
4(6736 6756 6796 6776)
4(6775 6776 6796 6795)
4(6737 6757 6797 6777)
4(6776 6777 6797 6796)
4(6738 6758 6798 6778)
4(6777 6778 6798 6797)
4(6739 6759 6799 6779)
4(6778 6779 6799 6798)
4(6779 6780 6800 6799)
4(6761 6781 6821 6801)
4(3208 6801 6821 3223)
4(6762 6782 6822 6802)
4(6801 6802 6822 6821)
4(6763 6783 6823 6803)
4(6802 6803 6823 6822)
4(6764 6784 6824 6804)
4(6803 6804 6824 6823)
4(6765 6785 6825 6805)
4(6804 6805 6825 6824)
4(6766 6786 6826 6806)
4(6805 6806 6826 6825)
4(6767 6787 6827 6807)
4(6806 6807 6827 6826)
4(6768 6788 6828 6808)
4(6807 6808 6828 6827)
4(6769 6789 6829 6809)
4(6808 6809 6829 6828)
4(6770 6790 6830 6810)
4(6809 6810 6830 6829)
4(6771 6791 6831 6811)
4(6810 6811 6831 6830)
4(6772 6792 6832 6812)
4(6811 6812 6832 6831)
4(6773 6793 6833 6813)
4(6812 6813 6833 6832)
4(6774 6794 6834 6814)
4(6813 6814 6834 6833)
4(6775 6795 6835 6815)
4(6814 6815 6835 6834)
4(6776 6796 6836 6816)
4(6815 6816 6836 6835)
4(6777 6797 6837 6817)
4(6816 6817 6837 6836)
4(6778 6798 6838 6818)
4(6817 6818 6838 6837)
4(6779 6799 6839 6819)
4(6818 6819 6839 6838)
4(6819 6820 6840 6839)
4(6801 6821 6861 6841)
4(3239 6841 6861 3254)
4(6802 6822 6862 6842)
4(6841 6842 6862 6861)
4(6803 6823 6863 6843)
4(6842 6843 6863 6862)
4(6804 6824 6864 6844)
4(6843 6844 6864 6863)
4(6805 6825 6865 6845)
4(6844 6845 6865 6864)
4(6806 6826 6866 6846)
4(6845 6846 6866 6865)
4(6807 6827 6867 6847)
4(6846 6847 6867 6866)
4(6808 6828 6868 6848)
4(6847 6848 6868 6867)
4(6809 6829 6869 6849)
4(6848 6849 6869 6868)
4(6810 6830 6870 6850)
4(6849 6850 6870 6869)
4(6811 6831 6871 6851)
4(6850 6851 6871 6870)
4(6812 6832 6872 6852)
4(6851 6852 6872 6871)
4(6813 6833 6873 6853)
4(6852 6853 6873 6872)
4(6814 6834 6874 6854)
4(6853 6854 6874 6873)
4(6815 6835 6875 6855)
4(6854 6855 6875 6874)
4(6816 6836 6876 6856)
4(6855 6856 6876 6875)
4(6817 6837 6877 6857)
4(6856 6857 6877 6876)
4(6818 6838 6878 6858)
4(6857 6858 6878 6877)
4(6819 6839 6879 6859)
4(6858 6859 6879 6878)
4(6859 6860 6880 6879)
4(6841 6861 6901 6881)
4(3270 6881 6901 3285)
4(6842 6862 6902 6882)
4(6881 6882 6902 6901)
4(6843 6863 6903 6883)
4(6882 6883 6903 6902)
4(6844 6864 6904 6884)
4(6883 6884 6904 6903)
4(6845 6865 6905 6885)
4(6884 6885 6905 6904)
4(6846 6866 6906 6886)
4(6885 6886 6906 6905)
4(6847 6867 6907 6887)
4(6886 6887 6907 6906)
4(6848 6868 6908 6888)
4(6887 6888 6908 6907)
4(6849 6869 6909 6889)
4(6888 6889 6909 6908)
4(6850 6870 6910 6890)
4(6889 6890 6910 6909)
4(6851 6871 6911 6891)
4(6890 6891 6911 6910)
4(6852 6872 6912 6892)
4(6891 6892 6912 6911)
4(6853 6873 6913 6893)
4(6892 6893 6913 6912)
4(6854 6874 6914 6894)
4(6893 6894 6914 6913)
4(6855 6875 6915 6895)
4(6894 6895 6915 6914)
4(6856 6876 6916 6896)
4(6895 6896 6916 6915)
4(6857 6877 6917 6897)
4(6896 6897 6917 6916)
4(6858 6878 6918 6898)
4(6897 6898 6918 6917)
4(6859 6879 6919 6899)
4(6898 6899 6919 6918)
4(6899 6900 6920 6919)
4(6881 6901 6941 6921)
4(3301 6921 6941 3316)
4(6882 6902 6942 6922)
4(6921 6922 6942 6941)
4(6883 6903 6943 6923)
4(6922 6923 6943 6942)
4(6884 6904 6944 6924)
4(6923 6924 6944 6943)
4(6885 6905 6945 6925)
4(6924 6925 6945 6944)
4(6886 6906 6946 6926)
4(6925 6926 6946 6945)
4(6887 6907 6947 6927)
4(6926 6927 6947 6946)
4(6888 6908 6948 6928)
4(6927 6928 6948 6947)
4(6889 6909 6949 6929)
4(6928 6929 6949 6948)
4(6890 6910 6950 6930)
4(6929 6930 6950 6949)
4(6891 6911 6951 6931)
4(6930 6931 6951 6950)
4(6892 6912 6952 6932)
4(6931 6932 6952 6951)
4(6893 6913 6953 6933)
4(6932 6933 6953 6952)
4(6894 6914 6954 6934)
4(6933 6934 6954 6953)
4(6895 6915 6955 6935)
4(6934 6935 6955 6954)
4(6896 6916 6956 6936)
4(6935 6936 6956 6955)
4(6897 6917 6957 6937)
4(6936 6937 6957 6956)
4(6898 6918 6958 6938)
4(6937 6938 6958 6957)
4(6899 6919 6959 6939)
4(6938 6939 6959 6958)
4(6939 6940 6960 6959)
4(6921 6941 6981 6961)
4(3332 6961 6981 3347)
4(6922 6942 6982 6962)
4(6961 6962 6982 6981)
4(6923 6943 6983 6963)
4(6962 6963 6983 6982)
4(6924 6944 6984 6964)
4(6963 6964 6984 6983)
4(6925 6945 6985 6965)
4(6964 6965 6985 6984)
4(6926 6946 6986 6966)
4(6965 6966 6986 6985)
4(6927 6947 6987 6967)
4(6966 6967 6987 6986)
4(6928 6948 6988 6968)
4(6967 6968 6988 6987)
4(6929 6949 6989 6969)
4(6968 6969 6989 6988)
4(6930 6950 6990 6970)
4(6969 6970 6990 6989)
4(6931 6951 6991 6971)
4(6970 6971 6991 6990)
4(6932 6952 6992 6972)
4(6971 6972 6992 6991)
4(6933 6953 6993 6973)
4(6972 6973 6993 6992)
4(6934 6954 6994 6974)
4(6973 6974 6994 6993)
4(6935 6955 6995 6975)
4(6974 6975 6995 6994)
4(6936 6956 6996 6976)
4(6975 6976 6996 6995)
4(6937 6957 6997 6977)
4(6976 6977 6997 6996)
4(6938 6958 6998 6978)
4(6977 6978 6998 6997)
4(6939 6959 6999 6979)
4(6978 6979 6999 6998)
4(6979 6980 7000 6999)
4(6961 6981 7021 7001)
4(3363 7001 7021 3378)
4(6962 6982 7022 7002)
4(7001 7002 7022 7021)
4(6963 6983 7023 7003)
4(7002 7003 7023 7022)
4(6964 6984 7024 7004)
4(7003 7004 7024 7023)
4(6965 6985 7025 7005)
4(7004 7005 7025 7024)
4(6966 6986 7026 7006)
4(7005 7006 7026 7025)
4(6967 6987 7027 7007)
4(7006 7007 7027 7026)
4(6968 6988 7028 7008)
4(7007 7008 7028 7027)
4(6969 6989 7029 7009)
4(7008 7009 7029 7028)
4(6970 6990 7030 7010)
4(7009 7010 7030 7029)
4(6971 6991 7031 7011)
4(7010 7011 7031 7030)
4(6972 6992 7032 7012)
4(7011 7012 7032 7031)
4(6973 6993 7033 7013)
4(7012 7013 7033 7032)
4(6974 6994 7034 7014)
4(7013 7014 7034 7033)
4(6975 6995 7035 7015)
4(7014 7015 7035 7034)
4(6976 6996 7036 7016)
4(7015 7016 7036 7035)
4(6977 6997 7037 7017)
4(7016 7017 7037 7036)
4(6978 6998 7038 7018)
4(7017 7018 7038 7037)
4(6979 6999 7039 7019)
4(7018 7019 7039 7038)
4(7019 7020 7040 7039)
4(7001 7021 7061 7041)
4(3394 7041 7061 3409)
4(7002 7022 7062 7042)
4(7041 7042 7062 7061)
4(7003 7023 7063 7043)
4(7042 7043 7063 7062)
4(7004 7024 7064 7044)
4(7043 7044 7064 7063)
4(7005 7025 7065 7045)
4(7044 7045 7065 7064)
4(7006 7026 7066 7046)
4(7045 7046 7066 7065)
4(7007 7027 7067 7047)
4(7046 7047 7067 7066)
4(7008 7028 7068 7048)
4(7047 7048 7068 7067)
4(7009 7029 7069 7049)
4(7048 7049 7069 7068)
4(7010 7030 7070 7050)
4(7049 7050 7070 7069)
4(7011 7031 7071 7051)
4(7050 7051 7071 7070)
4(7012 7032 7072 7052)
4(7051 7052 7072 7071)
4(7013 7033 7073 7053)
4(7052 7053 7073 7072)
4(7014 7034 7074 7054)
4(7053 7054 7074 7073)
4(7015 7035 7075 7055)
4(7054 7055 7075 7074)
4(7016 7036 7076 7056)
4(7055 7056 7076 7075)
4(7017 7037 7077 7057)
4(7056 7057 7077 7076)
4(7018 7038 7078 7058)
4(7057 7058 7078 7077)
4(7019 7039 7079 7059)
4(7058 7059 7079 7078)
4(7059 7060 7080 7079)
4(7041 7061 7101 7081)
4(3425 7081 7101 3440)
4(7042 7062 7102 7082)
4(7081 7082 7102 7101)
4(7043 7063 7103 7083)
4(7082 7083 7103 7102)
4(7044 7064 7104 7084)
4(7083 7084 7104 7103)
4(7045 7065 7105 7085)
4(7084 7085 7105 7104)
4(7046 7066 7106 7086)
4(7085 7086 7106 7105)
4(7047 7067 7107 7087)
4(7086 7087 7107 7106)
4(7048 7068 7108 7088)
4(7087 7088 7108 7107)
4(7049 7069 7109 7089)
4(7088 7089 7109 7108)
4(7050 7070 7110 7090)
4(7089 7090 7110 7109)
4(7051 7071 7111 7091)
4(7090 7091 7111 7110)
4(7052 7072 7112 7092)
4(7091 7092 7112 7111)
4(7053 7073 7113 7093)
4(7092 7093 7113 7112)
4(7054 7074 7114 7094)
4(7093 7094 7114 7113)
4(7055 7075 7115 7095)
4(7094 7095 7115 7114)
4(7056 7076 7116 7096)
4(7095 7096 7116 7115)
4(7057 7077 7117 7097)
4(7096 7097 7117 7116)
4(7058 7078 7118 7098)
4(7097 7098 7118 7117)
4(7059 7079 7119 7099)
4(7098 7099 7119 7118)
4(7099 7100 7120 7119)
4(7081 7101 7141 7121)
4(3456 7121 7141 3471)
4(7082 7102 7142 7122)
4(7121 7122 7142 7141)
4(7083 7103 7143 7123)
4(7122 7123 7143 7142)
4(7084 7104 7144 7124)
4(7123 7124 7144 7143)
4(7085 7105 7145 7125)
4(7124 7125 7145 7144)
4(7086 7106 7146 7126)
4(7125 7126 7146 7145)
4(7087 7107 7147 7127)
4(7126 7127 7147 7146)
4(7088 7108 7148 7128)
4(7127 7128 7148 7147)
4(7089 7109 7149 7129)
4(7128 7129 7149 7148)
4(7090 7110 7150 7130)
4(7129 7130 7150 7149)
4(7091 7111 7151 7131)
4(7130 7131 7151 7150)
4(7092 7112 7152 7132)
4(7131 7132 7152 7151)
4(7093 7113 7153 7133)
4(7132 7133 7153 7152)
4(7094 7114 7154 7134)
4(7133 7134 7154 7153)
4(7095 7115 7155 7135)
4(7134 7135 7155 7154)
4(7096 7116 7156 7136)
4(7135 7136 7156 7155)
4(7097 7117 7157 7137)
4(7136 7137 7157 7156)
4(7098 7118 7158 7138)
4(7137 7138 7158 7157)
4(7099 7119 7159 7139)
4(7138 7139 7159 7158)
4(7139 7140 7160 7159)
4(7121 7141 7181 7161)
4(3487 7161 7181 3502)
4(7122 7142 7182 7162)
4(7161 7162 7182 7181)
4(7123 7143 7183 7163)
4(7162 7163 7183 7182)
4(7124 7144 7184 7164)
4(7163 7164 7184 7183)
4(7125 7145 7185 7165)
4(7164 7165 7185 7184)
4(7126 7146 7186 7166)
4(7165 7166 7186 7185)
4(7127 7147 7187 7167)
4(7166 7167 7187 7186)
4(7128 7148 7188 7168)
4(7167 7168 7188 7187)
4(7129 7149 7189 7169)
4(7168 7169 7189 7188)
4(7130 7150 7190 7170)
4(7169 7170 7190 7189)
4(7131 7151 7191 7171)
4(7170 7171 7191 7190)
4(7132 7152 7192 7172)
4(7171 7172 7192 7191)
4(7133 7153 7193 7173)
4(7172 7173 7193 7192)
4(7134 7154 7194 7174)
4(7173 7174 7194 7193)
4(7135 7155 7195 7175)
4(7174 7175 7195 7194)
4(7136 7156 7196 7176)
4(7175 7176 7196 7195)
4(7137 7157 7197 7177)
4(7176 7177 7197 7196)
4(7138 7158 7198 7178)
4(7177 7178 7198 7197)
4(7139 7159 7199 7179)
4(7178 7179 7199 7198)
4(7179 7180 7200 7199)
4(7161 7181 7221 7201)
4(3518 7201 7221 3533)
4(7162 7182 7222 7202)
4(7201 7202 7222 7221)
4(7163 7183 7223 7203)
4(7202 7203 7223 7222)
4(7164 7184 7224 7204)
4(7203 7204 7224 7223)
4(7165 7185 7225 7205)
4(7204 7205 7225 7224)
4(7166 7186 7226 7206)
4(7205 7206 7226 7225)
4(7167 7187 7227 7207)
4(7206 7207 7227 7226)
4(7168 7188 7228 7208)
4(7207 7208 7228 7227)
4(7169 7189 7229 7209)
4(7208 7209 7229 7228)
4(7170 7190 7230 7210)
4(7209 7210 7230 7229)
4(7171 7191 7231 7211)
4(7210 7211 7231 7230)
4(7172 7192 7232 7212)
4(7211 7212 7232 7231)
4(7173 7193 7233 7213)
4(7212 7213 7233 7232)
4(7174 7194 7234 7214)
4(7213 7214 7234 7233)
4(7175 7195 7235 7215)
4(7214 7215 7235 7234)
4(7176 7196 7236 7216)
4(7215 7216 7236 7235)
4(7177 7197 7237 7217)
4(7216 7217 7237 7236)
4(7178 7198 7238 7218)
4(7217 7218 7238 7237)
4(7179 7199 7239 7219)
4(7218 7219 7239 7238)
4(7219 7220 7240 7239)
4(7201 7221 7261 7241)
4(3549 7241 7261 3564)
4(7202 7222 7262 7242)
4(7241 7242 7262 7261)
4(7203 7223 7263 7243)
4(7242 7243 7263 7262)
4(7204 7224 7264 7244)
4(7243 7244 7264 7263)
4(7205 7225 7265 7245)
4(7244 7245 7265 7264)
4(7206 7226 7266 7246)
4(7245 7246 7266 7265)
4(7207 7227 7267 7247)
4(7246 7247 7267 7266)
4(7208 7228 7268 7248)
4(7247 7248 7268 7267)
4(7209 7229 7269 7249)
4(7248 7249 7269 7268)
4(7210 7230 7270 7250)
4(7249 7250 7270 7269)
4(7211 7231 7271 7251)
4(7250 7251 7271 7270)
4(7212 7232 7272 7252)
4(7251 7252 7272 7271)
4(7213 7233 7273 7253)
4(7252 7253 7273 7272)
4(7214 7234 7274 7254)
4(7253 7254 7274 7273)
4(7215 7235 7275 7255)
4(7254 7255 7275 7274)
4(7216 7236 7276 7256)
4(7255 7256 7276 7275)
4(7217 7237 7277 7257)
4(7256 7257 7277 7276)
4(7218 7238 7278 7258)
4(7257 7258 7278 7277)
4(7219 7239 7279 7259)
4(7258 7259 7279 7278)
4(7259 7260 7280 7279)
4(7241 7261 7301 7281)
4(3580 7281 7301 3595)
4(7242 7262 7302 7282)
4(7281 7282 7302 7301)
4(7243 7263 7303 7283)
4(7282 7283 7303 7302)
4(7244 7264 7304 7284)
4(7283 7284 7304 7303)
4(7245 7265 7305 7285)
4(7284 7285 7305 7304)
4(7246 7266 7306 7286)
4(7285 7286 7306 7305)
4(7247 7267 7307 7287)
4(7286 7287 7307 7306)
4(7248 7268 7308 7288)
4(7287 7288 7308 7307)
4(7249 7269 7309 7289)
4(7288 7289 7309 7308)
4(7250 7270 7310 7290)
4(7289 7290 7310 7309)
4(7251 7271 7311 7291)
4(7290 7291 7311 7310)
4(7252 7272 7312 7292)
4(7291 7292 7312 7311)
4(7253 7273 7313 7293)
4(7292 7293 7313 7312)
4(7254 7274 7314 7294)
4(7293 7294 7314 7313)
4(7255 7275 7315 7295)
4(7294 7295 7315 7314)
4(7256 7276 7316 7296)
4(7295 7296 7316 7315)
4(7257 7277 7317 7297)
4(7296 7297 7317 7316)
4(7258 7278 7318 7298)
4(7297 7298 7318 7317)
4(7259 7279 7319 7299)
4(7298 7299 7319 7318)
4(7299 7300 7320 7319)
4(7281 7301 7341 7321)
4(3611 7321 7341 3626)
4(7282 7302 7342 7322)
4(7321 7322 7342 7341)
4(7283 7303 7343 7323)
4(7322 7323 7343 7342)
4(7284 7304 7344 7324)
4(7323 7324 7344 7343)
4(7285 7305 7345 7325)
4(7324 7325 7345 7344)
4(7286 7306 7346 7326)
4(7325 7326 7346 7345)
4(7287 7307 7347 7327)
4(7326 7327 7347 7346)
4(7288 7308 7348 7328)
4(7327 7328 7348 7347)
4(7289 7309 7349 7329)
4(7328 7329 7349 7348)
4(7290 7310 7350 7330)
4(7329 7330 7350 7349)
4(7291 7311 7351 7331)
4(7330 7331 7351 7350)
4(7292 7312 7352 7332)
4(7331 7332 7352 7351)
4(7293 7313 7353 7333)
4(7332 7333 7353 7352)
4(7294 7314 7354 7334)
4(7333 7334 7354 7353)
4(7295 7315 7355 7335)
4(7334 7335 7355 7354)
4(7296 7316 7356 7336)
4(7335 7336 7356 7355)
4(7297 7317 7357 7337)
4(7336 7337 7357 7356)
4(7298 7318 7358 7338)
4(7337 7338 7358 7357)
4(7299 7319 7359 7339)
4(7338 7339 7359 7358)
4(7339 7340 7360 7359)
4(7321 7341 7381 7361)
4(3642 7361 7381 3657)
4(7322 7342 7382 7362)
4(7361 7362 7382 7381)
4(7323 7343 7383 7363)
4(7362 7363 7383 7382)
4(7324 7344 7384 7364)
4(7363 7364 7384 7383)
4(7325 7345 7385 7365)
4(7364 7365 7385 7384)
4(7326 7346 7386 7366)
4(7365 7366 7386 7385)
4(7327 7347 7387 7367)
4(7366 7367 7387 7386)
4(7328 7348 7388 7368)
4(7367 7368 7388 7387)
4(7329 7349 7389 7369)
4(7368 7369 7389 7388)
4(7330 7350 7390 7370)
4(7369 7370 7390 7389)
4(7331 7351 7391 7371)
4(7370 7371 7391 7390)
4(7332 7352 7392 7372)
4(7371 7372 7392 7391)
4(7333 7353 7393 7373)
4(7372 7373 7393 7392)
4(7334 7354 7394 7374)
4(7373 7374 7394 7393)
4(7335 7355 7395 7375)
4(7374 7375 7395 7394)
4(7336 7356 7396 7376)
4(7375 7376 7396 7395)
4(7337 7357 7397 7377)
4(7376 7377 7397 7396)
4(7338 7358 7398 7378)
4(7377 7378 7398 7397)
4(7339 7359 7399 7379)
4(7378 7379 7399 7398)
4(7379 7380 7400 7399)
4(7361 7381 7421 7401)
4(3673 7401 7421 3688)
4(7362 7382 7422 7402)
4(7401 7402 7422 7421)
4(7363 7383 7423 7403)
4(7402 7403 7423 7422)
4(7364 7384 7424 7404)
4(7403 7404 7424 7423)
4(7365 7385 7425 7405)
4(7404 7405 7425 7424)
4(7366 7386 7426 7406)
4(7405 7406 7426 7425)
4(7367 7387 7427 7407)
4(7406 7407 7427 7426)
4(7368 7388 7428 7408)
4(7407 7408 7428 7427)
4(7369 7389 7429 7409)
4(7408 7409 7429 7428)
4(7370 7390 7430 7410)
4(7409 7410 7430 7429)
4(7371 7391 7431 7411)
4(7410 7411 7431 7430)
4(7372 7392 7432 7412)
4(7411 7412 7432 7431)
4(7373 7393 7433 7413)
4(7412 7413 7433 7432)
4(7374 7394 7434 7414)
4(7413 7414 7434 7433)
4(7375 7395 7435 7415)
4(7414 7415 7435 7434)
4(7376 7396 7436 7416)
4(7415 7416 7436 7435)
4(7377 7397 7437 7417)
4(7416 7417 7437 7436)
4(7378 7398 7438 7418)
4(7417 7418 7438 7437)
4(7379 7399 7439 7419)
4(7418 7419 7439 7438)
4(7419 7420 7440 7439)
4(7401 7421 7461 7441)
4(3704 7441 7461 3719)
4(7402 7422 7462 7442)
4(7441 7442 7462 7461)
4(7403 7423 7463 7443)
4(7442 7443 7463 7462)
4(7404 7424 7464 7444)
4(7443 7444 7464 7463)
4(7405 7425 7465 7445)
4(7444 7445 7465 7464)
4(7406 7426 7466 7446)
4(7445 7446 7466 7465)
4(7407 7427 7467 7447)
4(7446 7447 7467 7466)
4(7408 7428 7468 7448)
4(7447 7448 7468 7467)
4(7409 7429 7469 7449)
4(7448 7449 7469 7468)
4(7410 7430 7470 7450)
4(7449 7450 7470 7469)
4(7411 7431 7471 7451)
4(7450 7451 7471 7470)
4(7412 7432 7472 7452)
4(7451 7452 7472 7471)
4(7413 7433 7473 7453)
4(7452 7453 7473 7472)
4(7414 7434 7474 7454)
4(7453 7454 7474 7473)
4(7415 7435 7475 7455)
4(7454 7455 7475 7474)
4(7416 7436 7476 7456)
4(7455 7456 7476 7475)
4(7417 7437 7477 7457)
4(7456 7457 7477 7476)
4(7418 7438 7478 7458)
4(7457 7458 7478 7477)
4(7419 7439 7479 7459)
4(7458 7459 7479 7478)
4(7459 7460 7480 7479)
4(7441 7461 7501 7481)
4(3735 7481 7501 3750)
4(7442 7462 7502 7482)
4(7481 7482 7502 7501)
4(7443 7463 7503 7483)
4(7482 7483 7503 7502)
4(7444 7464 7504 7484)
4(7483 7484 7504 7503)
4(7445 7465 7505 7485)
4(7484 7485 7505 7504)
4(7446 7466 7506 7486)
4(7485 7486 7506 7505)
4(7447 7467 7507 7487)
4(7486 7487 7507 7506)
4(7448 7468 7508 7488)
4(7487 7488 7508 7507)
4(7449 7469 7509 7489)
4(7488 7489 7509 7508)
4(7450 7470 7510 7490)
4(7489 7490 7510 7509)
4(7451 7471 7511 7491)
4(7490 7491 7511 7510)
4(7452 7472 7512 7492)
4(7491 7492 7512 7511)
4(7453 7473 7513 7493)
4(7492 7493 7513 7512)
4(7454 7474 7514 7494)
4(7493 7494 7514 7513)
4(7455 7475 7515 7495)
4(7494 7495 7515 7514)
4(7456 7476 7516 7496)
4(7495 7496 7516 7515)
4(7457 7477 7517 7497)
4(7496 7497 7517 7516)
4(7458 7478 7518 7498)
4(7497 7498 7518 7517)
4(7459 7479 7519 7499)
4(7498 7499 7519 7518)
4(7499 7500 7520 7519)
4(7481 7501 7541 7521)
4(3766 7521 7541 3781)
4(7482 7502 7542 7522)
4(7521 7522 7542 7541)
4(7483 7503 7543 7523)
4(7522 7523 7543 7542)
4(7484 7504 7544 7524)
4(7523 7524 7544 7543)
4(7485 7505 7545 7525)
4(7524 7525 7545 7544)
4(7486 7506 7546 7526)
4(7525 7526 7546 7545)
4(7487 7507 7547 7527)
4(7526 7527 7547 7546)
4(7488 7508 7548 7528)
4(7527 7528 7548 7547)
4(7489 7509 7549 7529)
4(7528 7529 7549 7548)
4(7490 7510 7550 7530)
4(7529 7530 7550 7549)
4(7491 7511 7551 7531)
4(7530 7531 7551 7550)
4(7492 7512 7552 7532)
4(7531 7532 7552 7551)
4(7493 7513 7553 7533)
4(7532 7533 7553 7552)
4(7494 7514 7554 7534)
4(7533 7534 7554 7553)
4(7495 7515 7555 7535)
4(7534 7535 7555 7554)
4(7496 7516 7556 7536)
4(7535 7536 7556 7555)
4(7497 7517 7557 7537)
4(7536 7537 7557 7556)
4(7498 7518 7558 7538)
4(7537 7538 7558 7557)
4(7499 7519 7559 7539)
4(7538 7539 7559 7558)
4(7539 7540 7560 7559)
4(7521 7541 7581 7561)
4(3797 7561 7581 3812)
4(7522 7542 7582 7562)
4(7561 7562 7582 7581)
4(7523 7543 7583 7563)
4(7562 7563 7583 7582)
4(7524 7544 7584 7564)
4(7563 7564 7584 7583)
4(7525 7545 7585 7565)
4(7564 7565 7585 7584)
4(7526 7546 7586 7566)
4(7565 7566 7586 7585)
4(7527 7547 7587 7567)
4(7566 7567 7587 7586)
4(7528 7548 7588 7568)
4(7567 7568 7588 7587)
4(7529 7549 7589 7569)
4(7568 7569 7589 7588)
4(7530 7550 7590 7570)
4(7569 7570 7590 7589)
4(7531 7551 7591 7571)
4(7570 7571 7591 7590)
4(7532 7552 7592 7572)
4(7571 7572 7592 7591)
4(7533 7553 7593 7573)
4(7572 7573 7593 7592)
4(7534 7554 7594 7574)
4(7573 7574 7594 7593)
4(7535 7555 7595 7575)
4(7574 7575 7595 7594)
4(7536 7556 7596 7576)
4(7575 7576 7596 7595)
4(7537 7557 7597 7577)
4(7576 7577 7597 7596)
4(7538 7558 7598 7578)
4(7577 7578 7598 7597)
4(7539 7559 7599 7579)
4(7578 7579 7599 7598)
4(7579 7580 7600 7599)
4(7561 7581 7621 7601)
4(3828 7601 7621 3843)
4(7562 7582 7622 7602)
4(7601 7602 7622 7621)
4(7563 7583 7623 7603)
4(7602 7603 7623 7622)
4(7564 7584 7624 7604)
4(7603 7604 7624 7623)
4(7565 7585 7625 7605)
4(7604 7605 7625 7624)
4(7566 7586 7626 7606)
4(7605 7606 7626 7625)
4(7567 7587 7627 7607)
4(7606 7607 7627 7626)
4(7568 7588 7628 7608)
4(7607 7608 7628 7627)
4(7569 7589 7629 7609)
4(7608 7609 7629 7628)
4(7570 7590 7630 7610)
4(7609 7610 7630 7629)
4(7571 7591 7631 7611)
4(7610 7611 7631 7630)
4(7572 7592 7632 7612)
4(7611 7612 7632 7631)
4(7573 7593 7633 7613)
4(7612 7613 7633 7632)
4(7574 7594 7634 7614)
4(7613 7614 7634 7633)
4(7575 7595 7635 7615)
4(7614 7615 7635 7634)
4(7576 7596 7636 7616)
4(7615 7616 7636 7635)
4(7577 7597 7637 7617)
4(7616 7617 7637 7636)
4(7578 7598 7638 7618)
4(7617 7618 7638 7637)
4(7579 7599 7639 7619)
4(7618 7619 7639 7638)
4(7619 7620 7640 7639)
4(7601 7621 7661 7641)
4(3859 7641 7661 3874)
4(7602 7622 7662 7642)
4(7641 7642 7662 7661)
4(7603 7623 7663 7643)
4(7642 7643 7663 7662)
4(7604 7624 7664 7644)
4(7643 7644 7664 7663)
4(7605 7625 7665 7645)
4(7644 7645 7665 7664)
4(7606 7626 7666 7646)
4(7645 7646 7666 7665)
4(7607 7627 7667 7647)
4(7646 7647 7667 7666)
4(7608 7628 7668 7648)
4(7647 7648 7668 7667)
4(7609 7629 7669 7649)
4(7648 7649 7669 7668)
4(7610 7630 7670 7650)
4(7649 7650 7670 7669)
4(7611 7631 7671 7651)
4(7650 7651 7671 7670)
4(7612 7632 7672 7652)
4(7651 7652 7672 7671)
4(7613 7633 7673 7653)
4(7652 7653 7673 7672)
4(7614 7634 7674 7654)
4(7653 7654 7674 7673)
4(7615 7635 7675 7655)
4(7654 7655 7675 7674)
4(7616 7636 7676 7656)
4(7655 7656 7676 7675)
4(7617 7637 7677 7657)
4(7656 7657 7677 7676)
4(7618 7638 7678 7658)
4(7657 7658 7678 7677)
4(7619 7639 7679 7659)
4(7658 7659 7679 7678)
4(7659 7660 7680 7679)
4(7641 7661 7701 7681)
4(3890 7681 7701 3905)
4(7642 7662 7702 7682)
4(7681 7682 7702 7701)
4(7643 7663 7703 7683)
4(7682 7683 7703 7702)
4(7644 7664 7704 7684)
4(7683 7684 7704 7703)
4(7645 7665 7705 7685)
4(7684 7685 7705 7704)
4(7646 7666 7706 7686)
4(7685 7686 7706 7705)
4(7647 7667 7707 7687)
4(7686 7687 7707 7706)
4(7648 7668 7708 7688)
4(7687 7688 7708 7707)
4(7649 7669 7709 7689)
4(7688 7689 7709 7708)
4(7650 7670 7710 7690)
4(7689 7690 7710 7709)
4(7651 7671 7711 7691)
4(7690 7691 7711 7710)
4(7652 7672 7712 7692)
4(7691 7692 7712 7711)
4(7653 7673 7713 7693)
4(7692 7693 7713 7712)
4(7654 7674 7714 7694)
4(7693 7694 7714 7713)
4(7655 7675 7715 7695)
4(7694 7695 7715 7714)
4(7656 7676 7716 7696)
4(7695 7696 7716 7715)
4(7657 7677 7717 7697)
4(7696 7697 7717 7716)
4(7658 7678 7718 7698)
4(7697 7698 7718 7717)
4(7659 7679 7719 7699)
4(7698 7699 7719 7718)
4(7699 7700 7720 7719)
4(7681 7701 7741 7721)
4(3921 7721 7741 3936)
4(7682 7702 7742 7722)
4(7721 7722 7742 7741)
4(7683 7703 7743 7723)
4(7722 7723 7743 7742)
4(7684 7704 7744 7724)
4(7723 7724 7744 7743)
4(7685 7705 7745 7725)
4(7724 7725 7745 7744)
4(7686 7706 7746 7726)
4(7725 7726 7746 7745)
4(7687 7707 7747 7727)
4(7726 7727 7747 7746)
4(7688 7708 7748 7728)
4(7727 7728 7748 7747)
4(7689 7709 7749 7729)
4(7728 7729 7749 7748)
4(7690 7710 7750 7730)
4(7729 7730 7750 7749)
4(7691 7711 7751 7731)
4(7730 7731 7751 7750)
4(7692 7712 7752 7732)
4(7731 7732 7752 7751)
4(7693 7713 7753 7733)
4(7732 7733 7753 7752)
4(7694 7714 7754 7734)
4(7733 7734 7754 7753)
4(7695 7715 7755 7735)
4(7734 7735 7755 7754)
4(7696 7716 7756 7736)
4(7735 7736 7756 7755)
4(7697 7717 7757 7737)
4(7736 7737 7757 7756)
4(7698 7718 7758 7738)
4(7737 7738 7758 7757)
4(7699 7719 7759 7739)
4(7738 7739 7759 7758)
4(7739 7740 7760 7759)
4(7721 7741 7781 7761)
4(3952 7761 7781 3967)
4(7722 7742 7782 7762)
4(7761 7762 7782 7781)
4(7723 7743 7783 7763)
4(7762 7763 7783 7782)
4(7724 7744 7784 7764)
4(7763 7764 7784 7783)
4(7725 7745 7785 7765)
4(7764 7765 7785 7784)
4(7726 7746 7786 7766)
4(7765 7766 7786 7785)
4(7727 7747 7787 7767)
4(7766 7767 7787 7786)
4(7728 7748 7788 7768)
4(7767 7768 7788 7787)
4(7729 7749 7789 7769)
4(7768 7769 7789 7788)
4(7730 7750 7790 7770)
4(7769 7770 7790 7789)
4(7731 7751 7791 7771)
4(7770 7771 7791 7790)
4(7732 7752 7792 7772)
4(7771 7772 7792 7791)
4(7733 7753 7793 7773)
4(7772 7773 7793 7792)
4(7734 7754 7794 7774)
4(7773 7774 7794 7793)
4(7735 7755 7795 7775)
4(7774 7775 7795 7794)
4(7736 7756 7796 7776)
4(7775 7776 7796 7795)
4(7737 7757 7797 7777)
4(7776 7777 7797 7796)
4(7738 7758 7798 7778)
4(7777 7778 7798 7797)
4(7739 7759 7799 7779)
4(7778 7779 7799 7798)
4(7779 7780 7800 7799)
4(7761 7781 7821 7801)
4(3983 7801 7821 3998)
4(7762 7782 7822 7802)
4(7801 7802 7822 7821)
4(7763 7783 7823 7803)
4(7802 7803 7823 7822)
4(7764 7784 7824 7804)
4(7803 7804 7824 7823)
4(7765 7785 7825 7805)
4(7804 7805 7825 7824)
4(7766 7786 7826 7806)
4(7805 7806 7826 7825)
4(7767 7787 7827 7807)
4(7806 7807 7827 7826)
4(7768 7788 7828 7808)
4(7807 7808 7828 7827)
4(7769 7789 7829 7809)
4(7808 7809 7829 7828)
4(7770 7790 7830 7810)
4(7809 7810 7830 7829)
4(7771 7791 7831 7811)
4(7810 7811 7831 7830)
4(7772 7792 7832 7812)
4(7811 7812 7832 7831)
4(7773 7793 7833 7813)
4(7812 7813 7833 7832)
4(7774 7794 7834 7814)
4(7813 7814 7834 7833)
4(7775 7795 7835 7815)
4(7814 7815 7835 7834)
4(7776 7796 7836 7816)
4(7815 7816 7836 7835)
4(7777 7797 7837 7817)
4(7816 7817 7837 7836)
4(7778 7798 7838 7818)
4(7817 7818 7838 7837)
4(7779 7799 7839 7819)
4(7818 7819 7839 7838)
4(7819 7820 7840 7839)
4(7801 7821 7861 7841)
4(4014 7841 7861 4029)
4(7802 7822 7862 7842)
4(7841 7842 7862 7861)
4(7803 7823 7863 7843)
4(7842 7843 7863 7862)
4(7804 7824 7864 7844)
4(7843 7844 7864 7863)
4(7805 7825 7865 7845)
4(7844 7845 7865 7864)
4(7806 7826 7866 7846)
4(7845 7846 7866 7865)
4(7807 7827 7867 7847)
4(7846 7847 7867 7866)
4(7808 7828 7868 7848)
4(7847 7848 7868 7867)
4(7809 7829 7869 7849)
4(7848 7849 7869 7868)
4(7810 7830 7870 7850)
4(7849 7850 7870 7869)
4(7811 7831 7871 7851)
4(7850 7851 7871 7870)
4(7812 7832 7872 7852)
4(7851 7852 7872 7871)
4(7813 7833 7873 7853)
4(7852 7853 7873 7872)
4(7814 7834 7874 7854)
4(7853 7854 7874 7873)
4(7815 7835 7875 7855)
4(7854 7855 7875 7874)
4(7816 7836 7876 7856)
4(7855 7856 7876 7875)
4(7817 7837 7877 7857)
4(7856 7857 7877 7876)
4(7818 7838 7878 7858)
4(7857 7858 7878 7877)
4(7819 7839 7879 7859)
4(7858 7859 7879 7878)
4(7859 7860 7880 7879)
4(7841 7861 7901 7881)
4(4045 7881 7901 4060)
4(7842 7862 7902 7882)
4(7881 7882 7902 7901)
4(7843 7863 7903 7883)
4(7882 7883 7903 7902)
4(7844 7864 7904 7884)
4(7883 7884 7904 7903)
4(7845 7865 7905 7885)
4(7884 7885 7905 7904)
4(7846 7866 7906 7886)
4(7885 7886 7906 7905)
4(7847 7867 7907 7887)
4(7886 7887 7907 7906)
4(7848 7868 7908 7888)
4(7887 7888 7908 7907)
4(7849 7869 7909 7889)
4(7888 7889 7909 7908)
4(7850 7870 7910 7890)
4(7889 7890 7910 7909)
4(7851 7871 7911 7891)
4(7890 7891 7911 7910)
4(7852 7872 7912 7892)
4(7891 7892 7912 7911)
4(7853 7873 7913 7893)
4(7892 7893 7913 7912)
4(7854 7874 7914 7894)
4(7893 7894 7914 7913)
4(7855 7875 7915 7895)
4(7894 7895 7915 7914)
4(7856 7876 7916 7896)
4(7895 7896 7916 7915)
4(7857 7877 7917 7897)
4(7896 7897 7917 7916)
4(7858 7878 7918 7898)
4(7897 7898 7918 7917)
4(7859 7879 7919 7899)
4(7898 7899 7919 7918)
4(7899 7900 7920 7919)
4(7881 7901 7941 7921)
4(4076 7921 7941 4091)
4(7882 7902 7942 7922)
4(7921 7922 7942 7941)
4(7883 7903 7943 7923)
4(7922 7923 7943 7942)
4(7884 7904 7944 7924)
4(7923 7924 7944 7943)
4(7885 7905 7945 7925)
4(7924 7925 7945 7944)
4(7886 7906 7946 7926)
4(7925 7926 7946 7945)
4(7887 7907 7947 7927)
4(7926 7927 7947 7946)
4(7888 7908 7948 7928)
4(7927 7928 7948 7947)
4(7889 7909 7949 7929)
4(7928 7929 7949 7948)
4(7890 7910 7950 7930)
4(7929 7930 7950 7949)
4(7891 7911 7951 7931)
4(7930 7931 7951 7950)
4(7892 7912 7952 7932)
4(7931 7932 7952 7951)
4(7893 7913 7953 7933)
4(7932 7933 7953 7952)
4(7894 7914 7954 7934)
4(7933 7934 7954 7953)
4(7895 7915 7955 7935)
4(7934 7935 7955 7954)
4(7896 7916 7956 7936)
4(7935 7936 7956 7955)
4(7897 7917 7957 7937)
4(7936 7937 7957 7956)
4(7898 7918 7958 7938)
4(7937 7938 7958 7957)
4(7899 7919 7959 7939)
4(7938 7939 7959 7958)
4(7939 7940 7960 7959)
4(7921 7941 7981 7961)
4(4107 7961 7981 4122)
4(7922 7942 7982 7962)
4(7961 7962 7982 7981)
4(7923 7943 7983 7963)
4(7962 7963 7983 7982)
4(7924 7944 7984 7964)
4(7963 7964 7984 7983)
4(7925 7945 7985 7965)
4(7964 7965 7985 7984)
4(7926 7946 7986 7966)
4(7965 7966 7986 7985)
4(7927 7947 7987 7967)
4(7966 7967 7987 7986)
4(7928 7948 7988 7968)
4(7967 7968 7988 7987)
4(7929 7949 7989 7969)
4(7968 7969 7989 7988)
4(7930 7950 7990 7970)
4(7969 7970 7990 7989)
4(7931 7951 7991 7971)
4(7970 7971 7991 7990)
4(7932 7952 7992 7972)
4(7971 7972 7992 7991)
4(7933 7953 7993 7973)
4(7972 7973 7993 7992)
4(7934 7954 7994 7974)
4(7973 7974 7994 7993)
4(7935 7955 7995 7975)
4(7974 7975 7995 7994)
4(7936 7956 7996 7976)
4(7975 7976 7996 7995)
4(7937 7957 7997 7977)
4(7976 7977 7997 7996)
4(7938 7958 7998 7978)
4(7977 7978 7998 7997)
4(7939 7959 7999 7979)
4(7978 7979 7999 7998)
4(7979 7980 8000 7999)
4(7961 7981 8021 8001)
4(4138 8001 8021 4153)
4(7962 7982 8022 8002)
4(8001 8002 8022 8021)
4(7963 7983 8023 8003)
4(8002 8003 8023 8022)
4(7964 7984 8024 8004)
4(8003 8004 8024 8023)
4(7965 7985 8025 8005)
4(8004 8005 8025 8024)
4(7966 7986 8026 8006)
4(8005 8006 8026 8025)
4(7967 7987 8027 8007)
4(8006 8007 8027 8026)
4(7968 7988 8028 8008)
4(8007 8008 8028 8027)
4(7969 7989 8029 8009)
4(8008 8009 8029 8028)
4(7970 7990 8030 8010)
4(8009 8010 8030 8029)
4(7971 7991 8031 8011)
4(8010 8011 8031 8030)
4(7972 7992 8032 8012)
4(8011 8012 8032 8031)
4(7973 7993 8033 8013)
4(8012 8013 8033 8032)
4(7974 7994 8034 8014)
4(8013 8014 8034 8033)
4(7975 7995 8035 8015)
4(8014 8015 8035 8034)
4(7976 7996 8036 8016)
4(8015 8016 8036 8035)
4(7977 7997 8037 8017)
4(8016 8017 8037 8036)
4(7978 7998 8038 8018)
4(8017 8018 8038 8037)
4(7979 7999 8039 8019)
4(8018 8019 8039 8038)
4(8019 8020 8040 8039)
4(8001 8021 8061 8041)
4(4169 8041 8061 4184)
4(8002 8022 8062 8042)
4(8041 8042 8062 8061)
4(8003 8023 8063 8043)
4(8042 8043 8063 8062)
4(8004 8024 8064 8044)
4(8043 8044 8064 8063)
4(8005 8025 8065 8045)
4(8044 8045 8065 8064)
4(8006 8026 8066 8046)
4(8045 8046 8066 8065)
4(8007 8027 8067 8047)
4(8046 8047 8067 8066)
4(8008 8028 8068 8048)
4(8047 8048 8068 8067)
4(8009 8029 8069 8049)
4(8048 8049 8069 8068)
4(8010 8030 8070 8050)
4(8049 8050 8070 8069)
4(8011 8031 8071 8051)
4(8050 8051 8071 8070)
4(8012 8032 8072 8052)
4(8051 8052 8072 8071)
4(8013 8033 8073 8053)
4(8052 8053 8073 8072)
4(8014 8034 8074 8054)
4(8053 8054 8074 8073)
4(8015 8035 8075 8055)
4(8054 8055 8075 8074)
4(8016 8036 8076 8056)
4(8055 8056 8076 8075)
4(8017 8037 8077 8057)
4(8056 8057 8077 8076)
4(8018 8038 8078 8058)
4(8057 8058 8078 8077)
4(8019 8039 8079 8059)
4(8058 8059 8079 8078)
4(8059 8060 8080 8079)
4(8041 8061 8101 8081)
4(4200 8081 8101 4215)
4(8042 8062 8102 8082)
4(8081 8082 8102 8101)
4(8043 8063 8103 8083)
4(8082 8083 8103 8102)
4(8044 8064 8104 8084)
4(8083 8084 8104 8103)
4(8045 8065 8105 8085)
4(8084 8085 8105 8104)
4(8046 8066 8106 8086)
4(8085 8086 8106 8105)
4(8047 8067 8107 8087)
4(8086 8087 8107 8106)
4(8048 8068 8108 8088)
4(8087 8088 8108 8107)
4(8049 8069 8109 8089)
4(8088 8089 8109 8108)
4(8050 8070 8110 8090)
4(8089 8090 8110 8109)
4(8051 8071 8111 8091)
4(8090 8091 8111 8110)
4(8052 8072 8112 8092)
4(8091 8092 8112 8111)
4(8053 8073 8113 8093)
4(8092 8093 8113 8112)
4(8054 8074 8114 8094)
4(8093 8094 8114 8113)
4(8055 8075 8115 8095)
4(8094 8095 8115 8114)
4(8056 8076 8116 8096)
4(8095 8096 8116 8115)
4(8057 8077 8117 8097)
4(8096 8097 8117 8116)
4(8058 8078 8118 8098)
4(8097 8098 8118 8117)
4(8059 8079 8119 8099)
4(8098 8099 8119 8118)
4(8099 8100 8120 8119)
4(8081 8101 8141 8121)
4(4231 8121 8141 4246)
4(8082 8102 8142 8122)
4(8121 8122 8142 8141)
4(8083 8103 8143 8123)
4(8122 8123 8143 8142)
4(8084 8104 8144 8124)
4(8123 8124 8144 8143)
4(8085 8105 8145 8125)
4(8124 8125 8145 8144)
4(8086 8106 8146 8126)
4(8125 8126 8146 8145)
4(8087 8107 8147 8127)
4(8126 8127 8147 8146)
4(8088 8108 8148 8128)
4(8127 8128 8148 8147)
4(8089 8109 8149 8129)
4(8128 8129 8149 8148)
4(8090 8110 8150 8130)
4(8129 8130 8150 8149)
4(8091 8111 8151 8131)
4(8130 8131 8151 8150)
4(8092 8112 8152 8132)
4(8131 8132 8152 8151)
4(8093 8113 8153 8133)
4(8132 8133 8153 8152)
4(8094 8114 8154 8134)
4(8133 8134 8154 8153)
4(8095 8115 8155 8135)
4(8134 8135 8155 8154)
4(8096 8116 8156 8136)
4(8135 8136 8156 8155)
4(8097 8117 8157 8137)
4(8136 8137 8157 8156)
4(8098 8118 8158 8138)
4(8137 8138 8158 8157)
4(8099 8119 8159 8139)
4(8138 8139 8159 8158)
4(8139 8140 8160 8159)
4(8121 8141 8181 8161)
4(4262 8161 8181 4277)
4(8122 8142 8182 8162)
4(8161 8162 8182 8181)
4(8123 8143 8183 8163)
4(8162 8163 8183 8182)
4(8124 8144 8184 8164)
4(8163 8164 8184 8183)
4(8125 8145 8185 8165)
4(8164 8165 8185 8184)
4(8126 8146 8186 8166)
4(8165 8166 8186 8185)
4(8127 8147 8187 8167)
4(8166 8167 8187 8186)
4(8128 8148 8188 8168)
4(8167 8168 8188 8187)
4(8129 8149 8189 8169)
4(8168 8169 8189 8188)
4(8130 8150 8190 8170)
4(8169 8170 8190 8189)
4(8131 8151 8191 8171)
4(8170 8171 8191 8190)
4(8132 8152 8192 8172)
4(8171 8172 8192 8191)
4(8133 8153 8193 8173)
4(8172 8173 8193 8192)
4(8134 8154 8194 8174)
4(8173 8174 8194 8193)
4(8135 8155 8195 8175)
4(8174 8175 8195 8194)
4(8136 8156 8196 8176)
4(8175 8176 8196 8195)
4(8137 8157 8197 8177)
4(8176 8177 8197 8196)
4(8138 8158 8198 8178)
4(8177 8178 8198 8197)
4(8139 8159 8199 8179)
4(8178 8179 8199 8198)
4(8179 8180 8200 8199)
4(8161 8181 8221 8201)
4(4293 8201 8221 4308)
4(8162 8182 8222 8202)
4(8201 8202 8222 8221)
4(8163 8183 8223 8203)
4(8202 8203 8223 8222)
4(8164 8184 8224 8204)
4(8203 8204 8224 8223)
4(8165 8185 8225 8205)
4(8204 8205 8225 8224)
4(8166 8186 8226 8206)
4(8205 8206 8226 8225)
4(8167 8187 8227 8207)
4(8206 8207 8227 8226)
4(8168 8188 8228 8208)
4(8207 8208 8228 8227)
4(8169 8189 8229 8209)
4(8208 8209 8229 8228)
4(8170 8190 8230 8210)
4(8209 8210 8230 8229)
4(8171 8191 8231 8211)
4(8210 8211 8231 8230)
4(8172 8192 8232 8212)
4(8211 8212 8232 8231)
4(8173 8193 8233 8213)
4(8212 8213 8233 8232)
4(8174 8194 8234 8214)
4(8213 8214 8234 8233)
4(8175 8195 8235 8215)
4(8214 8215 8235 8234)
4(8176 8196 8236 8216)
4(8215 8216 8236 8235)
4(8177 8197 8237 8217)
4(8216 8217 8237 8236)
4(8178 8198 8238 8218)
4(8217 8218 8238 8237)
4(8179 8199 8239 8219)
4(8218 8219 8239 8238)
4(8219 8220 8240 8239)
4(8201 8221 8261 8241)
4(4324 8241 8261 4339)
4(8202 8222 8262 8242)
4(8241 8242 8262 8261)
4(8203 8223 8263 8243)
4(8242 8243 8263 8262)
4(8204 8224 8264 8244)
4(8243 8244 8264 8263)
4(8205 8225 8265 8245)
4(8244 8245 8265 8264)
4(8206 8226 8266 8246)
4(8245 8246 8266 8265)
4(8207 8227 8267 8247)
4(8246 8247 8267 8266)
4(8208 8228 8268 8248)
4(8247 8248 8268 8267)
4(8209 8229 8269 8249)
4(8248 8249 8269 8268)
4(8210 8230 8270 8250)
4(8249 8250 8270 8269)
4(8211 8231 8271 8251)
4(8250 8251 8271 8270)
4(8212 8232 8272 8252)
4(8251 8252 8272 8271)
4(8213 8233 8273 8253)
4(8252 8253 8273 8272)
4(8214 8234 8274 8254)
4(8253 8254 8274 8273)
4(8215 8235 8275 8255)
4(8254 8255 8275 8274)
4(8216 8236 8276 8256)
4(8255 8256 8276 8275)
4(8217 8237 8277 8257)
4(8256 8257 8277 8276)
4(8218 8238 8278 8258)
4(8257 8258 8278 8277)
4(8219 8239 8279 8259)
4(8258 8259 8279 8278)
4(8259 8260 8280 8279)
4(8241 8261 8301 8281)
4(4355 8281 8301 4370)
4(8242 8262 8302 8282)
4(8281 8282 8302 8301)
4(8243 8263 8303 8283)
4(8282 8283 8303 8302)
4(8244 8264 8304 8284)
4(8283 8284 8304 8303)
4(8245 8265 8305 8285)
4(8284 8285 8305 8304)
4(8246 8266 8306 8286)
4(8285 8286 8306 8305)
4(8247 8267 8307 8287)
4(8286 8287 8307 8306)
4(8248 8268 8308 8288)
4(8287 8288 8308 8307)
4(8249 8269 8309 8289)
4(8288 8289 8309 8308)
4(8250 8270 8310 8290)
4(8289 8290 8310 8309)
4(8251 8271 8311 8291)
4(8290 8291 8311 8310)
4(8252 8272 8312 8292)
4(8291 8292 8312 8311)
4(8253 8273 8313 8293)
4(8292 8293 8313 8312)
4(8254 8274 8314 8294)
4(8293 8294 8314 8313)
4(8255 8275 8315 8295)
4(8294 8295 8315 8314)
4(8256 8276 8316 8296)
4(8295 8296 8316 8315)
4(8257 8277 8317 8297)
4(8296 8297 8317 8316)
4(8258 8278 8318 8298)
4(8297 8298 8318 8317)
4(8259 8279 8319 8299)
4(8298 8299 8319 8318)
4(8299 8300 8320 8319)
4(8281 8301 8341 8321)
4(4386 8321 8341 4401)
4(8282 8302 8342 8322)
4(8321 8322 8342 8341)
4(8283 8303 8343 8323)
4(8322 8323 8343 8342)
4(8284 8304 8344 8324)
4(8323 8324 8344 8343)
4(8285 8305 8345 8325)
4(8324 8325 8345 8344)
4(8286 8306 8346 8326)
4(8325 8326 8346 8345)
4(8287 8307 8347 8327)
4(8326 8327 8347 8346)
4(8288 8308 8348 8328)
4(8327 8328 8348 8347)
4(8289 8309 8349 8329)
4(8328 8329 8349 8348)
4(8290 8310 8350 8330)
4(8329 8330 8350 8349)
4(8291 8311 8351 8331)
4(8330 8331 8351 8350)
4(8292 8312 8352 8332)
4(8331 8332 8352 8351)
4(8293 8313 8353 8333)
4(8332 8333 8353 8352)
4(8294 8314 8354 8334)
4(8333 8334 8354 8353)
4(8295 8315 8355 8335)
4(8334 8335 8355 8354)
4(8296 8316 8356 8336)
4(8335 8336 8356 8355)
4(8297 8317 8357 8337)
4(8336 8337 8357 8356)
4(8298 8318 8358 8338)
4(8337 8338 8358 8357)
4(8299 8319 8359 8339)
4(8338 8339 8359 8358)
4(8339 8340 8360 8359)
4(8321 8341 8381 8361)
4(4417 8361 8381 4432)
4(8322 8342 8382 8362)
4(8361 8362 8382 8381)
4(8323 8343 8383 8363)
4(8362 8363 8383 8382)
4(8324 8344 8384 8364)
4(8363 8364 8384 8383)
4(8325 8345 8385 8365)
4(8364 8365 8385 8384)
4(8326 8346 8386 8366)
4(8365 8366 8386 8385)
4(8327 8347 8387 8367)
4(8366 8367 8387 8386)
4(8328 8348 8388 8368)
4(8367 8368 8388 8387)
4(8329 8349 8389 8369)
4(8368 8369 8389 8388)
4(8330 8350 8390 8370)
4(8369 8370 8390 8389)
4(8331 8351 8391 8371)
4(8370 8371 8391 8390)
4(8332 8352 8392 8372)
4(8371 8372 8392 8391)
4(8333 8353 8393 8373)
4(8372 8373 8393 8392)
4(8334 8354 8394 8374)
4(8373 8374 8394 8393)
4(8335 8355 8395 8375)
4(8374 8375 8395 8394)
4(8336 8356 8396 8376)
4(8375 8376 8396 8395)
4(8337 8357 8397 8377)
4(8376 8377 8397 8396)
4(8338 8358 8398 8378)
4(8377 8378 8398 8397)
4(8339 8359 8399 8379)
4(8378 8379 8399 8398)
4(8379 8380 8400 8399)
4(8361 8381 8421 8401)
4(4448 8401 8421 4463)
4(8362 8382 8422 8402)
4(8401 8402 8422 8421)
4(8363 8383 8423 8403)
4(8402 8403 8423 8422)
4(8364 8384 8424 8404)
4(8403 8404 8424 8423)
4(8365 8385 8425 8405)
4(8404 8405 8425 8424)
4(8366 8386 8426 8406)
4(8405 8406 8426 8425)
4(8367 8387 8427 8407)
4(8406 8407 8427 8426)
4(8368 8388 8428 8408)
4(8407 8408 8428 8427)
4(8369 8389 8429 8409)
4(8408 8409 8429 8428)
4(8370 8390 8430 8410)
4(8409 8410 8430 8429)
4(8371 8391 8431 8411)
4(8410 8411 8431 8430)
4(8372 8392 8432 8412)
4(8411 8412 8432 8431)
4(8373 8393 8433 8413)
4(8412 8413 8433 8432)
4(8374 8394 8434 8414)
4(8413 8414 8434 8433)
4(8375 8395 8435 8415)
4(8414 8415 8435 8434)
4(8376 8396 8436 8416)
4(8415 8416 8436 8435)
4(8377 8397 8437 8417)
4(8416 8417 8437 8436)
4(8378 8398 8438 8418)
4(8417 8418 8438 8437)
4(8379 8399 8439 8419)
4(8418 8419 8439 8438)
4(8419 8420 8440 8439)
4(8401 8421 8461 8441)
4(4479 8441 8461 4494)
4(8402 8422 8462 8442)
4(8441 8442 8462 8461)
4(8403 8423 8463 8443)
4(8442 8443 8463 8462)
4(8404 8424 8464 8444)
4(8443 8444 8464 8463)
4(8405 8425 8465 8445)
4(8444 8445 8465 8464)
4(8406 8426 8466 8446)
4(8445 8446 8466 8465)
4(8407 8427 8467 8447)
4(8446 8447 8467 8466)
4(8408 8428 8468 8448)
4(8447 8448 8468 8467)
4(8409 8429 8469 8449)
4(8448 8449 8469 8468)
4(8410 8430 8470 8450)
4(8449 8450 8470 8469)
4(8411 8431 8471 8451)
4(8450 8451 8471 8470)
4(8412 8432 8472 8452)
4(8451 8452 8472 8471)
4(8413 8433 8473 8453)
4(8452 8453 8473 8472)
4(8414 8434 8474 8454)
4(8453 8454 8474 8473)
4(8415 8435 8475 8455)
4(8454 8455 8475 8474)
4(8416 8436 8476 8456)
4(8455 8456 8476 8475)
4(8417 8437 8477 8457)
4(8456 8457 8477 8476)
4(8418 8438 8478 8458)
4(8457 8458 8478 8477)
4(8419 8439 8479 8459)
4(8458 8459 8479 8478)
4(8459 8460 8480 8479)
4(8441 8461 8501 8481)
4(4510 8481 8501 4525)
4(8442 8462 8502 8482)
4(8481 8482 8502 8501)
4(8443 8463 8503 8483)
4(8482 8483 8503 8502)
4(8444 8464 8504 8484)
4(8483 8484 8504 8503)
4(8445 8465 8505 8485)
4(8484 8485 8505 8504)
4(8446 8466 8506 8486)
4(8485 8486 8506 8505)
4(8447 8467 8507 8487)
4(8486 8487 8507 8506)
4(8448 8468 8508 8488)
4(8487 8488 8508 8507)
4(8449 8469 8509 8489)
4(8488 8489 8509 8508)
4(8450 8470 8510 8490)
4(8489 8490 8510 8509)
4(8451 8471 8511 8491)
4(8490 8491 8511 8510)
4(8452 8472 8512 8492)
4(8491 8492 8512 8511)
4(8453 8473 8513 8493)
4(8492 8493 8513 8512)
4(8454 8474 8514 8494)
4(8493 8494 8514 8513)
4(8455 8475 8515 8495)
4(8494 8495 8515 8514)
4(8456 8476 8516 8496)
4(8495 8496 8516 8515)
4(8457 8477 8517 8497)
4(8496 8497 8517 8516)
4(8458 8478 8518 8498)
4(8497 8498 8518 8517)
4(8459 8479 8519 8499)
4(8498 8499 8519 8518)
4(8499 8500 8520 8519)
4(8481 8501 8541 8521)
4(4541 8521 8541 4556)
4(8482 8502 8542 8522)
4(8521 8522 8542 8541)
4(8483 8503 8543 8523)
4(8522 8523 8543 8542)
4(8484 8504 8544 8524)
4(8523 8524 8544 8543)
4(8485 8505 8545 8525)
4(8524 8525 8545 8544)
4(8486 8506 8546 8526)
4(8525 8526 8546 8545)
4(8487 8507 8547 8527)
4(8526 8527 8547 8546)
4(8488 8508 8548 8528)
4(8527 8528 8548 8547)
4(8489 8509 8549 8529)
4(8528 8529 8549 8548)
4(8490 8510 8550 8530)
4(8529 8530 8550 8549)
4(8491 8511 8551 8531)
4(8530 8531 8551 8550)
4(8492 8512 8552 8532)
4(8531 8532 8552 8551)
4(8493 8513 8553 8533)
4(8532 8533 8553 8552)
4(8494 8514 8554 8534)
4(8533 8534 8554 8553)
4(8495 8515 8555 8535)
4(8534 8535 8555 8554)
4(8496 8516 8556 8536)
4(8535 8536 8556 8555)
4(8497 8517 8557 8537)
4(8536 8537 8557 8556)
4(8498 8518 8558 8538)
4(8537 8538 8558 8557)
4(8499 8519 8559 8539)
4(8538 8539 8559 8558)
4(8539 8540 8560 8559)
4(8521 8541 8581 8561)
4(4572 8561 8581 4587)
4(8522 8542 8582 8562)
4(8561 8562 8582 8581)
4(8523 8543 8583 8563)
4(8562 8563 8583 8582)
4(8524 8544 8584 8564)
4(8563 8564 8584 8583)
4(8525 8545 8585 8565)
4(8564 8565 8585 8584)
4(8526 8546 8586 8566)
4(8565 8566 8586 8585)
4(8527 8547 8587 8567)
4(8566 8567 8587 8586)
4(8528 8548 8588 8568)
4(8567 8568 8588 8587)
4(8529 8549 8589 8569)
4(8568 8569 8589 8588)
4(8530 8550 8590 8570)
4(8569 8570 8590 8589)
4(8531 8551 8591 8571)
4(8570 8571 8591 8590)
4(8532 8552 8592 8572)
4(8571 8572 8592 8591)
4(8533 8553 8593 8573)
4(8572 8573 8593 8592)
4(8534 8554 8594 8574)
4(8573 8574 8594 8593)
4(8535 8555 8595 8575)
4(8574 8575 8595 8594)
4(8536 8556 8596 8576)
4(8575 8576 8596 8595)
4(8537 8557 8597 8577)
4(8576 8577 8597 8596)
4(8538 8558 8598 8578)
4(8577 8578 8598 8597)
4(8539 8559 8599 8579)
4(8578 8579 8599 8598)
4(8579 8580 8600 8599)
4(8561 8581 8621 8601)
4(4603 8601 8621 4618)
4(8562 8582 8622 8602)
4(8601 8602 8622 8621)
4(8563 8583 8623 8603)
4(8602 8603 8623 8622)
4(8564 8584 8624 8604)
4(8603 8604 8624 8623)
4(8565 8585 8625 8605)
4(8604 8605 8625 8624)
4(8566 8586 8626 8606)
4(8605 8606 8626 8625)
4(8567 8587 8627 8607)
4(8606 8607 8627 8626)
4(8568 8588 8628 8608)
4(8607 8608 8628 8627)
4(8569 8589 8629 8609)
4(8608 8609 8629 8628)
4(8570 8590 8630 8610)
4(8609 8610 8630 8629)
4(8571 8591 8631 8611)
4(8610 8611 8631 8630)
4(8572 8592 8632 8612)
4(8611 8612 8632 8631)
4(8573 8593 8633 8613)
4(8612 8613 8633 8632)
4(8574 8594 8634 8614)
4(8613 8614 8634 8633)
4(8575 8595 8635 8615)
4(8614 8615 8635 8634)
4(8576 8596 8636 8616)
4(8615 8616 8636 8635)
4(8577 8597 8637 8617)
4(8616 8617 8637 8636)
4(8578 8598 8638 8618)
4(8617 8618 8638 8637)
4(8579 8599 8639 8619)
4(8618 8619 8639 8638)
4(8619 8620 8640 8639)
4(8601 8621 8661 8641)
4(4634 8641 8661 4649)
4(8602 8622 8662 8642)
4(8641 8642 8662 8661)
4(8603 8623 8663 8643)
4(8642 8643 8663 8662)
4(8604 8624 8664 8644)
4(8643 8644 8664 8663)
4(8605 8625 8665 8645)
4(8644 8645 8665 8664)
4(8606 8626 8666 8646)
4(8645 8646 8666 8665)
4(8607 8627 8667 8647)
4(8646 8647 8667 8666)
4(8608 8628 8668 8648)
4(8647 8648 8668 8667)
4(8609 8629 8669 8649)
4(8648 8649 8669 8668)
4(8610 8630 8670 8650)
4(8649 8650 8670 8669)
4(8611 8631 8671 8651)
4(8650 8651 8671 8670)
4(8612 8632 8672 8652)
4(8651 8652 8672 8671)
4(8613 8633 8673 8653)
4(8652 8653 8673 8672)
4(8614 8634 8674 8654)
4(8653 8654 8674 8673)
4(8615 8635 8675 8655)
4(8654 8655 8675 8674)
4(8616 8636 8676 8656)
4(8655 8656 8676 8675)
4(8617 8637 8677 8657)
4(8656 8657 8677 8676)
4(8618 8638 8678 8658)
4(8657 8658 8678 8677)
4(8619 8639 8679 8659)
4(8658 8659 8679 8678)
4(8659 8660 8680 8679)
4(8641 8661 8701 8681)
4(8642 8662 8702 8682)
4(8643 8663 8703 8683)
4(8644 8664 8704 8684)
4(8645 8665 8705 8685)
4(8646 8666 8706 8686)
4(8647 8667 8707 8687)
4(8648 8668 8708 8688)
4(8649 8669 8709 8689)
4(8650 8670 8710 8690)
4(8651 8671 8711 8691)
4(8652 8672 8712 8692)
4(8653 8673 8713 8693)
4(8654 8674 8714 8694)
4(8655 8675 8715 8695)
4(8656 8676 8716 8696)
4(8657 8677 8717 8697)
4(8658 8678 8718 8698)
4(8659 8679 8719 8699)
3(0 16 1)
4(1 16 17 2)
4(2 17 18 3)
4(3 18 19 4)
4(4 19 20 5)
4(5 20 21 6)
4(6 21 22 7)
4(7 22 23 8)
4(8 23 24 9)
4(9 24 25 10)
4(10 25 26 11)
4(11 26 27 12)
4(12 27 28 13)
4(13 28 29 14)
4(14 29 30 15)
4(15 30 61 46)
4(46 61 92 77)
4(77 92 123 108)
4(108 123 154 139)
4(139 154 185 170)
4(170 185 216 201)
4(201 216 247 232)
4(232 247 278 263)
4(263 278 309 294)
4(294 309 340 325)
4(325 340 371 356)
4(356 371 402 387)
4(387 402 433 418)
4(418 433 464 449)
4(449 464 495 480)
4(480 495 526 511)
4(511 526 557 542)
4(542 557 588 573)
4(573 588 619 604)
4(604 619 650 635)
4(635 650 681 666)
4(666 681 712 697)
4(697 712 743 728)
4(728 743 774 759)
4(759 774 805 790)
4(790 805 836 821)
4(821 836 867 852)
4(852 867 898 883)
4(883 898 929 914)
4(914 929 960 945)
4(945 960 991 976)
4(976 991 1022 1007)
4(1007 1022 1053 1038)
4(1038 1053 1084 1069)
4(1069 1084 1115 1100)
4(1100 1115 1146 1131)
4(1131 1146 1177 1162)
4(1162 1177 1208 1193)
4(1193 1208 1239 1224)
4(1224 1239 1270 1255)
4(1255 1270 1301 1286)
4(1286 1301 1332 1317)
4(1317 1332 1363 1348)
4(1348 1363 1394 1379)
4(1379 1394 1425 1410)
4(1410 1425 1456 1441)
4(1441 1456 1487 1472)
4(1472 1487 1518 1503)
4(1503 1518 1549 1534)
4(1534 1549 1580 1565)
3(4650 4651 4666)
4(4651 4652 4667 4666)
4(4652 4653 4668 4667)
4(4653 4654 4669 4668)
4(4654 4655 4670 4669)
4(4655 4656 4671 4670)
4(4656 4657 4672 4671)
4(4657 4658 4673 4672)
4(4658 4659 4674 4673)
4(4659 4660 4675 4674)
4(4660 4661 4676 4675)
4(4661 4662 4677 4676)
4(4662 4663 4678 4677)
4(4663 4664 4679 4678)
4(4664 4665 4680 4679)
4(4665 8681 8701 4680)
4(8681 8682 8702 8701)
4(8682 8683 8703 8702)
4(8683 8684 8704 8703)
4(8684 8685 8705 8704)
4(8685 8686 8706 8705)
4(8686 8687 8707 8706)
4(8687 8688 8708 8707)
4(8688 8689 8709 8708)
4(8689 8690 8710 8709)
4(8690 8691 8711 8710)
4(8691 8692 8712 8711)
4(8692 8693 8713 8712)
4(8693 8694 8714 8713)
4(8694 8695 8715 8714)
4(8695 8696 8716 8715)
4(8696 8697 8717 8716)
4(8697 8698 8718 8717)
4(8698 8699 8719 8718)
4(8699 8700 8720 8719)
4(4700 4720 4760 4740)
4(4740 4760 4800 4780)
4(4780 4800 4840 4820)
4(4820 4840 4880 4860)
4(4860 4880 4920 4900)
4(4900 4920 4960 4940)
4(4940 4960 5000 4980)
4(4980 5000 5040 5020)
4(5020 5040 5080 5060)
4(5060 5080 5120 5100)
4(5100 5120 5160 5140)
4(5140 5160 5200 5180)
4(5180 5200 5240 5220)
4(5220 5240 5280 5260)
4(5260 5280 5320 5300)
4(5300 5320 5360 5340)
4(5340 5360 5400 5380)
4(5380 5400 5440 5420)
4(5420 5440 5480 5460)
4(5460 5480 5520 5500)
4(5500 5520 5560 5540)
4(5540 5560 5600 5580)
4(5580 5600 5640 5620)
4(5620 5640 5680 5660)
4(5660 5680 5720 5700)
4(5700 5720 5760 5740)
4(5740 5760 5800 5780)
4(5780 5800 5840 5820)
4(5820 5840 5880 5860)
4(5860 5880 5920 5900)
4(5900 5920 5960 5940)
4(5940 5960 6000 5980)
4(5980 6000 6040 6020)
4(6020 6040 6080 6060)
4(6060 6080 6120 6100)
4(6100 6120 6160 6140)
4(6140 6160 6200 6180)
4(6180 6200 6240 6220)
4(6220 6240 6280 6260)
4(6260 6280 6320 6300)
4(6300 6320 6360 6340)
4(6340 6360 6400 6380)
4(6380 6400 6440 6420)
4(6420 6440 6480 6460)
4(6460 6480 6520 6500)
4(6500 6520 6560 6540)
4(6540 6560 6600 6580)
4(6580 6600 6640 6620)
4(6620 6640 6680 6660)
4(6660 6680 6720 6700)
4(6700 6720 6760 6740)
4(6740 6760 6800 6780)
4(6780 6800 6840 6820)
4(6820 6840 6880 6860)
4(6860 6880 6920 6900)
4(6900 6920 6960 6940)
4(6940 6960 7000 6980)
4(6980 7000 7040 7020)
4(7020 7040 7080 7060)
4(7060 7080 7120 7100)
4(7100 7120 7160 7140)
4(7140 7160 7200 7180)
4(7180 7200 7240 7220)
4(7220 7240 7280 7260)
4(7260 7280 7320 7300)
4(7300 7320 7360 7340)
4(7340 7360 7400 7380)
4(7380 7400 7440 7420)
4(7420 7440 7480 7460)
4(7460 7480 7520 7500)
4(7500 7520 7560 7540)
4(7540 7560 7600 7580)
4(7580 7600 7640 7620)
4(7620 7640 7680 7660)
4(7660 7680 7720 7700)
4(7700 7720 7760 7740)
4(7740 7760 7800 7780)
4(7780 7800 7840 7820)
4(7820 7840 7880 7860)
4(7860 7880 7920 7900)
4(7900 7920 7960 7940)
4(7940 7960 8000 7980)
4(7980 8000 8040 8020)
4(8020 8040 8080 8060)
4(8060 8080 8120 8100)
4(8100 8120 8160 8140)
4(8140 8160 8200 8180)
4(8180 8200 8240 8220)
4(8220 8240 8280 8260)
4(8260 8280 8320 8300)
4(8300 8320 8360 8340)
4(8340 8360 8400 8380)
4(8380 8400 8440 8420)
4(8420 8440 8480 8460)
4(8460 8480 8520 8500)
4(8500 8520 8560 8540)
4(8540 8560 8600 8580)
4(8580 8600 8640 8620)
4(8620 8640 8680 8660)
4(8660 8680 8720 8700)
4(1565 1580 4701 4681)
4(4681 4701 4702 4682)
4(4682 4702 4703 4683)
4(4683 4703 4704 4684)
4(4684 4704 4705 4685)
4(4685 4705 4706 4686)
4(4686 4706 4707 4687)
4(4687 4707 4708 4688)
4(4688 4708 4709 4689)
4(4689 4709 4710 4690)
4(4690 4710 4711 4691)
4(4691 4711 4712 4692)
4(4692 4712 4713 4693)
4(4693 4713 4714 4694)
4(4694 4714 4715 4695)
4(4695 4715 4716 4696)
4(4696 4716 4717 4697)
4(4697 4717 4718 4698)
4(4698 4718 4719 4699)
4(4699 4719 4720 4700)
4(0 31 47 16)
4(31 62 78 47)
4(62 93 109 78)
4(93 124 140 109)
4(124 155 171 140)
4(155 186 202 171)
4(186 217 233 202)
4(217 248 264 233)
4(248 279 295 264)
4(279 310 326 295)
4(310 341 357 326)
4(341 372 388 357)
4(372 403 419 388)
4(403 434 450 419)
4(434 465 481 450)
4(465 496 512 481)
4(496 527 543 512)
4(527 558 574 543)
4(558 589 605 574)
4(589 620 636 605)
4(620 651 667 636)
4(651 682 698 667)
4(682 713 729 698)
4(713 744 760 729)
4(744 775 791 760)
4(775 806 822 791)
4(806 837 853 822)
4(837 868 884 853)
4(868 899 915 884)
4(899 930 946 915)
4(930 961 977 946)
4(961 992 1008 977)
4(992 1023 1039 1008)
4(1023 1054 1070 1039)
4(1054 1085 1101 1070)
4(1085 1116 1132 1101)
4(1116 1147 1163 1132)
4(1147 1178 1194 1163)
4(1178 1209 1225 1194)
4(1209 1240 1256 1225)
4(1240 1271 1287 1256)
4(1271 1302 1318 1287)
4(1302 1333 1349 1318)
4(1333 1364 1380 1349)
4(1364 1395 1411 1380)
4(1395 1426 1442 1411)
4(1426 1457 1473 1442)
4(1457 1488 1504 1473)
4(1488 1519 1535 1504)
4(1519 1550 1566 1535)
4(16 47 48 17)
4(47 78 79 48)
4(78 109 110 79)
4(109 140 141 110)
4(140 171 172 141)
4(171 202 203 172)
4(202 233 234 203)
4(233 264 265 234)
4(264 295 296 265)
4(295 326 327 296)
4(326 357 358 327)
4(357 388 389 358)
4(388 419 420 389)
4(419 450 451 420)
4(450 481 482 451)
4(481 512 513 482)
4(512 543 544 513)
4(543 574 575 544)
4(574 605 606 575)
4(605 636 637 606)
4(636 667 668 637)
4(667 698 699 668)
4(698 729 730 699)
4(729 760 761 730)
4(760 791 792 761)
4(791 822 823 792)
4(822 853 854 823)
4(853 884 885 854)
4(884 915 916 885)
4(915 946 947 916)
4(946 977 978 947)
4(977 1008 1009 978)
4(1008 1039 1040 1009)
4(1039 1070 1071 1040)
4(1070 1101 1102 1071)
4(1101 1132 1133 1102)
4(1132 1163 1164 1133)
4(1163 1194 1195 1164)
4(1194 1225 1226 1195)
4(1225 1256 1257 1226)
4(1256 1287 1288 1257)
4(1287 1318 1319 1288)
4(1318 1349 1350 1319)
4(1349 1380 1381 1350)
4(1380 1411 1412 1381)
4(1411 1442 1443 1412)
4(1442 1473 1474 1443)
4(1473 1504 1505 1474)
4(1504 1535 1536 1505)
4(1535 1566 1567 1536)
4(17 48 49 18)
4(48 79 80 49)
4(79 110 111 80)
4(110 141 142 111)
4(141 172 173 142)
4(172 203 204 173)
4(203 234 235 204)
4(234 265 266 235)
4(265 296 297 266)
4(296 327 328 297)
4(327 358 359 328)
4(358 389 390 359)
4(389 420 421 390)
4(420 451 452 421)
4(451 482 483 452)
4(482 513 514 483)
4(513 544 545 514)
4(544 575 576 545)
4(575 606 607 576)
4(606 637 638 607)
4(637 668 669 638)
4(668 699 700 669)
4(699 730 731 700)
4(730 761 762 731)
4(761 792 793 762)
4(792 823 824 793)
4(823 854 855 824)
4(854 885 886 855)
4(885 916 917 886)
4(916 947 948 917)
4(947 978 979 948)
4(978 1009 1010 979)
4(1009 1040 1041 1010)
4(1040 1071 1072 1041)
4(1071 1102 1103 1072)
4(1102 1133 1134 1103)
4(1133 1164 1165 1134)
4(1164 1195 1196 1165)
4(1195 1226 1227 1196)
4(1226 1257 1258 1227)
4(1257 1288 1289 1258)
4(1288 1319 1320 1289)
4(1319 1350 1351 1320)
4(1350 1381 1382 1351)
4(1381 1412 1413 1382)
4(1412 1443 1444 1413)
4(1443 1474 1475 1444)
4(1474 1505 1506 1475)
4(1505 1536 1537 1506)
4(1536 1567 1568 1537)
4(18 49 50 19)
4(49 80 81 50)
4(80 111 112 81)
4(111 142 143 112)
4(142 173 174 143)
4(173 204 205 174)
4(204 235 236 205)
4(235 266 267 236)
4(266 297 298 267)
4(297 328 329 298)
4(328 359 360 329)
4(359 390 391 360)
4(390 421 422 391)
4(421 452 453 422)
4(452 483 484 453)
4(483 514 515 484)
4(514 545 546 515)
4(545 576 577 546)
4(576 607 608 577)
4(607 638 639 608)
4(638 669 670 639)
4(669 700 701 670)
4(700 731 732 701)
4(731 762 763 732)
4(762 793 794 763)
4(793 824 825 794)
4(824 855 856 825)
4(855 886 887 856)
4(886 917 918 887)
4(917 948 949 918)
4(948 979 980 949)
4(979 1010 1011 980)
4(1010 1041 1042 1011)
4(1041 1072 1073 1042)
4(1072 1103 1104 1073)
4(1103 1134 1135 1104)
4(1134 1165 1166 1135)
4(1165 1196 1197 1166)
4(1196 1227 1228 1197)
4(1227 1258 1259 1228)
4(1258 1289 1290 1259)
4(1289 1320 1321 1290)
4(1320 1351 1352 1321)
4(1351 1382 1383 1352)
4(1382 1413 1414 1383)
4(1413 1444 1445 1414)
4(1444 1475 1476 1445)
4(1475 1506 1507 1476)
4(1506 1537 1538 1507)
4(1537 1568 1569 1538)
4(19 50 51 20)
4(50 81 82 51)
4(81 112 113 82)
4(112 143 144 113)
4(143 174 175 144)
4(174 205 206 175)
4(205 236 237 206)
4(236 267 268 237)
4(267 298 299 268)
4(298 329 330 299)
4(329 360 361 330)
4(360 391 392 361)
4(391 422 423 392)
4(422 453 454 423)
4(453 484 485 454)
4(484 515 516 485)
4(515 546 547 516)
4(546 577 578 547)
4(577 608 609 578)
4(608 639 640 609)
4(639 670 671 640)
4(670 701 702 671)
4(701 732 733 702)
4(732 763 764 733)
4(763 794 795 764)
4(794 825 826 795)
4(825 856 857 826)
4(856 887 888 857)
4(887 918 919 888)
4(918 949 950 919)
4(949 980 981 950)
4(980 1011 1012 981)
4(1011 1042 1043 1012)
4(1042 1073 1074 1043)
4(1073 1104 1105 1074)
4(1104 1135 1136 1105)
4(1135 1166 1167 1136)
4(1166 1197 1198 1167)
4(1197 1228 1229 1198)
4(1228 1259 1260 1229)
4(1259 1290 1291 1260)
4(1290 1321 1322 1291)
4(1321 1352 1353 1322)
4(1352 1383 1384 1353)
4(1383 1414 1415 1384)
4(1414 1445 1446 1415)
4(1445 1476 1477 1446)
4(1476 1507 1508 1477)
4(1507 1538 1539 1508)
4(1538 1569 1570 1539)
4(20 51 52 21)
4(51 82 83 52)
4(82 113 114 83)
4(113 144 145 114)
4(144 175 176 145)
4(175 206 207 176)
4(206 237 238 207)
4(237 268 269 238)
4(268 299 300 269)
4(299 330 331 300)
4(330 361 362 331)
4(361 392 393 362)
4(392 423 424 393)
4(423 454 455 424)
4(454 485 486 455)
4(485 516 517 486)
4(516 547 548 517)
4(547 578 579 548)
4(578 609 610 579)
4(609 640 641 610)
4(640 671 672 641)
4(671 702 703 672)
4(702 733 734 703)
4(733 764 765 734)
4(764 795 796 765)
4(795 826 827 796)
4(826 857 858 827)
4(857 888 889 858)
4(888 919 920 889)
4(919 950 951 920)
4(950 981 982 951)
4(981 1012 1013 982)
4(1012 1043 1044 1013)
4(1043 1074 1075 1044)
4(1074 1105 1106 1075)
4(1105 1136 1137 1106)
4(1136 1167 1168 1137)
4(1167 1198 1199 1168)
4(1198 1229 1230 1199)
4(1229 1260 1261 1230)
4(1260 1291 1292 1261)
4(1291 1322 1323 1292)
4(1322 1353 1354 1323)
4(1353 1384 1385 1354)
4(1384 1415 1416 1385)
4(1415 1446 1447 1416)
4(1446 1477 1478 1447)
4(1477 1508 1509 1478)
4(1508 1539 1540 1509)
4(1539 1570 1571 1540)
4(21 52 53 22)
4(52 83 84 53)
4(83 114 115 84)
4(114 145 146 115)
4(145 176 177 146)
4(176 207 208 177)
4(207 238 239 208)
4(238 269 270 239)
4(269 300 301 270)
4(300 331 332 301)
4(331 362 363 332)
4(362 393 394 363)
4(393 424 425 394)
4(424 455 456 425)
4(455 486 487 456)
4(486 517 518 487)
4(517 548 549 518)
4(548 579 580 549)
4(579 610 611 580)
4(610 641 642 611)
4(641 672 673 642)
4(672 703 704 673)
4(703 734 735 704)
4(734 765 766 735)
4(765 796 797 766)
4(796 827 828 797)
4(827 858 859 828)
4(858 889 890 859)
4(889 920 921 890)
4(920 951 952 921)
4(951 982 983 952)
4(982 1013 1014 983)
4(1013 1044 1045 1014)
4(1044 1075 1076 1045)
4(1075 1106 1107 1076)
4(1106 1137 1138 1107)
4(1137 1168 1169 1138)
4(1168 1199 1200 1169)
4(1199 1230 1231 1200)
4(1230 1261 1262 1231)
4(1261 1292 1293 1262)
4(1292 1323 1324 1293)
4(1323 1354 1355 1324)
4(1354 1385 1386 1355)
4(1385 1416 1417 1386)
4(1416 1447 1448 1417)
4(1447 1478 1479 1448)
4(1478 1509 1510 1479)
4(1509 1540 1541 1510)
4(1540 1571 1572 1541)
4(22 53 54 23)
4(53 84 85 54)
4(84 115 116 85)
4(115 146 147 116)
4(146 177 178 147)
4(177 208 209 178)
4(208 239 240 209)
4(239 270 271 240)
4(270 301 302 271)
4(301 332 333 302)
4(332 363 364 333)
4(363 394 395 364)
4(394 425 426 395)
4(425 456 457 426)
4(456 487 488 457)
4(487 518 519 488)
4(518 549 550 519)
4(549 580 581 550)
4(580 611 612 581)
4(611 642 643 612)
4(642 673 674 643)
4(673 704 705 674)
4(704 735 736 705)
4(735 766 767 736)
4(766 797 798 767)
4(797 828 829 798)
4(828 859 860 829)
4(859 890 891 860)
4(890 921 922 891)
4(921 952 953 922)
4(952 983 984 953)
4(983 1014 1015 984)
4(1014 1045 1046 1015)
4(1045 1076 1077 1046)
4(1076 1107 1108 1077)
4(1107 1138 1139 1108)
4(1138 1169 1170 1139)
4(1169 1200 1201 1170)
4(1200 1231 1232 1201)
4(1231 1262 1263 1232)
4(1262 1293 1294 1263)
4(1293 1324 1325 1294)
4(1324 1355 1356 1325)
4(1355 1386 1387 1356)
4(1386 1417 1418 1387)
4(1417 1448 1449 1418)
4(1448 1479 1480 1449)
4(1479 1510 1511 1480)
4(1510 1541 1542 1511)
4(1541 1572 1573 1542)
4(23 54 55 24)
4(54 85 86 55)
4(85 116 117 86)
4(116 147 148 117)
4(147 178 179 148)
4(178 209 210 179)
4(209 240 241 210)
4(240 271 272 241)
4(271 302 303 272)
4(302 333 334 303)
4(333 364 365 334)
4(364 395 396 365)
4(395 426 427 396)
4(426 457 458 427)
4(457 488 489 458)
4(488 519 520 489)
4(519 550 551 520)
4(550 581 582 551)
4(581 612 613 582)
4(612 643 644 613)
4(643 674 675 644)
4(674 705 706 675)
4(705 736 737 706)
4(736 767 768 737)
4(767 798 799 768)
4(798 829 830 799)
4(829 860 861 830)
4(860 891 892 861)
4(891 922 923 892)
4(922 953 954 923)
4(953 984 985 954)
4(984 1015 1016 985)
4(1015 1046 1047 1016)
4(1046 1077 1078 1047)
4(1077 1108 1109 1078)
4(1108 1139 1140 1109)
4(1139 1170 1171 1140)
4(1170 1201 1202 1171)
4(1201 1232 1233 1202)
4(1232 1263 1264 1233)
4(1263 1294 1295 1264)
4(1294 1325 1326 1295)
4(1325 1356 1357 1326)
4(1356 1387 1388 1357)
4(1387 1418 1419 1388)
4(1418 1449 1450 1419)
4(1449 1480 1481 1450)
4(1480 1511 1512 1481)
4(1511 1542 1543 1512)
4(1542 1573 1574 1543)
4(24 55 56 25)
4(55 86 87 56)
4(86 117 118 87)
4(117 148 149 118)
4(148 179 180 149)
4(179 210 211 180)
4(210 241 242 211)
4(241 272 273 242)
4(272 303 304 273)
4(303 334 335 304)
4(334 365 366 335)
4(365 396 397 366)
4(396 427 428 397)
4(427 458 459 428)
4(458 489 490 459)
4(489 520 521 490)
4(520 551 552 521)
4(551 582 583 552)
4(582 613 614 583)
4(613 644 645 614)
4(644 675 676 645)
4(675 706 707 676)
4(706 737 738 707)
4(737 768 769 738)
4(768 799 800 769)
4(799 830 831 800)
4(830 861 862 831)
4(861 892 893 862)
4(892 923 924 893)
4(923 954 955 924)
4(954 985 986 955)
4(985 1016 1017 986)
4(1016 1047 1048 1017)
4(1047 1078 1079 1048)
4(1078 1109 1110 1079)
4(1109 1140 1141 1110)
4(1140 1171 1172 1141)
4(1171 1202 1203 1172)
4(1202 1233 1234 1203)
4(1233 1264 1265 1234)
4(1264 1295 1296 1265)
4(1295 1326 1327 1296)
4(1326 1357 1358 1327)
4(1357 1388 1389 1358)
4(1388 1419 1420 1389)
4(1419 1450 1451 1420)
4(1450 1481 1482 1451)
4(1481 1512 1513 1482)
4(1512 1543 1544 1513)
4(1543 1574 1575 1544)
4(25 56 57 26)
4(56 87 88 57)
4(87 118 119 88)
4(118 149 150 119)
4(149 180 181 150)
4(180 211 212 181)
4(211 242 243 212)
4(242 273 274 243)
4(273 304 305 274)
4(304 335 336 305)
4(335 366 367 336)
4(366 397 398 367)
4(397 428 429 398)
4(428 459 460 429)
4(459 490 491 460)
4(490 521 522 491)
4(521 552 553 522)
4(552 583 584 553)
4(583 614 615 584)
4(614 645 646 615)
4(645 676 677 646)
4(676 707 708 677)
4(707 738 739 708)
4(738 769 770 739)
4(769 800 801 770)
4(800 831 832 801)
4(831 862 863 832)
4(862 893 894 863)
4(893 924 925 894)
4(924 955 956 925)
4(955 986 987 956)
4(986 1017 1018 987)
4(1017 1048 1049 1018)
4(1048 1079 1080 1049)
4(1079 1110 1111 1080)
4(1110 1141 1142 1111)
4(1141 1172 1173 1142)
4(1172 1203 1204 1173)
4(1203 1234 1235 1204)
4(1234 1265 1266 1235)
4(1265 1296 1297 1266)
4(1296 1327 1328 1297)
4(1327 1358 1359 1328)
4(1358 1389 1390 1359)
4(1389 1420 1421 1390)
4(1420 1451 1452 1421)
4(1451 1482 1483 1452)
4(1482 1513 1514 1483)
4(1513 1544 1545 1514)
4(1544 1575 1576 1545)
4(26 57 58 27)
4(57 88 89 58)
4(88 119 120 89)
4(119 150 151 120)
4(150 181 182 151)
4(181 212 213 182)
4(212 243 244 213)
4(243 274 275 244)
4(274 305 306 275)
4(305 336 337 306)
4(336 367 368 337)
4(367 398 399 368)
4(398 429 430 399)
4(429 460 461 430)
4(460 491 492 461)
4(491 522 523 492)
4(522 553 554 523)
4(553 584 585 554)
4(584 615 616 585)
4(615 646 647 616)
4(646 677 678 647)
4(677 708 709 678)
4(708 739 740 709)
4(739 770 771 740)
4(770 801 802 771)
4(801 832 833 802)
4(832 863 864 833)
4(863 894 895 864)
4(894 925 926 895)
4(925 956 957 926)
4(956 987 988 957)
4(987 1018 1019 988)
4(1018 1049 1050 1019)
4(1049 1080 1081 1050)
4(1080 1111 1112 1081)
4(1111 1142 1143 1112)
4(1142 1173 1174 1143)
4(1173 1204 1205 1174)
4(1204 1235 1236 1205)
4(1235 1266 1267 1236)
4(1266 1297 1298 1267)
4(1297 1328 1329 1298)
4(1328 1359 1360 1329)
4(1359 1390 1391 1360)
4(1390 1421 1422 1391)
4(1421 1452 1453 1422)
4(1452 1483 1484 1453)
4(1483 1514 1515 1484)
4(1514 1545 1546 1515)
4(1545 1576 1577 1546)
4(27 58 59 28)
4(58 89 90 59)
4(89 120 121 90)
4(120 151 152 121)
4(151 182 183 152)
4(182 213 214 183)
4(213 244 245 214)
4(244 275 276 245)
4(275 306 307 276)
4(306 337 338 307)
4(337 368 369 338)
4(368 399 400 369)
4(399 430 431 400)
4(430 461 462 431)
4(461 492 493 462)
4(492 523 524 493)
4(523 554 555 524)
4(554 585 586 555)
4(585 616 617 586)
4(616 647 648 617)
4(647 678 679 648)
4(678 709 710 679)
4(709 740 741 710)
4(740 771 772 741)
4(771 802 803 772)
4(802 833 834 803)
4(833 864 865 834)
4(864 895 896 865)
4(895 926 927 896)
4(926 957 958 927)
4(957 988 989 958)
4(988 1019 1020 989)
4(1019 1050 1051 1020)
4(1050 1081 1082 1051)
4(1081 1112 1113 1082)
4(1112 1143 1144 1113)
4(1143 1174 1175 1144)
4(1174 1205 1206 1175)
4(1205 1236 1237 1206)
4(1236 1267 1268 1237)
4(1267 1298 1299 1268)
4(1298 1329 1330 1299)
4(1329 1360 1361 1330)
4(1360 1391 1392 1361)
4(1391 1422 1423 1392)
4(1422 1453 1454 1423)
4(1453 1484 1485 1454)
4(1484 1515 1516 1485)
4(1515 1546 1547 1516)
4(1546 1577 1578 1547)
4(28 59 60 29)
4(59 90 91 60)
4(90 121 122 91)
4(121 152 153 122)
4(152 183 184 153)
4(183 214 215 184)
4(214 245 246 215)
4(245 276 277 246)
4(276 307 308 277)
4(307 338 339 308)
4(338 369 370 339)
4(369 400 401 370)
4(400 431 432 401)
4(431 462 463 432)
4(462 493 494 463)
4(493 524 525 494)
4(524 555 556 525)
4(555 586 587 556)
4(586 617 618 587)
4(617 648 649 618)
4(648 679 680 649)
4(679 710 711 680)
4(710 741 742 711)
4(741 772 773 742)
4(772 803 804 773)
4(803 834 835 804)
4(834 865 866 835)
4(865 896 897 866)
4(896 927 928 897)
4(927 958 959 928)
4(958 989 990 959)
4(989 1020 1021 990)
4(1020 1051 1052 1021)
4(1051 1082 1083 1052)
4(1082 1113 1114 1083)
4(1113 1144 1145 1114)
4(1144 1175 1176 1145)
4(1175 1206 1207 1176)
4(1206 1237 1238 1207)
4(1237 1268 1269 1238)
4(1268 1299 1300 1269)
4(1299 1330 1331 1300)
4(1330 1361 1362 1331)
4(1361 1392 1393 1362)
4(1392 1423 1424 1393)
4(1423 1454 1455 1424)
4(1454 1485 1486 1455)
4(1485 1516 1517 1486)
4(1516 1547 1548 1517)
4(1547 1578 1579 1548)
4(29 60 61 30)
4(60 91 92 61)
4(91 122 123 92)
4(122 153 154 123)
4(153 184 185 154)
4(184 215 216 185)
4(215 246 247 216)
4(246 277 278 247)
4(277 308 309 278)
4(308 339 340 309)
4(339 370 371 340)
4(370 401 402 371)
4(401 432 433 402)
4(432 463 464 433)
4(463 494 495 464)
4(494 525 526 495)
4(525 556 557 526)
4(556 587 588 557)
4(587 618 619 588)
4(618 649 650 619)
4(649 680 681 650)
4(680 711 712 681)
4(711 742 743 712)
4(742 773 774 743)
4(773 804 805 774)
4(804 835 836 805)
4(835 866 867 836)
4(866 897 898 867)
4(897 928 929 898)
4(928 959 960 929)
4(959 990 991 960)
4(990 1021 1022 991)
4(1021 1052 1053 1022)
4(1052 1083 1084 1053)
4(1083 1114 1115 1084)
4(1114 1145 1146 1115)
4(1145 1176 1177 1146)
4(1176 1207 1208 1177)
4(1207 1238 1239 1208)
4(1238 1269 1270 1239)
4(1269 1300 1301 1270)
4(1300 1331 1332 1301)
4(1331 1362 1363 1332)
4(1362 1393 1394 1363)
4(1393 1424 1425 1394)
4(1424 1455 1456 1425)
4(1455 1486 1487 1456)
4(1486 1517 1518 1487)
4(1517 1548 1549 1518)
4(1548 1579 1580 1549)
4(1550 1581 1597 1566)
4(1581 1612 1628 1597)
4(1612 1643 1659 1628)
4(1643 1674 1690 1659)
4(1674 1705 1721 1690)
4(1705 1736 1752 1721)
4(1736 1767 1783 1752)
4(1767 1798 1814 1783)
4(1798 1829 1845 1814)
4(1829 1860 1876 1845)
4(1860 1891 1907 1876)
4(1891 1922 1938 1907)
4(1922 1953 1969 1938)
4(1953 1984 2000 1969)
4(1984 2015 2031 2000)
4(2015 2046 2062 2031)
4(2046 2077 2093 2062)
4(2077 2108 2124 2093)
4(2108 2139 2155 2124)
4(2139 2170 2186 2155)
4(2170 2201 2217 2186)
4(2201 2232 2248 2217)
4(2232 2263 2279 2248)
4(2263 2294 2310 2279)
4(2294 2325 2341 2310)
4(2325 2356 2372 2341)
4(2356 2387 2403 2372)
4(2387 2418 2434 2403)
4(2418 2449 2465 2434)
4(2449 2480 2496 2465)
4(2480 2511 2527 2496)
4(2511 2542 2558 2527)
4(2542 2573 2589 2558)
4(2573 2604 2620 2589)
4(2604 2635 2651 2620)
4(2635 2666 2682 2651)
4(2666 2697 2713 2682)
4(2697 2728 2744 2713)
4(2728 2759 2775 2744)
4(2759 2790 2806 2775)
4(2790 2821 2837 2806)
4(2821 2852 2868 2837)
4(2852 2883 2899 2868)
4(2883 2914 2930 2899)
4(2914 2945 2961 2930)
4(2945 2976 2992 2961)
4(2976 3007 3023 2992)
4(3007 3038 3054 3023)
4(3038 3069 3085 3054)
4(3069 3100 3116 3085)
4(3100 3131 3147 3116)
4(3131 3162 3178 3147)
4(3162 3193 3209 3178)
4(3193 3224 3240 3209)
4(3224 3255 3271 3240)
4(3255 3286 3302 3271)
4(3286 3317 3333 3302)
4(3317 3348 3364 3333)
4(3348 3379 3395 3364)
4(3379 3410 3426 3395)
4(3410 3441 3457 3426)
4(3441 3472 3488 3457)
4(3472 3503 3519 3488)
4(3503 3534 3550 3519)
4(3534 3565 3581 3550)
4(3565 3596 3612 3581)
4(3596 3627 3643 3612)
4(3627 3658 3674 3643)
4(3658 3689 3705 3674)
4(3689 3720 3736 3705)
4(3720 3751 3767 3736)
4(3751 3782 3798 3767)
4(3782 3813 3829 3798)
4(3813 3844 3860 3829)
4(3844 3875 3891 3860)
4(3875 3906 3922 3891)
4(3906 3937 3953 3922)
4(3937 3968 3984 3953)
4(3968 3999 4015 3984)
4(3999 4030 4046 4015)
4(4030 4061 4077 4046)
4(4061 4092 4108 4077)
4(4092 4123 4139 4108)
4(4123 4154 4170 4139)
4(4154 4185 4201 4170)
4(4185 4216 4232 4201)
4(4216 4247 4263 4232)
4(4247 4278 4294 4263)
4(4278 4309 4325 4294)
4(4309 4340 4356 4325)
4(4340 4371 4387 4356)
4(4371 4402 4418 4387)
4(4402 4433 4449 4418)
4(4433 4464 4480 4449)
4(4464 4495 4511 4480)
4(4495 4526 4542 4511)
4(4526 4557 4573 4542)
4(4557 4588 4604 4573)
4(4588 4619 4635 4604)
4(4619 4650 4666 4635)
4(1566 1597 1598 1567)
4(1597 1628 1629 1598)
4(1628 1659 1660 1629)
4(1659 1690 1691 1660)
4(1690 1721 1722 1691)
4(1721 1752 1753 1722)
4(1752 1783 1784 1753)
4(1783 1814 1815 1784)
4(1814 1845 1846 1815)
4(1845 1876 1877 1846)
4(1876 1907 1908 1877)
4(1907 1938 1939 1908)
4(1938 1969 1970 1939)
4(1969 2000 2001 1970)
4(2000 2031 2032 2001)
4(2031 2062 2063 2032)
4(2062 2093 2094 2063)
4(2093 2124 2125 2094)
4(2124 2155 2156 2125)
4(2155 2186 2187 2156)
4(2186 2217 2218 2187)
4(2217 2248 2249 2218)
4(2248 2279 2280 2249)
4(2279 2310 2311 2280)
4(2310 2341 2342 2311)
4(2341 2372 2373 2342)
4(2372 2403 2404 2373)
4(2403 2434 2435 2404)
4(2434 2465 2466 2435)
4(2465 2496 2497 2466)
4(2496 2527 2528 2497)
4(2527 2558 2559 2528)
4(2558 2589 2590 2559)
4(2589 2620 2621 2590)
4(2620 2651 2652 2621)
4(2651 2682 2683 2652)
4(2682 2713 2714 2683)
4(2713 2744 2745 2714)
4(2744 2775 2776 2745)
4(2775 2806 2807 2776)
4(2806 2837 2838 2807)
4(2837 2868 2869 2838)
4(2868 2899 2900 2869)
4(2899 2930 2931 2900)
4(2930 2961 2962 2931)
4(2961 2992 2993 2962)
4(2992 3023 3024 2993)
4(3023 3054 3055 3024)
4(3054 3085 3086 3055)
4(3085 3116 3117 3086)
4(3116 3147 3148 3117)
4(3147 3178 3179 3148)
4(3178 3209 3210 3179)
4(3209 3240 3241 3210)
4(3240 3271 3272 3241)
4(3271 3302 3303 3272)
4(3302 3333 3334 3303)
4(3333 3364 3365 3334)
4(3364 3395 3396 3365)
4(3395 3426 3427 3396)
4(3426 3457 3458 3427)
4(3457 3488 3489 3458)
4(3488 3519 3520 3489)
4(3519 3550 3551 3520)
4(3550 3581 3582 3551)
4(3581 3612 3613 3582)
4(3612 3643 3644 3613)
4(3643 3674 3675 3644)
4(3674 3705 3706 3675)
4(3705 3736 3737 3706)
4(3736 3767 3768 3737)
4(3767 3798 3799 3768)
4(3798 3829 3830 3799)
4(3829 3860 3861 3830)
4(3860 3891 3892 3861)
4(3891 3922 3923 3892)
4(3922 3953 3954 3923)
4(3953 3984 3985 3954)
4(3984 4015 4016 3985)
4(4015 4046 4047 4016)
4(4046 4077 4078 4047)
4(4077 4108 4109 4078)
4(4108 4139 4140 4109)
4(4139 4170 4171 4140)
4(4170 4201 4202 4171)
4(4201 4232 4233 4202)
4(4232 4263 4264 4233)
4(4263 4294 4295 4264)
4(4294 4325 4326 4295)
4(4325 4356 4357 4326)
4(4356 4387 4388 4357)
4(4387 4418 4419 4388)
4(4418 4449 4450 4419)
4(4449 4480 4481 4450)
4(4480 4511 4512 4481)
4(4511 4542 4543 4512)
4(4542 4573 4574 4543)
4(4573 4604 4605 4574)
4(4604 4635 4636 4605)
4(4635 4666 4667 4636)
4(1567 1598 1599 1568)
4(1598 1629 1630 1599)
4(1629 1660 1661 1630)
4(1660 1691 1692 1661)
4(1691 1722 1723 1692)
4(1722 1753 1754 1723)
4(1753 1784 1785 1754)
4(1784 1815 1816 1785)
4(1815 1846 1847 1816)
4(1846 1877 1878 1847)
4(1877 1908 1909 1878)
4(1908 1939 1940 1909)
4(1939 1970 1971 1940)
4(1970 2001 2002 1971)
4(2001 2032 2033 2002)
4(2032 2063 2064 2033)
4(2063 2094 2095 2064)
4(2094 2125 2126 2095)
4(2125 2156 2157 2126)
4(2156 2187 2188 2157)
4(2187 2218 2219 2188)
4(2218 2249 2250 2219)
4(2249 2280 2281 2250)
4(2280 2311 2312 2281)
4(2311 2342 2343 2312)
4(2342 2373 2374 2343)
4(2373 2404 2405 2374)
4(2404 2435 2436 2405)
4(2435 2466 2467 2436)
4(2466 2497 2498 2467)
4(2497 2528 2529 2498)
4(2528 2559 2560 2529)
4(2559 2590 2591 2560)
4(2590 2621 2622 2591)
4(2621 2652 2653 2622)
4(2652 2683 2684 2653)
4(2683 2714 2715 2684)
4(2714 2745 2746 2715)
4(2745 2776 2777 2746)
4(2776 2807 2808 2777)
4(2807 2838 2839 2808)
4(2838 2869 2870 2839)
4(2869 2900 2901 2870)
4(2900 2931 2932 2901)
4(2931 2962 2963 2932)
4(2962 2993 2994 2963)
4(2993 3024 3025 2994)
4(3024 3055 3056 3025)
4(3055 3086 3087 3056)
4(3086 3117 3118 3087)
4(3117 3148 3149 3118)
4(3148 3179 3180 3149)
4(3179 3210 3211 3180)
4(3210 3241 3242 3211)
4(3241 3272 3273 3242)
4(3272 3303 3304 3273)
4(3303 3334 3335 3304)
4(3334 3365 3366 3335)
4(3365 3396 3397 3366)
4(3396 3427 3428 3397)
4(3427 3458 3459 3428)
4(3458 3489 3490 3459)
4(3489 3520 3521 3490)
4(3520 3551 3552 3521)
4(3551 3582 3583 3552)
4(3582 3613 3614 3583)
4(3613 3644 3645 3614)
4(3644 3675 3676 3645)
4(3675 3706 3707 3676)
4(3706 3737 3738 3707)
4(3737 3768 3769 3738)
4(3768 3799 3800 3769)
4(3799 3830 3831 3800)
4(3830 3861 3862 3831)
4(3861 3892 3893 3862)
4(3892 3923 3924 3893)
4(3923 3954 3955 3924)
4(3954 3985 3986 3955)
4(3985 4016 4017 3986)
4(4016 4047 4048 4017)
4(4047 4078 4079 4048)
4(4078 4109 4110 4079)
4(4109 4140 4141 4110)
4(4140 4171 4172 4141)
4(4171 4202 4203 4172)
4(4202 4233 4234 4203)
4(4233 4264 4265 4234)
4(4264 4295 4296 4265)
4(4295 4326 4327 4296)
4(4326 4357 4358 4327)
4(4357 4388 4389 4358)
4(4388 4419 4420 4389)
4(4419 4450 4451 4420)
4(4450 4481 4482 4451)
4(4481 4512 4513 4482)
4(4512 4543 4544 4513)
4(4543 4574 4575 4544)
4(4574 4605 4606 4575)
4(4605 4636 4637 4606)
4(4636 4667 4668 4637)
4(1568 1599 1600 1569)
4(1599 1630 1631 1600)
4(1630 1661 1662 1631)
4(1661 1692 1693 1662)
4(1692 1723 1724 1693)
4(1723 1754 1755 1724)
4(1754 1785 1786 1755)
4(1785 1816 1817 1786)
4(1816 1847 1848 1817)
4(1847 1878 1879 1848)
4(1878 1909 1910 1879)
4(1909 1940 1941 1910)
4(1940 1971 1972 1941)
4(1971 2002 2003 1972)
4(2002 2033 2034 2003)
4(2033 2064 2065 2034)
4(2064 2095 2096 2065)
4(2095 2126 2127 2096)
4(2126 2157 2158 2127)
4(2157 2188 2189 2158)
4(2188 2219 2220 2189)
4(2219 2250 2251 2220)
4(2250 2281 2282 2251)
4(2281 2312 2313 2282)
4(2312 2343 2344 2313)
4(2343 2374 2375 2344)
4(2374 2405 2406 2375)
4(2405 2436 2437 2406)
4(2436 2467 2468 2437)
4(2467 2498 2499 2468)
4(2498 2529 2530 2499)
4(2529 2560 2561 2530)
4(2560 2591 2592 2561)
4(2591 2622 2623 2592)
4(2622 2653 2654 2623)
4(2653 2684 2685 2654)
4(2684 2715 2716 2685)
4(2715 2746 2747 2716)
4(2746 2777 2778 2747)
4(2777 2808 2809 2778)
4(2808 2839 2840 2809)
4(2839 2870 2871 2840)
4(2870 2901 2902 2871)
4(2901 2932 2933 2902)
4(2932 2963 2964 2933)
4(2963 2994 2995 2964)
4(2994 3025 3026 2995)
4(3025 3056 3057 3026)
4(3056 3087 3088 3057)
4(3087 3118 3119 3088)
4(3118 3149 3150 3119)
4(3149 3180 3181 3150)
4(3180 3211 3212 3181)
4(3211 3242 3243 3212)
4(3242 3273 3274 3243)
4(3273 3304 3305 3274)
4(3304 3335 3336 3305)
4(3335 3366 3367 3336)
4(3366 3397 3398 3367)
4(3397 3428 3429 3398)
4(3428 3459 3460 3429)
4(3459 3490 3491 3460)
4(3490 3521 3522 3491)
4(3521 3552 3553 3522)
4(3552 3583 3584 3553)
4(3583 3614 3615 3584)
4(3614 3645 3646 3615)
4(3645 3676 3677 3646)
4(3676 3707 3708 3677)
4(3707 3738 3739 3708)
4(3738 3769 3770 3739)
4(3769 3800 3801 3770)
4(3800 3831 3832 3801)
4(3831 3862 3863 3832)
4(3862 3893 3894 3863)
4(3893 3924 3925 3894)
4(3924 3955 3956 3925)
4(3955 3986 3987 3956)
4(3986 4017 4018 3987)
4(4017 4048 4049 4018)
4(4048 4079 4080 4049)
4(4079 4110 4111 4080)
4(4110 4141 4142 4111)
4(4141 4172 4173 4142)
4(4172 4203 4204 4173)
4(4203 4234 4235 4204)
4(4234 4265 4266 4235)
4(4265 4296 4297 4266)
4(4296 4327 4328 4297)
4(4327 4358 4359 4328)
4(4358 4389 4390 4359)
4(4389 4420 4421 4390)
4(4420 4451 4452 4421)
4(4451 4482 4483 4452)
4(4482 4513 4514 4483)
4(4513 4544 4545 4514)
4(4544 4575 4576 4545)
4(4575 4606 4607 4576)
4(4606 4637 4638 4607)
4(4637 4668 4669 4638)
4(1569 1600 1601 1570)
4(1600 1631 1632 1601)
4(1631 1662 1663 1632)
4(1662 1693 1694 1663)
4(1693 1724 1725 1694)
4(1724 1755 1756 1725)
4(1755 1786 1787 1756)
4(1786 1817 1818 1787)
4(1817 1848 1849 1818)
4(1848 1879 1880 1849)
4(1879 1910 1911 1880)
4(1910 1941 1942 1911)
4(1941 1972 1973 1942)
4(1972 2003 2004 1973)
4(2003 2034 2035 2004)
4(2034 2065 2066 2035)
4(2065 2096 2097 2066)
4(2096 2127 2128 2097)
4(2127 2158 2159 2128)
4(2158 2189 2190 2159)
4(2189 2220 2221 2190)
4(2220 2251 2252 2221)
4(2251 2282 2283 2252)
4(2282 2313 2314 2283)
4(2313 2344 2345 2314)
4(2344 2375 2376 2345)
4(2375 2406 2407 2376)
4(2406 2437 2438 2407)
4(2437 2468 2469 2438)
4(2468 2499 2500 2469)
4(2499 2530 2531 2500)
4(2530 2561 2562 2531)
4(2561 2592 2593 2562)
4(2592 2623 2624 2593)
4(2623 2654 2655 2624)
4(2654 2685 2686 2655)
4(2685 2716 2717 2686)
4(2716 2747 2748 2717)
4(2747 2778 2779 2748)
4(2778 2809 2810 2779)
4(2809 2840 2841 2810)
4(2840 2871 2872 2841)
4(2871 2902 2903 2872)
4(2902 2933 2934 2903)
4(2933 2964 2965 2934)
4(2964 2995 2996 2965)
4(2995 3026 3027 2996)
4(3026 3057 3058 3027)
4(3057 3088 3089 3058)
4(3088 3119 3120 3089)
4(3119 3150 3151 3120)
4(3150 3181 3182 3151)
4(3181 3212 3213 3182)
4(3212 3243 3244 3213)
4(3243 3274 3275 3244)
4(3274 3305 3306 3275)
4(3305 3336 3337 3306)
4(3336 3367 3368 3337)
4(3367 3398 3399 3368)
4(3398 3429 3430 3399)
4(3429 3460 3461 3430)
4(3460 3491 3492 3461)
4(3491 3522 3523 3492)
4(3522 3553 3554 3523)
4(3553 3584 3585 3554)
4(3584 3615 3616 3585)
4(3615 3646 3647 3616)
4(3646 3677 3678 3647)
4(3677 3708 3709 3678)
4(3708 3739 3740 3709)
4(3739 3770 3771 3740)
4(3770 3801 3802 3771)
4(3801 3832 3833 3802)
4(3832 3863 3864 3833)
4(3863 3894 3895 3864)
4(3894 3925 3926 3895)
4(3925 3956 3957 3926)
4(3956 3987 3988 3957)
4(3987 4018 4019 3988)
4(4018 4049 4050 4019)
4(4049 4080 4081 4050)
4(4080 4111 4112 4081)
4(4111 4142 4143 4112)
4(4142 4173 4174 4143)
4(4173 4204 4205 4174)
4(4204 4235 4236 4205)
4(4235 4266 4267 4236)
4(4266 4297 4298 4267)
4(4297 4328 4329 4298)
4(4328 4359 4360 4329)
4(4359 4390 4391 4360)
4(4390 4421 4422 4391)
4(4421 4452 4453 4422)
4(4452 4483 4484 4453)
4(4483 4514 4515 4484)
4(4514 4545 4546 4515)
4(4545 4576 4577 4546)
4(4576 4607 4608 4577)
4(4607 4638 4639 4608)
4(4638 4669 4670 4639)
4(1570 1601 1602 1571)
4(1601 1632 1633 1602)
4(1632 1663 1664 1633)
4(1663 1694 1695 1664)
4(1694 1725 1726 1695)
4(1725 1756 1757 1726)
4(1756 1787 1788 1757)
4(1787 1818 1819 1788)
4(1818 1849 1850 1819)
4(1849 1880 1881 1850)
4(1880 1911 1912 1881)
4(1911 1942 1943 1912)
4(1942 1973 1974 1943)
4(1973 2004 2005 1974)
4(2004 2035 2036 2005)
4(2035 2066 2067 2036)
4(2066 2097 2098 2067)
4(2097 2128 2129 2098)
4(2128 2159 2160 2129)
4(2159 2190 2191 2160)
4(2190 2221 2222 2191)
4(2221 2252 2253 2222)
4(2252 2283 2284 2253)
4(2283 2314 2315 2284)
4(2314 2345 2346 2315)
4(2345 2376 2377 2346)
4(2376 2407 2408 2377)
4(2407 2438 2439 2408)
4(2438 2469 2470 2439)
4(2469 2500 2501 2470)
4(2500 2531 2532 2501)
4(2531 2562 2563 2532)
4(2562 2593 2594 2563)
4(2593 2624 2625 2594)
4(2624 2655 2656 2625)
4(2655 2686 2687 2656)
4(2686 2717 2718 2687)
4(2717 2748 2749 2718)
4(2748 2779 2780 2749)
4(2779 2810 2811 2780)
4(2810 2841 2842 2811)
4(2841 2872 2873 2842)
4(2872 2903 2904 2873)
4(2903 2934 2935 2904)
4(2934 2965 2966 2935)
4(2965 2996 2997 2966)
4(2996 3027 3028 2997)
4(3027 3058 3059 3028)
4(3058 3089 3090 3059)
4(3089 3120 3121 3090)
4(3120 3151 3152 3121)
4(3151 3182 3183 3152)
4(3182 3213 3214 3183)
4(3213 3244 3245 3214)
4(3244 3275 3276 3245)
4(3275 3306 3307 3276)
4(3306 3337 3338 3307)
4(3337 3368 3369 3338)
4(3368 3399 3400 3369)
4(3399 3430 3431 3400)
4(3430 3461 3462 3431)
4(3461 3492 3493 3462)
4(3492 3523 3524 3493)
4(3523 3554 3555 3524)
4(3554 3585 3586 3555)
4(3585 3616 3617 3586)
4(3616 3647 3648 3617)
4(3647 3678 3679 3648)
4(3678 3709 3710 3679)
4(3709 3740 3741 3710)
4(3740 3771 3772 3741)
4(3771 3802 3803 3772)
4(3802 3833 3834 3803)
4(3833 3864 3865 3834)
4(3864 3895 3896 3865)
4(3895 3926 3927 3896)
4(3926 3957 3958 3927)
4(3957 3988 3989 3958)
4(3988 4019 4020 3989)
4(4019 4050 4051 4020)
4(4050 4081 4082 4051)
4(4081 4112 4113 4082)
4(4112 4143 4144 4113)
4(4143 4174 4175 4144)
4(4174 4205 4206 4175)
4(4205 4236 4237 4206)
4(4236 4267 4268 4237)
4(4267 4298 4299 4268)
4(4298 4329 4330 4299)
4(4329 4360 4361 4330)
4(4360 4391 4392 4361)
4(4391 4422 4423 4392)
4(4422 4453 4454 4423)
4(4453 4484 4485 4454)
4(4484 4515 4516 4485)
4(4515 4546 4547 4516)
4(4546 4577 4578 4547)
4(4577 4608 4609 4578)
4(4608 4639 4640 4609)
4(4639 4670 4671 4640)
4(1571 1602 1603 1572)
4(1602 1633 1634 1603)
4(1633 1664 1665 1634)
4(1664 1695 1696 1665)
4(1695 1726 1727 1696)
4(1726 1757 1758 1727)
4(1757 1788 1789 1758)
4(1788 1819 1820 1789)
4(1819 1850 1851 1820)
4(1850 1881 1882 1851)
4(1881 1912 1913 1882)
4(1912 1943 1944 1913)
4(1943 1974 1975 1944)
4(1974 2005 2006 1975)
4(2005 2036 2037 2006)
4(2036 2067 2068 2037)
4(2067 2098 2099 2068)
4(2098 2129 2130 2099)
4(2129 2160 2161 2130)
4(2160 2191 2192 2161)
4(2191 2222 2223 2192)
4(2222 2253 2254 2223)
4(2253 2284 2285 2254)
4(2284 2315 2316 2285)
4(2315 2346 2347 2316)
4(2346 2377 2378 2347)
4(2377 2408 2409 2378)
4(2408 2439 2440 2409)
4(2439 2470 2471 2440)
4(2470 2501 2502 2471)
4(2501 2532 2533 2502)
4(2532 2563 2564 2533)
4(2563 2594 2595 2564)
4(2594 2625 2626 2595)
4(2625 2656 2657 2626)
4(2656 2687 2688 2657)
4(2687 2718 2719 2688)
4(2718 2749 2750 2719)
4(2749 2780 2781 2750)
4(2780 2811 2812 2781)
4(2811 2842 2843 2812)
4(2842 2873 2874 2843)
4(2873 2904 2905 2874)
4(2904 2935 2936 2905)
4(2935 2966 2967 2936)
4(2966 2997 2998 2967)
4(2997 3028 3029 2998)
4(3028 3059 3060 3029)
4(3059 3090 3091 3060)
4(3090 3121 3122 3091)
4(3121 3152 3153 3122)
4(3152 3183 3184 3153)
4(3183 3214 3215 3184)
4(3214 3245 3246 3215)
4(3245 3276 3277 3246)
4(3276 3307 3308 3277)
4(3307 3338 3339 3308)
4(3338 3369 3370 3339)
4(3369 3400 3401 3370)
4(3400 3431 3432 3401)
4(3431 3462 3463 3432)
4(3462 3493 3494 3463)
4(3493 3524 3525 3494)
4(3524 3555 3556 3525)
4(3555 3586 3587 3556)
4(3586 3617 3618 3587)
4(3617 3648 3649 3618)
4(3648 3679 3680 3649)
4(3679 3710 3711 3680)
4(3710 3741 3742 3711)
4(3741 3772 3773 3742)
4(3772 3803 3804 3773)
4(3803 3834 3835 3804)
4(3834 3865 3866 3835)
4(3865 3896 3897 3866)
4(3896 3927 3928 3897)
4(3927 3958 3959 3928)
4(3958 3989 3990 3959)
4(3989 4020 4021 3990)
4(4020 4051 4052 4021)
4(4051 4082 4083 4052)
4(4082 4113 4114 4083)
4(4113 4144 4145 4114)
4(4144 4175 4176 4145)
4(4175 4206 4207 4176)
4(4206 4237 4238 4207)
4(4237 4268 4269 4238)
4(4268 4299 4300 4269)
4(4299 4330 4331 4300)
4(4330 4361 4362 4331)
4(4361 4392 4393 4362)
4(4392 4423 4424 4393)
4(4423 4454 4455 4424)
4(4454 4485 4486 4455)
4(4485 4516 4517 4486)
4(4516 4547 4548 4517)
4(4547 4578 4579 4548)
4(4578 4609 4610 4579)
4(4609 4640 4641 4610)
4(4640 4671 4672 4641)
4(1572 1603 1604 1573)
4(1603 1634 1635 1604)
4(1634 1665 1666 1635)
4(1665 1696 1697 1666)
4(1696 1727 1728 1697)
4(1727 1758 1759 1728)
4(1758 1789 1790 1759)
4(1789 1820 1821 1790)
4(1820 1851 1852 1821)
4(1851 1882 1883 1852)
4(1882 1913 1914 1883)
4(1913 1944 1945 1914)
4(1944 1975 1976 1945)
4(1975 2006 2007 1976)
4(2006 2037 2038 2007)
4(2037 2068 2069 2038)
4(2068 2099 2100 2069)
4(2099 2130 2131 2100)
4(2130 2161 2162 2131)
4(2161 2192 2193 2162)
4(2192 2223 2224 2193)
4(2223 2254 2255 2224)
4(2254 2285 2286 2255)
4(2285 2316 2317 2286)
4(2316 2347 2348 2317)
4(2347 2378 2379 2348)
4(2378 2409 2410 2379)
4(2409 2440 2441 2410)
4(2440 2471 2472 2441)
4(2471 2502 2503 2472)
4(2502 2533 2534 2503)
4(2533 2564 2565 2534)
4(2564 2595 2596 2565)
4(2595 2626 2627 2596)
4(2626 2657 2658 2627)
4(2657 2688 2689 2658)
4(2688 2719 2720 2689)
4(2719 2750 2751 2720)
4(2750 2781 2782 2751)
4(2781 2812 2813 2782)
4(2812 2843 2844 2813)
4(2843 2874 2875 2844)
4(2874 2905 2906 2875)
4(2905 2936 2937 2906)
4(2936 2967 2968 2937)
4(2967 2998 2999 2968)
4(2998 3029 3030 2999)
4(3029 3060 3061 3030)
4(3060 3091 3092 3061)
4(3091 3122 3123 3092)
4(3122 3153 3154 3123)
4(3153 3184 3185 3154)
4(3184 3215 3216 3185)
4(3215 3246 3247 3216)
4(3246 3277 3278 3247)
4(3277 3308 3309 3278)
4(3308 3339 3340 3309)
4(3339 3370 3371 3340)
4(3370 3401 3402 3371)
4(3401 3432 3433 3402)
4(3432 3463 3464 3433)
4(3463 3494 3495 3464)
4(3494 3525 3526 3495)
4(3525 3556 3557 3526)
4(3556 3587 3588 3557)
4(3587 3618 3619 3588)
4(3618 3649 3650 3619)
4(3649 3680 3681 3650)
4(3680 3711 3712 3681)
4(3711 3742 3743 3712)
4(3742 3773 3774 3743)
4(3773 3804 3805 3774)
4(3804 3835 3836 3805)
4(3835 3866 3867 3836)
4(3866 3897 3898 3867)
4(3897 3928 3929 3898)
4(3928 3959 3960 3929)
4(3959 3990 3991 3960)
4(3990 4021 4022 3991)
4(4021 4052 4053 4022)
4(4052 4083 4084 4053)
4(4083 4114 4115 4084)
4(4114 4145 4146 4115)
4(4145 4176 4177 4146)
4(4176 4207 4208 4177)
4(4207 4238 4239 4208)
4(4238 4269 4270 4239)
4(4269 4300 4301 4270)
4(4300 4331 4332 4301)
4(4331 4362 4363 4332)
4(4362 4393 4394 4363)
4(4393 4424 4425 4394)
4(4424 4455 4456 4425)
4(4455 4486 4487 4456)
4(4486 4517 4518 4487)
4(4517 4548 4549 4518)
4(4548 4579 4580 4549)
4(4579 4610 4611 4580)
4(4610 4641 4642 4611)
4(4641 4672 4673 4642)
4(1573 1604 1605 1574)
4(1604 1635 1636 1605)
4(1635 1666 1667 1636)
4(1666 1697 1698 1667)
4(1697 1728 1729 1698)
4(1728 1759 1760 1729)
4(1759 1790 1791 1760)
4(1790 1821 1822 1791)
4(1821 1852 1853 1822)
4(1852 1883 1884 1853)
4(1883 1914 1915 1884)
4(1914 1945 1946 1915)
4(1945 1976 1977 1946)
4(1976 2007 2008 1977)
4(2007 2038 2039 2008)
4(2038 2069 2070 2039)
4(2069 2100 2101 2070)
4(2100 2131 2132 2101)
4(2131 2162 2163 2132)
4(2162 2193 2194 2163)
4(2193 2224 2225 2194)
4(2224 2255 2256 2225)
4(2255 2286 2287 2256)
4(2286 2317 2318 2287)
4(2317 2348 2349 2318)
4(2348 2379 2380 2349)
4(2379 2410 2411 2380)
4(2410 2441 2442 2411)
4(2441 2472 2473 2442)
4(2472 2503 2504 2473)
4(2503 2534 2535 2504)
4(2534 2565 2566 2535)
4(2565 2596 2597 2566)
4(2596 2627 2628 2597)
4(2627 2658 2659 2628)
4(2658 2689 2690 2659)
4(2689 2720 2721 2690)
4(2720 2751 2752 2721)
4(2751 2782 2783 2752)
4(2782 2813 2814 2783)
4(2813 2844 2845 2814)
4(2844 2875 2876 2845)
4(2875 2906 2907 2876)
4(2906 2937 2938 2907)
4(2937 2968 2969 2938)
4(2968 2999 3000 2969)
4(2999 3030 3031 3000)
4(3030 3061 3062 3031)
4(3061 3092 3093 3062)
4(3092 3123 3124 3093)
4(3123 3154 3155 3124)
4(3154 3185 3186 3155)
4(3185 3216 3217 3186)
4(3216 3247 3248 3217)
4(3247 3278 3279 3248)
4(3278 3309 3310 3279)
4(3309 3340 3341 3310)
4(3340 3371 3372 3341)
4(3371 3402 3403 3372)
4(3402 3433 3434 3403)
4(3433 3464 3465 3434)
4(3464 3495 3496 3465)
4(3495 3526 3527 3496)
4(3526 3557 3558 3527)
4(3557 3588 3589 3558)
4(3588 3619 3620 3589)
4(3619 3650 3651 3620)
4(3650 3681 3682 3651)
4(3681 3712 3713 3682)
4(3712 3743 3744 3713)
4(3743 3774 3775 3744)
4(3774 3805 3806 3775)
4(3805 3836 3837 3806)
4(3836 3867 3868 3837)
4(3867 3898 3899 3868)
4(3898 3929 3930 3899)
4(3929 3960 3961 3930)
4(3960 3991 3992 3961)
4(3991 4022 4023 3992)
4(4022 4053 4054 4023)
4(4053 4084 4085 4054)
4(4084 4115 4116 4085)
4(4115 4146 4147 4116)
4(4146 4177 4178 4147)
4(4177 4208 4209 4178)
4(4208 4239 4240 4209)
4(4239 4270 4271 4240)
4(4270 4301 4302 4271)
4(4301 4332 4333 4302)
4(4332 4363 4364 4333)
4(4363 4394 4395 4364)
4(4394 4425 4426 4395)
4(4425 4456 4457 4426)
4(4456 4487 4488 4457)
4(4487 4518 4519 4488)
4(4518 4549 4550 4519)
4(4549 4580 4581 4550)
4(4580 4611 4612 4581)
4(4611 4642 4643 4612)
4(4642 4673 4674 4643)
4(1574 1605 1606 1575)
4(1605 1636 1637 1606)
4(1636 1667 1668 1637)
4(1667 1698 1699 1668)
4(1698 1729 1730 1699)
4(1729 1760 1761 1730)
4(1760 1791 1792 1761)
4(1791 1822 1823 1792)
4(1822 1853 1854 1823)
4(1853 1884 1885 1854)
4(1884 1915 1916 1885)
4(1915 1946 1947 1916)
4(1946 1977 1978 1947)
4(1977 2008 2009 1978)
4(2008 2039 2040 2009)
4(2039 2070 2071 2040)
4(2070 2101 2102 2071)
4(2101 2132 2133 2102)
4(2132 2163 2164 2133)
4(2163 2194 2195 2164)
4(2194 2225 2226 2195)
4(2225 2256 2257 2226)
4(2256 2287 2288 2257)
4(2287 2318 2319 2288)
4(2318 2349 2350 2319)
4(2349 2380 2381 2350)
4(2380 2411 2412 2381)
4(2411 2442 2443 2412)
4(2442 2473 2474 2443)
4(2473 2504 2505 2474)
4(2504 2535 2536 2505)
4(2535 2566 2567 2536)
4(2566 2597 2598 2567)
4(2597 2628 2629 2598)
4(2628 2659 2660 2629)
4(2659 2690 2691 2660)
4(2690 2721 2722 2691)
4(2721 2752 2753 2722)
4(2752 2783 2784 2753)
4(2783 2814 2815 2784)
4(2814 2845 2846 2815)
4(2845 2876 2877 2846)
4(2876 2907 2908 2877)
4(2907 2938 2939 2908)
4(2938 2969 2970 2939)
4(2969 3000 3001 2970)
4(3000 3031 3032 3001)
4(3031 3062 3063 3032)
4(3062 3093 3094 3063)
4(3093 3124 3125 3094)
4(3124 3155 3156 3125)
4(3155 3186 3187 3156)
4(3186 3217 3218 3187)
4(3217 3248 3249 3218)
4(3248 3279 3280 3249)
4(3279 3310 3311 3280)
4(3310 3341 3342 3311)
4(3341 3372 3373 3342)
4(3372 3403 3404 3373)
4(3403 3434 3435 3404)
4(3434 3465 3466 3435)
4(3465 3496 3497 3466)
4(3496 3527 3528 3497)
4(3527 3558 3559 3528)
4(3558 3589 3590 3559)
4(3589 3620 3621 3590)
4(3620 3651 3652 3621)
4(3651 3682 3683 3652)
4(3682 3713 3714 3683)
4(3713 3744 3745 3714)
4(3744 3775 3776 3745)
4(3775 3806 3807 3776)
4(3806 3837 3838 3807)
4(3837 3868 3869 3838)
4(3868 3899 3900 3869)
4(3899 3930 3931 3900)
4(3930 3961 3962 3931)
4(3961 3992 3993 3962)
4(3992 4023 4024 3993)
4(4023 4054 4055 4024)
4(4054 4085 4086 4055)
4(4085 4116 4117 4086)
4(4116 4147 4148 4117)
4(4147 4178 4179 4148)
4(4178 4209 4210 4179)
4(4209 4240 4241 4210)
4(4240 4271 4272 4241)
4(4271 4302 4303 4272)
4(4302 4333 4334 4303)
4(4333 4364 4365 4334)
4(4364 4395 4396 4365)
4(4395 4426 4427 4396)
4(4426 4457 4458 4427)
4(4457 4488 4489 4458)
4(4488 4519 4520 4489)
4(4519 4550 4551 4520)
4(4550 4581 4582 4551)
4(4581 4612 4613 4582)
4(4612 4643 4644 4613)
4(4643 4674 4675 4644)
4(1575 1606 1607 1576)
4(1606 1637 1638 1607)
4(1637 1668 1669 1638)
4(1668 1699 1700 1669)
4(1699 1730 1731 1700)
4(1730 1761 1762 1731)
4(1761 1792 1793 1762)
4(1792 1823 1824 1793)
4(1823 1854 1855 1824)
4(1854 1885 1886 1855)
4(1885 1916 1917 1886)
4(1916 1947 1948 1917)
4(1947 1978 1979 1948)
4(1978 2009 2010 1979)
4(2009 2040 2041 2010)
4(2040 2071 2072 2041)
4(2071 2102 2103 2072)
4(2102 2133 2134 2103)
4(2133 2164 2165 2134)
4(2164 2195 2196 2165)
4(2195 2226 2227 2196)
4(2226 2257 2258 2227)
4(2257 2288 2289 2258)
4(2288 2319 2320 2289)
4(2319 2350 2351 2320)
4(2350 2381 2382 2351)
4(2381 2412 2413 2382)
4(2412 2443 2444 2413)
4(2443 2474 2475 2444)
4(2474 2505 2506 2475)
4(2505 2536 2537 2506)
4(2536 2567 2568 2537)
4(2567 2598 2599 2568)
4(2598 2629 2630 2599)
4(2629 2660 2661 2630)
4(2660 2691 2692 2661)
4(2691 2722 2723 2692)
4(2722 2753 2754 2723)
4(2753 2784 2785 2754)
4(2784 2815 2816 2785)
4(2815 2846 2847 2816)
4(2846 2877 2878 2847)
4(2877 2908 2909 2878)
4(2908 2939 2940 2909)
4(2939 2970 2971 2940)
4(2970 3001 3002 2971)
4(3001 3032 3033 3002)
4(3032 3063 3064 3033)
4(3063 3094 3095 3064)
4(3094 3125 3126 3095)
4(3125 3156 3157 3126)
4(3156 3187 3188 3157)
4(3187 3218 3219 3188)
4(3218 3249 3250 3219)
4(3249 3280 3281 3250)
4(3280 3311 3312 3281)
4(3311 3342 3343 3312)
4(3342 3373 3374 3343)
4(3373 3404 3405 3374)
4(3404 3435 3436 3405)
4(3435 3466 3467 3436)
4(3466 3497 3498 3467)
4(3497 3528 3529 3498)
4(3528 3559 3560 3529)
4(3559 3590 3591 3560)
4(3590 3621 3622 3591)
4(3621 3652 3653 3622)
4(3652 3683 3684 3653)
4(3683 3714 3715 3684)
4(3714 3745 3746 3715)
4(3745 3776 3777 3746)
4(3776 3807 3808 3777)
4(3807 3838 3839 3808)
4(3838 3869 3870 3839)
4(3869 3900 3901 3870)
4(3900 3931 3932 3901)
4(3931 3962 3963 3932)
4(3962 3993 3994 3963)
4(3993 4024 4025 3994)
4(4024 4055 4056 4025)
4(4055 4086 4087 4056)
4(4086 4117 4118 4087)
4(4117 4148 4149 4118)
4(4148 4179 4180 4149)
4(4179 4210 4211 4180)
4(4210 4241 4242 4211)
4(4241 4272 4273 4242)
4(4272 4303 4304 4273)
4(4303 4334 4335 4304)
4(4334 4365 4366 4335)
4(4365 4396 4397 4366)
4(4396 4427 4428 4397)
4(4427 4458 4459 4428)
4(4458 4489 4490 4459)
4(4489 4520 4521 4490)
4(4520 4551 4552 4521)
4(4551 4582 4583 4552)
4(4582 4613 4614 4583)
4(4613 4644 4645 4614)
4(4644 4675 4676 4645)
4(1576 1607 1608 1577)
4(1607 1638 1639 1608)
4(1638 1669 1670 1639)
4(1669 1700 1701 1670)
4(1700 1731 1732 1701)
4(1731 1762 1763 1732)
4(1762 1793 1794 1763)
4(1793 1824 1825 1794)
4(1824 1855 1856 1825)
4(1855 1886 1887 1856)
4(1886 1917 1918 1887)
4(1917 1948 1949 1918)
4(1948 1979 1980 1949)
4(1979 2010 2011 1980)
4(2010 2041 2042 2011)
4(2041 2072 2073 2042)
4(2072 2103 2104 2073)
4(2103 2134 2135 2104)
4(2134 2165 2166 2135)
4(2165 2196 2197 2166)
4(2196 2227 2228 2197)
4(2227 2258 2259 2228)
4(2258 2289 2290 2259)
4(2289 2320 2321 2290)
4(2320 2351 2352 2321)
4(2351 2382 2383 2352)
4(2382 2413 2414 2383)
4(2413 2444 2445 2414)
4(2444 2475 2476 2445)
4(2475 2506 2507 2476)
4(2506 2537 2538 2507)
4(2537 2568 2569 2538)
4(2568 2599 2600 2569)
4(2599 2630 2631 2600)
4(2630 2661 2662 2631)
4(2661 2692 2693 2662)
4(2692 2723 2724 2693)
4(2723 2754 2755 2724)
4(2754 2785 2786 2755)
4(2785 2816 2817 2786)
4(2816 2847 2848 2817)
4(2847 2878 2879 2848)
4(2878 2909 2910 2879)
4(2909 2940 2941 2910)
4(2940 2971 2972 2941)
4(2971 3002 3003 2972)
4(3002 3033 3034 3003)
4(3033 3064 3065 3034)
4(3064 3095 3096 3065)
4(3095 3126 3127 3096)
4(3126 3157 3158 3127)
4(3157 3188 3189 3158)
4(3188 3219 3220 3189)
4(3219 3250 3251 3220)
4(3250 3281 3282 3251)
4(3281 3312 3313 3282)
4(3312 3343 3344 3313)
4(3343 3374 3375 3344)
4(3374 3405 3406 3375)
4(3405 3436 3437 3406)
4(3436 3467 3468 3437)
4(3467 3498 3499 3468)
4(3498 3529 3530 3499)
4(3529 3560 3561 3530)
4(3560 3591 3592 3561)
4(3591 3622 3623 3592)
4(3622 3653 3654 3623)
4(3653 3684 3685 3654)
4(3684 3715 3716 3685)
4(3715 3746 3747 3716)
4(3746 3777 3778 3747)
4(3777 3808 3809 3778)
4(3808 3839 3840 3809)
4(3839 3870 3871 3840)
4(3870 3901 3902 3871)
4(3901 3932 3933 3902)
4(3932 3963 3964 3933)
4(3963 3994 3995 3964)
4(3994 4025 4026 3995)
4(4025 4056 4057 4026)
4(4056 4087 4088 4057)
4(4087 4118 4119 4088)
4(4118 4149 4150 4119)
4(4149 4180 4181 4150)
4(4180 4211 4212 4181)
4(4211 4242 4243 4212)
4(4242 4273 4274 4243)
4(4273 4304 4305 4274)
4(4304 4335 4336 4305)
4(4335 4366 4367 4336)
4(4366 4397 4398 4367)
4(4397 4428 4429 4398)
4(4428 4459 4460 4429)
4(4459 4490 4491 4460)
4(4490 4521 4522 4491)
4(4521 4552 4553 4522)
4(4552 4583 4584 4553)
4(4583 4614 4615 4584)
4(4614 4645 4646 4615)
4(4645 4676 4677 4646)
4(1577 1608 1609 1578)
4(1608 1639 1640 1609)
4(1639 1670 1671 1640)
4(1670 1701 1702 1671)
4(1701 1732 1733 1702)
4(1732 1763 1764 1733)
4(1763 1794 1795 1764)
4(1794 1825 1826 1795)
4(1825 1856 1857 1826)
4(1856 1887 1888 1857)
4(1887 1918 1919 1888)
4(1918 1949 1950 1919)
4(1949 1980 1981 1950)
4(1980 2011 2012 1981)
4(2011 2042 2043 2012)
4(2042 2073 2074 2043)
4(2073 2104 2105 2074)
4(2104 2135 2136 2105)
4(2135 2166 2167 2136)
4(2166 2197 2198 2167)
4(2197 2228 2229 2198)
4(2228 2259 2260 2229)
4(2259 2290 2291 2260)
4(2290 2321 2322 2291)
4(2321 2352 2353 2322)
4(2352 2383 2384 2353)
4(2383 2414 2415 2384)
4(2414 2445 2446 2415)
4(2445 2476 2477 2446)
4(2476 2507 2508 2477)
4(2507 2538 2539 2508)
4(2538 2569 2570 2539)
4(2569 2600 2601 2570)
4(2600 2631 2632 2601)
4(2631 2662 2663 2632)
4(2662 2693 2694 2663)
4(2693 2724 2725 2694)
4(2724 2755 2756 2725)
4(2755 2786 2787 2756)
4(2786 2817 2818 2787)
4(2817 2848 2849 2818)
4(2848 2879 2880 2849)
4(2879 2910 2911 2880)
4(2910 2941 2942 2911)
4(2941 2972 2973 2942)
4(2972 3003 3004 2973)
4(3003 3034 3035 3004)
4(3034 3065 3066 3035)
4(3065 3096 3097 3066)
4(3096 3127 3128 3097)
4(3127 3158 3159 3128)
4(3158 3189 3190 3159)
4(3189 3220 3221 3190)
4(3220 3251 3252 3221)
4(3251 3282 3283 3252)
4(3282 3313 3314 3283)
4(3313 3344 3345 3314)
4(3344 3375 3376 3345)
4(3375 3406 3407 3376)
4(3406 3437 3438 3407)
4(3437 3468 3469 3438)
4(3468 3499 3500 3469)
4(3499 3530 3531 3500)
4(3530 3561 3562 3531)
4(3561 3592 3593 3562)
4(3592 3623 3624 3593)
4(3623 3654 3655 3624)
4(3654 3685 3686 3655)
4(3685 3716 3717 3686)
4(3716 3747 3748 3717)
4(3747 3778 3779 3748)
4(3778 3809 3810 3779)
4(3809 3840 3841 3810)
4(3840 3871 3872 3841)
4(3871 3902 3903 3872)
4(3902 3933 3934 3903)
4(3933 3964 3965 3934)
4(3964 3995 3996 3965)
4(3995 4026 4027 3996)
4(4026 4057 4058 4027)
4(4057 4088 4089 4058)
4(4088 4119 4120 4089)
4(4119 4150 4151 4120)
4(4150 4181 4182 4151)
4(4181 4212 4213 4182)
4(4212 4243 4244 4213)
4(4243 4274 4275 4244)
4(4274 4305 4306 4275)
4(4305 4336 4337 4306)
4(4336 4367 4368 4337)
4(4367 4398 4399 4368)
4(4398 4429 4430 4399)
4(4429 4460 4461 4430)
4(4460 4491 4492 4461)
4(4491 4522 4523 4492)
4(4522 4553 4554 4523)
4(4553 4584 4585 4554)
4(4584 4615 4616 4585)
4(4615 4646 4647 4616)
4(4646 4677 4678 4647)
4(1578 1609 1610 1579)
4(1609 1640 1641 1610)
4(1640 1671 1672 1641)
4(1671 1702 1703 1672)
4(1702 1733 1734 1703)
4(1733 1764 1765 1734)
4(1764 1795 1796 1765)
4(1795 1826 1827 1796)
4(1826 1857 1858 1827)
4(1857 1888 1889 1858)
4(1888 1919 1920 1889)
4(1919 1950 1951 1920)
4(1950 1981 1982 1951)
4(1981 2012 2013 1982)
4(2012 2043 2044 2013)
4(2043 2074 2075 2044)
4(2074 2105 2106 2075)
4(2105 2136 2137 2106)
4(2136 2167 2168 2137)
4(2167 2198 2199 2168)
4(2198 2229 2230 2199)
4(2229 2260 2261 2230)
4(2260 2291 2292 2261)
4(2291 2322 2323 2292)
4(2322 2353 2354 2323)
4(2353 2384 2385 2354)
4(2384 2415 2416 2385)
4(2415 2446 2447 2416)
4(2446 2477 2478 2447)
4(2477 2508 2509 2478)
4(2508 2539 2540 2509)
4(2539 2570 2571 2540)
4(2570 2601 2602 2571)
4(2601 2632 2633 2602)
4(2632 2663 2664 2633)
4(2663 2694 2695 2664)
4(2694 2725 2726 2695)
4(2725 2756 2757 2726)
4(2756 2787 2788 2757)
4(2787 2818 2819 2788)
4(2818 2849 2850 2819)
4(2849 2880 2881 2850)
4(2880 2911 2912 2881)
4(2911 2942 2943 2912)
4(2942 2973 2974 2943)
4(2973 3004 3005 2974)
4(3004 3035 3036 3005)
4(3035 3066 3067 3036)
4(3066 3097 3098 3067)
4(3097 3128 3129 3098)
4(3128 3159 3160 3129)
4(3159 3190 3191 3160)
4(3190 3221 3222 3191)
4(3221 3252 3253 3222)
4(3252 3283 3284 3253)
4(3283 3314 3315 3284)
4(3314 3345 3346 3315)
4(3345 3376 3377 3346)
4(3376 3407 3408 3377)
4(3407 3438 3439 3408)
4(3438 3469 3470 3439)
4(3469 3500 3501 3470)
4(3500 3531 3532 3501)
4(3531 3562 3563 3532)
4(3562 3593 3594 3563)
4(3593 3624 3625 3594)
4(3624 3655 3656 3625)
4(3655 3686 3687 3656)
4(3686 3717 3718 3687)
4(3717 3748 3749 3718)
4(3748 3779 3780 3749)
4(3779 3810 3811 3780)
4(3810 3841 3842 3811)
4(3841 3872 3873 3842)
4(3872 3903 3904 3873)
4(3903 3934 3935 3904)
4(3934 3965 3966 3935)
4(3965 3996 3997 3966)
4(3996 4027 4028 3997)
4(4027 4058 4059 4028)
4(4058 4089 4090 4059)
4(4089 4120 4121 4090)
4(4120 4151 4152 4121)
4(4151 4182 4183 4152)
4(4182 4213 4214 4183)
4(4213 4244 4245 4214)
4(4244 4275 4276 4245)
4(4275 4306 4307 4276)
4(4306 4337 4338 4307)
4(4337 4368 4369 4338)
4(4368 4399 4400 4369)
4(4399 4430 4431 4400)
4(4430 4461 4462 4431)
4(4461 4492 4493 4462)
4(4492 4523 4524 4493)
4(4523 4554 4555 4524)
4(4554 4585 4586 4555)
4(4585 4616 4617 4586)
4(4616 4647 4648 4617)
4(4647 4678 4679 4648)
4(1579 1610 1611 1580)
4(1610 1641 1642 1611)
4(1641 1672 1673 1642)
4(1672 1703 1704 1673)
4(1703 1734 1735 1704)
4(1734 1765 1766 1735)
4(1765 1796 1797 1766)
4(1796 1827 1828 1797)
4(1827 1858 1859 1828)
4(1858 1889 1890 1859)
4(1889 1920 1921 1890)
4(1920 1951 1952 1921)
4(1951 1982 1983 1952)
4(1982 2013 2014 1983)
4(2013 2044 2045 2014)
4(2044 2075 2076 2045)
4(2075 2106 2107 2076)
4(2106 2137 2138 2107)
4(2137 2168 2169 2138)
4(2168 2199 2200 2169)
4(2199 2230 2231 2200)
4(2230 2261 2262 2231)
4(2261 2292 2293 2262)
4(2292 2323 2324 2293)
4(2323 2354 2355 2324)
4(2354 2385 2386 2355)
4(2385 2416 2417 2386)
4(2416 2447 2448 2417)
4(2447 2478 2479 2448)
4(2478 2509 2510 2479)
4(2509 2540 2541 2510)
4(2540 2571 2572 2541)
4(2571 2602 2603 2572)
4(2602 2633 2634 2603)
4(2633 2664 2665 2634)
4(2664 2695 2696 2665)
4(2695 2726 2727 2696)
4(2726 2757 2758 2727)
4(2757 2788 2789 2758)
4(2788 2819 2820 2789)
4(2819 2850 2851 2820)
4(2850 2881 2882 2851)
4(2881 2912 2913 2882)
4(2912 2943 2944 2913)
4(2943 2974 2975 2944)
4(2974 3005 3006 2975)
4(3005 3036 3037 3006)
4(3036 3067 3068 3037)
4(3067 3098 3099 3068)
4(3098 3129 3130 3099)
4(3129 3160 3161 3130)
4(3160 3191 3192 3161)
4(3191 3222 3223 3192)
4(3222 3253 3254 3223)
4(3253 3284 3285 3254)
4(3284 3315 3316 3285)
4(3315 3346 3347 3316)
4(3346 3377 3378 3347)
4(3377 3408 3409 3378)
4(3408 3439 3440 3409)
4(3439 3470 3471 3440)
4(3470 3501 3502 3471)
4(3501 3532 3533 3502)
4(3532 3563 3564 3533)
4(3563 3594 3595 3564)
4(3594 3625 3626 3595)
4(3625 3656 3657 3626)
4(3656 3687 3688 3657)
4(3687 3718 3719 3688)
4(3718 3749 3750 3719)
4(3749 3780 3781 3750)
4(3780 3811 3812 3781)
4(3811 3842 3843 3812)
4(3842 3873 3874 3843)
4(3873 3904 3905 3874)
4(3904 3935 3936 3905)
4(3935 3966 3967 3936)
4(3966 3997 3998 3967)
4(3997 4028 4029 3998)
4(4028 4059 4060 4029)
4(4059 4090 4091 4060)
4(4090 4121 4122 4091)
4(4121 4152 4153 4122)
4(4152 4183 4184 4153)
4(4183 4214 4215 4184)
4(4214 4245 4246 4215)
4(4245 4276 4277 4246)
4(4276 4307 4308 4277)
4(4307 4338 4339 4308)
4(4338 4369 4370 4339)
4(4369 4400 4401 4370)
4(4400 4431 4432 4401)
4(4431 4462 4463 4432)
4(4462 4493 4494 4463)
4(4493 4524 4525 4494)
4(4524 4555 4556 4525)
4(4555 4586 4587 4556)
4(4586 4617 4618 4587)
4(4617 4648 4649 4618)
4(4648 4679 4680 4649)
4(1580 1611 4741 4701)
4(1611 1642 4781 4741)
4(1642 1673 4821 4781)
4(1673 1704 4861 4821)
4(1704 1735 4901 4861)
4(1735 1766 4941 4901)
4(1766 1797 4981 4941)
4(1797 1828 5021 4981)
4(1828 1859 5061 5021)
4(1859 1890 5101 5061)
4(1890 1921 5141 5101)
4(1921 1952 5181 5141)
4(1952 1983 5221 5181)
4(1983 2014 5261 5221)
4(2014 2045 5301 5261)
4(2045 2076 5341 5301)
4(2076 2107 5381 5341)
4(2107 2138 5421 5381)
4(2138 2169 5461 5421)
4(2169 2200 5501 5461)
4(2200 2231 5541 5501)
4(2231 2262 5581 5541)
4(2262 2293 5621 5581)
4(2293 2324 5661 5621)
4(2324 2355 5701 5661)
4(2355 2386 5741 5701)
4(2386 2417 5781 5741)
4(2417 2448 5821 5781)
4(2448 2479 5861 5821)
4(2479 2510 5901 5861)
4(2510 2541 5941 5901)
4(2541 2572 5981 5941)
4(2572 2603 6021 5981)
4(2603 2634 6061 6021)
4(2634 2665 6101 6061)
4(2665 2696 6141 6101)
4(2696 2727 6181 6141)
4(2727 2758 6221 6181)
4(2758 2789 6261 6221)
4(2789 2820 6301 6261)
4(2820 2851 6341 6301)
4(2851 2882 6381 6341)
4(2882 2913 6421 6381)
4(2913 2944 6461 6421)
4(2944 2975 6501 6461)
4(2975 3006 6541 6501)
4(3006 3037 6581 6541)
4(3037 3068 6621 6581)
4(3068 3099 6661 6621)
4(3099 3130 6701 6661)
4(3130 3161 6741 6701)
4(3161 3192 6781 6741)
4(3192 3223 6821 6781)
4(3223 3254 6861 6821)
4(3254 3285 6901 6861)
4(3285 3316 6941 6901)
4(3316 3347 6981 6941)
4(3347 3378 7021 6981)
4(3378 3409 7061 7021)
4(3409 3440 7101 7061)
4(3440 3471 7141 7101)
4(3471 3502 7181 7141)
4(3502 3533 7221 7181)
4(3533 3564 7261 7221)
4(3564 3595 7301 7261)
4(3595 3626 7341 7301)
4(3626 3657 7381 7341)
4(3657 3688 7421 7381)
4(3688 3719 7461 7421)
4(3719 3750 7501 7461)
4(3750 3781 7541 7501)
4(3781 3812 7581 7541)
4(3812 3843 7621 7581)
4(3843 3874 7661 7621)
4(3874 3905 7701 7661)
4(3905 3936 7741 7701)
4(3936 3967 7781 7741)
4(3967 3998 7821 7781)
4(3998 4029 7861 7821)
4(4029 4060 7901 7861)
4(4060 4091 7941 7901)
4(4091 4122 7981 7941)
4(4122 4153 8021 7981)
4(4153 4184 8061 8021)
4(4184 4215 8101 8061)
4(4215 4246 8141 8101)
4(4246 4277 8181 8141)
4(4277 4308 8221 8181)
4(4308 4339 8261 8221)
4(4339 4370 8301 8261)
4(4370 4401 8341 8301)
4(4401 4432 8381 8341)
4(4432 4463 8421 8381)
4(4463 4494 8461 8421)
4(4494 4525 8501 8461)
4(4525 4556 8541 8501)
4(4556 4587 8581 8541)
4(4587 4618 8621 8581)
4(4618 4649 8661 8621)
4(4649 4680 8701 8661)
4(4701 4741 4742 4702)
4(4741 4781 4782 4742)
4(4781 4821 4822 4782)
4(4821 4861 4862 4822)
4(4861 4901 4902 4862)
4(4901 4941 4942 4902)
4(4941 4981 4982 4942)
4(4981 5021 5022 4982)
4(5021 5061 5062 5022)
4(5061 5101 5102 5062)
4(5101 5141 5142 5102)
4(5141 5181 5182 5142)
4(5181 5221 5222 5182)
4(5221 5261 5262 5222)
4(5261 5301 5302 5262)
4(5301 5341 5342 5302)
4(5341 5381 5382 5342)
4(5381 5421 5422 5382)
4(5421 5461 5462 5422)
4(5461 5501 5502 5462)
4(5501 5541 5542 5502)
4(5541 5581 5582 5542)
4(5581 5621 5622 5582)
4(5621 5661 5662 5622)
4(5661 5701 5702 5662)
4(5701 5741 5742 5702)
4(5741 5781 5782 5742)
4(5781 5821 5822 5782)
4(5821 5861 5862 5822)
4(5861 5901 5902 5862)
4(5901 5941 5942 5902)
4(5941 5981 5982 5942)
4(5981 6021 6022 5982)
4(6021 6061 6062 6022)
4(6061 6101 6102 6062)
4(6101 6141 6142 6102)
4(6141 6181 6182 6142)
4(6181 6221 6222 6182)
4(6221 6261 6262 6222)
4(6261 6301 6302 6262)
4(6301 6341 6342 6302)
4(6341 6381 6382 6342)
4(6381 6421 6422 6382)
4(6421 6461 6462 6422)
4(6461 6501 6502 6462)
4(6501 6541 6542 6502)
4(6541 6581 6582 6542)
4(6581 6621 6622 6582)
4(6621 6661 6662 6622)
4(6661 6701 6702 6662)
4(6701 6741 6742 6702)
4(6741 6781 6782 6742)
4(6781 6821 6822 6782)
4(6821 6861 6862 6822)
4(6861 6901 6902 6862)
4(6901 6941 6942 6902)
4(6941 6981 6982 6942)
4(6981 7021 7022 6982)
4(7021 7061 7062 7022)
4(7061 7101 7102 7062)
4(7101 7141 7142 7102)
4(7141 7181 7182 7142)
4(7181 7221 7222 7182)
4(7221 7261 7262 7222)
4(7261 7301 7302 7262)
4(7301 7341 7342 7302)
4(7341 7381 7382 7342)
4(7381 7421 7422 7382)
4(7421 7461 7462 7422)
4(7461 7501 7502 7462)
4(7501 7541 7542 7502)
4(7541 7581 7582 7542)
4(7581 7621 7622 7582)
4(7621 7661 7662 7622)
4(7661 7701 7702 7662)
4(7701 7741 7742 7702)
4(7741 7781 7782 7742)
4(7781 7821 7822 7782)
4(7821 7861 7862 7822)
4(7861 7901 7902 7862)
4(7901 7941 7942 7902)
4(7941 7981 7982 7942)
4(7981 8021 8022 7982)
4(8021 8061 8062 8022)
4(8061 8101 8102 8062)
4(8101 8141 8142 8102)
4(8141 8181 8182 8142)
4(8181 8221 8222 8182)
4(8221 8261 8262 8222)
4(8261 8301 8302 8262)
4(8301 8341 8342 8302)
4(8341 8381 8382 8342)
4(8381 8421 8422 8382)
4(8421 8461 8462 8422)
4(8461 8501 8502 8462)
4(8501 8541 8542 8502)
4(8541 8581 8582 8542)
4(8581 8621 8622 8582)
4(8621 8661 8662 8622)
4(8661 8701 8702 8662)
4(4702 4742 4743 4703)
4(4742 4782 4783 4743)
4(4782 4822 4823 4783)
4(4822 4862 4863 4823)
4(4862 4902 4903 4863)
4(4902 4942 4943 4903)
4(4942 4982 4983 4943)
4(4982 5022 5023 4983)
4(5022 5062 5063 5023)
4(5062 5102 5103 5063)
4(5102 5142 5143 5103)
4(5142 5182 5183 5143)
4(5182 5222 5223 5183)
4(5222 5262 5263 5223)
4(5262 5302 5303 5263)
4(5302 5342 5343 5303)
4(5342 5382 5383 5343)
4(5382 5422 5423 5383)
4(5422 5462 5463 5423)
4(5462 5502 5503 5463)
4(5502 5542 5543 5503)
4(5542 5582 5583 5543)
4(5582 5622 5623 5583)
4(5622 5662 5663 5623)
4(5662 5702 5703 5663)
4(5702 5742 5743 5703)
4(5742 5782 5783 5743)
4(5782 5822 5823 5783)
4(5822 5862 5863 5823)
4(5862 5902 5903 5863)
4(5902 5942 5943 5903)
4(5942 5982 5983 5943)
4(5982 6022 6023 5983)
4(6022 6062 6063 6023)
4(6062 6102 6103 6063)
4(6102 6142 6143 6103)
4(6142 6182 6183 6143)
4(6182 6222 6223 6183)
4(6222 6262 6263 6223)
4(6262 6302 6303 6263)
4(6302 6342 6343 6303)
4(6342 6382 6383 6343)
4(6382 6422 6423 6383)
4(6422 6462 6463 6423)
4(6462 6502 6503 6463)
4(6502 6542 6543 6503)
4(6542 6582 6583 6543)
4(6582 6622 6623 6583)
4(6622 6662 6663 6623)
4(6662 6702 6703 6663)
4(6702 6742 6743 6703)
4(6742 6782 6783 6743)
4(6782 6822 6823 6783)
4(6822 6862 6863 6823)
4(6862 6902 6903 6863)
4(6902 6942 6943 6903)
4(6942 6982 6983 6943)
4(6982 7022 7023 6983)
4(7022 7062 7063 7023)
4(7062 7102 7103 7063)
4(7102 7142 7143 7103)
4(7142 7182 7183 7143)
4(7182 7222 7223 7183)
4(7222 7262 7263 7223)
4(7262 7302 7303 7263)
4(7302 7342 7343 7303)
4(7342 7382 7383 7343)
4(7382 7422 7423 7383)
4(7422 7462 7463 7423)
4(7462 7502 7503 7463)
4(7502 7542 7543 7503)
4(7542 7582 7583 7543)
4(7582 7622 7623 7583)
4(7622 7662 7663 7623)
4(7662 7702 7703 7663)
4(7702 7742 7743 7703)
4(7742 7782 7783 7743)
4(7782 7822 7823 7783)
4(7822 7862 7863 7823)
4(7862 7902 7903 7863)
4(7902 7942 7943 7903)
4(7942 7982 7983 7943)
4(7982 8022 8023 7983)
4(8022 8062 8063 8023)
4(8062 8102 8103 8063)
4(8102 8142 8143 8103)
4(8142 8182 8183 8143)
4(8182 8222 8223 8183)
4(8222 8262 8263 8223)
4(8262 8302 8303 8263)
4(8302 8342 8343 8303)
4(8342 8382 8383 8343)
4(8382 8422 8423 8383)
4(8422 8462 8463 8423)
4(8462 8502 8503 8463)
4(8502 8542 8543 8503)
4(8542 8582 8583 8543)
4(8582 8622 8623 8583)
4(8622 8662 8663 8623)
4(8662 8702 8703 8663)
4(4703 4743 4744 4704)
4(4743 4783 4784 4744)
4(4783 4823 4824 4784)
4(4823 4863 4864 4824)
4(4863 4903 4904 4864)
4(4903 4943 4944 4904)
4(4943 4983 4984 4944)
4(4983 5023 5024 4984)
4(5023 5063 5064 5024)
4(5063 5103 5104 5064)
4(5103 5143 5144 5104)
4(5143 5183 5184 5144)
4(5183 5223 5224 5184)
4(5223 5263 5264 5224)
4(5263 5303 5304 5264)
4(5303 5343 5344 5304)
4(5343 5383 5384 5344)
4(5383 5423 5424 5384)
4(5423 5463 5464 5424)
4(5463 5503 5504 5464)
4(5503 5543 5544 5504)
4(5543 5583 5584 5544)
4(5583 5623 5624 5584)
4(5623 5663 5664 5624)
4(5663 5703 5704 5664)
4(5703 5743 5744 5704)
4(5743 5783 5784 5744)
4(5783 5823 5824 5784)
4(5823 5863 5864 5824)
4(5863 5903 5904 5864)
4(5903 5943 5944 5904)
4(5943 5983 5984 5944)
4(5983 6023 6024 5984)
4(6023 6063 6064 6024)
4(6063 6103 6104 6064)
4(6103 6143 6144 6104)
4(6143 6183 6184 6144)
4(6183 6223 6224 6184)
4(6223 6263 6264 6224)
4(6263 6303 6304 6264)
4(6303 6343 6344 6304)
4(6343 6383 6384 6344)
4(6383 6423 6424 6384)
4(6423 6463 6464 6424)
4(6463 6503 6504 6464)
4(6503 6543 6544 6504)
4(6543 6583 6584 6544)
4(6583 6623 6624 6584)
4(6623 6663 6664 6624)
4(6663 6703 6704 6664)
4(6703 6743 6744 6704)
4(6743 6783 6784 6744)
4(6783 6823 6824 6784)
4(6823 6863 6864 6824)
4(6863 6903 6904 6864)
4(6903 6943 6944 6904)
4(6943 6983 6984 6944)
4(6983 7023 7024 6984)
4(7023 7063 7064 7024)
4(7063 7103 7104 7064)
4(7103 7143 7144 7104)
4(7143 7183 7184 7144)
4(7183 7223 7224 7184)
4(7223 7263 7264 7224)
4(7263 7303 7304 7264)
4(7303 7343 7344 7304)
4(7343 7383 7384 7344)
4(7383 7423 7424 7384)
4(7423 7463 7464 7424)
4(7463 7503 7504 7464)
4(7503 7543 7544 7504)
4(7543 7583 7584 7544)
4(7583 7623 7624 7584)
4(7623 7663 7664 7624)
4(7663 7703 7704 7664)
4(7703 7743 7744 7704)
4(7743 7783 7784 7744)
4(7783 7823 7824 7784)
4(7823 7863 7864 7824)
4(7863 7903 7904 7864)
4(7903 7943 7944 7904)
4(7943 7983 7984 7944)
4(7983 8023 8024 7984)
4(8023 8063 8064 8024)
4(8063 8103 8104 8064)
4(8103 8143 8144 8104)
4(8143 8183 8184 8144)
4(8183 8223 8224 8184)
4(8223 8263 8264 8224)
4(8263 8303 8304 8264)
4(8303 8343 8344 8304)
4(8343 8383 8384 8344)
4(8383 8423 8424 8384)
4(8423 8463 8464 8424)
4(8463 8503 8504 8464)
4(8503 8543 8544 8504)
4(8543 8583 8584 8544)
4(8583 8623 8624 8584)
4(8623 8663 8664 8624)
4(8663 8703 8704 8664)
4(4704 4744 4745 4705)
4(4744 4784 4785 4745)
4(4784 4824 4825 4785)
4(4824 4864 4865 4825)
4(4864 4904 4905 4865)
4(4904 4944 4945 4905)
4(4944 4984 4985 4945)
4(4984 5024 5025 4985)
4(5024 5064 5065 5025)
4(5064 5104 5105 5065)
4(5104 5144 5145 5105)
4(5144 5184 5185 5145)
4(5184 5224 5225 5185)
4(5224 5264 5265 5225)
4(5264 5304 5305 5265)
4(5304 5344 5345 5305)
4(5344 5384 5385 5345)
4(5384 5424 5425 5385)
4(5424 5464 5465 5425)
4(5464 5504 5505 5465)
4(5504 5544 5545 5505)
4(5544 5584 5585 5545)
4(5584 5624 5625 5585)
4(5624 5664 5665 5625)
4(5664 5704 5705 5665)
4(5704 5744 5745 5705)
4(5744 5784 5785 5745)
4(5784 5824 5825 5785)
4(5824 5864 5865 5825)
4(5864 5904 5905 5865)
4(5904 5944 5945 5905)
4(5944 5984 5985 5945)
4(5984 6024 6025 5985)
4(6024 6064 6065 6025)
4(6064 6104 6105 6065)
4(6104 6144 6145 6105)
4(6144 6184 6185 6145)
4(6184 6224 6225 6185)
4(6224 6264 6265 6225)
4(6264 6304 6305 6265)
4(6304 6344 6345 6305)
4(6344 6384 6385 6345)
4(6384 6424 6425 6385)
4(6424 6464 6465 6425)
4(6464 6504 6505 6465)
4(6504 6544 6545 6505)
4(6544 6584 6585 6545)
4(6584 6624 6625 6585)
4(6624 6664 6665 6625)
4(6664 6704 6705 6665)
4(6704 6744 6745 6705)
4(6744 6784 6785 6745)
4(6784 6824 6825 6785)
4(6824 6864 6865 6825)
4(6864 6904 6905 6865)
4(6904 6944 6945 6905)
4(6944 6984 6985 6945)
4(6984 7024 7025 6985)
4(7024 7064 7065 7025)
4(7064 7104 7105 7065)
4(7104 7144 7145 7105)
4(7144 7184 7185 7145)
4(7184 7224 7225 7185)
4(7224 7264 7265 7225)
4(7264 7304 7305 7265)
4(7304 7344 7345 7305)
4(7344 7384 7385 7345)
4(7384 7424 7425 7385)
4(7424 7464 7465 7425)
4(7464 7504 7505 7465)
4(7504 7544 7545 7505)
4(7544 7584 7585 7545)
4(7584 7624 7625 7585)
4(7624 7664 7665 7625)
4(7664 7704 7705 7665)
4(7704 7744 7745 7705)
4(7744 7784 7785 7745)
4(7784 7824 7825 7785)
4(7824 7864 7865 7825)
4(7864 7904 7905 7865)
4(7904 7944 7945 7905)
4(7944 7984 7985 7945)
4(7984 8024 8025 7985)
4(8024 8064 8065 8025)
4(8064 8104 8105 8065)
4(8104 8144 8145 8105)
4(8144 8184 8185 8145)
4(8184 8224 8225 8185)
4(8224 8264 8265 8225)
4(8264 8304 8305 8265)
4(8304 8344 8345 8305)
4(8344 8384 8385 8345)
4(8384 8424 8425 8385)
4(8424 8464 8465 8425)
4(8464 8504 8505 8465)
4(8504 8544 8545 8505)
4(8544 8584 8585 8545)
4(8584 8624 8625 8585)
4(8624 8664 8665 8625)
4(8664 8704 8705 8665)
4(4705 4745 4746 4706)
4(4745 4785 4786 4746)
4(4785 4825 4826 4786)
4(4825 4865 4866 4826)
4(4865 4905 4906 4866)
4(4905 4945 4946 4906)
4(4945 4985 4986 4946)
4(4985 5025 5026 4986)
4(5025 5065 5066 5026)
4(5065 5105 5106 5066)
4(5105 5145 5146 5106)
4(5145 5185 5186 5146)
4(5185 5225 5226 5186)
4(5225 5265 5266 5226)
4(5265 5305 5306 5266)
4(5305 5345 5346 5306)
4(5345 5385 5386 5346)
4(5385 5425 5426 5386)
4(5425 5465 5466 5426)
4(5465 5505 5506 5466)
4(5505 5545 5546 5506)
4(5545 5585 5586 5546)
4(5585 5625 5626 5586)
4(5625 5665 5666 5626)
4(5665 5705 5706 5666)
4(5705 5745 5746 5706)
4(5745 5785 5786 5746)
4(5785 5825 5826 5786)
4(5825 5865 5866 5826)
4(5865 5905 5906 5866)
4(5905 5945 5946 5906)
4(5945 5985 5986 5946)
4(5985 6025 6026 5986)
4(6025 6065 6066 6026)
4(6065 6105 6106 6066)
4(6105 6145 6146 6106)
4(6145 6185 6186 6146)
4(6185 6225 6226 6186)
4(6225 6265 6266 6226)
4(6265 6305 6306 6266)
4(6305 6345 6346 6306)
4(6345 6385 6386 6346)
4(6385 6425 6426 6386)
4(6425 6465 6466 6426)
4(6465 6505 6506 6466)
4(6505 6545 6546 6506)
4(6545 6585 6586 6546)
4(6585 6625 6626 6586)
4(6625 6665 6666 6626)
4(6665 6705 6706 6666)
4(6705 6745 6746 6706)
4(6745 6785 6786 6746)
4(6785 6825 6826 6786)
4(6825 6865 6866 6826)
4(6865 6905 6906 6866)
4(6905 6945 6946 6906)
4(6945 6985 6986 6946)
4(6985 7025 7026 6986)
4(7025 7065 7066 7026)
4(7065 7105 7106 7066)
4(7105 7145 7146 7106)
4(7145 7185 7186 7146)
4(7185 7225 7226 7186)
4(7225 7265 7266 7226)
4(7265 7305 7306 7266)
4(7305 7345 7346 7306)
4(7345 7385 7386 7346)
4(7385 7425 7426 7386)
4(7425 7465 7466 7426)
4(7465 7505 7506 7466)
4(7505 7545 7546 7506)
4(7545 7585 7586 7546)
4(7585 7625 7626 7586)
4(7625 7665 7666 7626)
4(7665 7705 7706 7666)
4(7705 7745 7746 7706)
4(7745 7785 7786 7746)
4(7785 7825 7826 7786)
4(7825 7865 7866 7826)
4(7865 7905 7906 7866)
4(7905 7945 7946 7906)
4(7945 7985 7986 7946)
4(7985 8025 8026 7986)
4(8025 8065 8066 8026)
4(8065 8105 8106 8066)
4(8105 8145 8146 8106)
4(8145 8185 8186 8146)
4(8185 8225 8226 8186)
4(8225 8265 8266 8226)
4(8265 8305 8306 8266)
4(8305 8345 8346 8306)
4(8345 8385 8386 8346)
4(8385 8425 8426 8386)
4(8425 8465 8466 8426)
4(8465 8505 8506 8466)
4(8505 8545 8546 8506)
4(8545 8585 8586 8546)
4(8585 8625 8626 8586)
4(8625 8665 8666 8626)
4(8665 8705 8706 8666)
4(4706 4746 4747 4707)
4(4746 4786 4787 4747)
4(4786 4826 4827 4787)
4(4826 4866 4867 4827)
4(4866 4906 4907 4867)
4(4906 4946 4947 4907)
4(4946 4986 4987 4947)
4(4986 5026 5027 4987)
4(5026 5066 5067 5027)
4(5066 5106 5107 5067)
4(5106 5146 5147 5107)
4(5146 5186 5187 5147)
4(5186 5226 5227 5187)
4(5226 5266 5267 5227)
4(5266 5306 5307 5267)
4(5306 5346 5347 5307)
4(5346 5386 5387 5347)
4(5386 5426 5427 5387)
4(5426 5466 5467 5427)
4(5466 5506 5507 5467)
4(5506 5546 5547 5507)
4(5546 5586 5587 5547)
4(5586 5626 5627 5587)
4(5626 5666 5667 5627)
4(5666 5706 5707 5667)
4(5706 5746 5747 5707)
4(5746 5786 5787 5747)
4(5786 5826 5827 5787)
4(5826 5866 5867 5827)
4(5866 5906 5907 5867)
4(5906 5946 5947 5907)
4(5946 5986 5987 5947)
4(5986 6026 6027 5987)
4(6026 6066 6067 6027)
4(6066 6106 6107 6067)
4(6106 6146 6147 6107)
4(6146 6186 6187 6147)
4(6186 6226 6227 6187)
4(6226 6266 6267 6227)
4(6266 6306 6307 6267)
4(6306 6346 6347 6307)
4(6346 6386 6387 6347)
4(6386 6426 6427 6387)
4(6426 6466 6467 6427)
4(6466 6506 6507 6467)
4(6506 6546 6547 6507)
4(6546 6586 6587 6547)
4(6586 6626 6627 6587)
4(6626 6666 6667 6627)
4(6666 6706 6707 6667)
4(6706 6746 6747 6707)
4(6746 6786 6787 6747)
4(6786 6826 6827 6787)
4(6826 6866 6867 6827)
4(6866 6906 6907 6867)
4(6906 6946 6947 6907)
4(6946 6986 6987 6947)
4(6986 7026 7027 6987)
4(7026 7066 7067 7027)
4(7066 7106 7107 7067)
4(7106 7146 7147 7107)
4(7146 7186 7187 7147)
4(7186 7226 7227 7187)
4(7226 7266 7267 7227)
4(7266 7306 7307 7267)
4(7306 7346 7347 7307)
4(7346 7386 7387 7347)
4(7386 7426 7427 7387)
4(7426 7466 7467 7427)
4(7466 7506 7507 7467)
4(7506 7546 7547 7507)
4(7546 7586 7587 7547)
4(7586 7626 7627 7587)
4(7626 7666 7667 7627)
4(7666 7706 7707 7667)
4(7706 7746 7747 7707)
4(7746 7786 7787 7747)
4(7786 7826 7827 7787)
4(7826 7866 7867 7827)
4(7866 7906 7907 7867)
4(7906 7946 7947 7907)
4(7946 7986 7987 7947)
4(7986 8026 8027 7987)
4(8026 8066 8067 8027)
4(8066 8106 8107 8067)
4(8106 8146 8147 8107)
4(8146 8186 8187 8147)
4(8186 8226 8227 8187)
4(8226 8266 8267 8227)
4(8266 8306 8307 8267)
4(8306 8346 8347 8307)
4(8346 8386 8387 8347)
4(8386 8426 8427 8387)
4(8426 8466 8467 8427)
4(8466 8506 8507 8467)
4(8506 8546 8547 8507)
4(8546 8586 8587 8547)
4(8586 8626 8627 8587)
4(8626 8666 8667 8627)
4(8666 8706 8707 8667)
4(4707 4747 4748 4708)
4(4747 4787 4788 4748)
4(4787 4827 4828 4788)
4(4827 4867 4868 4828)
4(4867 4907 4908 4868)
4(4907 4947 4948 4908)
4(4947 4987 4988 4948)
4(4987 5027 5028 4988)
4(5027 5067 5068 5028)
4(5067 5107 5108 5068)
4(5107 5147 5148 5108)
4(5147 5187 5188 5148)
4(5187 5227 5228 5188)
4(5227 5267 5268 5228)
4(5267 5307 5308 5268)
4(5307 5347 5348 5308)
4(5347 5387 5388 5348)
4(5387 5427 5428 5388)
4(5427 5467 5468 5428)
4(5467 5507 5508 5468)
4(5507 5547 5548 5508)
4(5547 5587 5588 5548)
4(5587 5627 5628 5588)
4(5627 5667 5668 5628)
4(5667 5707 5708 5668)
4(5707 5747 5748 5708)
4(5747 5787 5788 5748)
4(5787 5827 5828 5788)
4(5827 5867 5868 5828)
4(5867 5907 5908 5868)
4(5907 5947 5948 5908)
4(5947 5987 5988 5948)
4(5987 6027 6028 5988)
4(6027 6067 6068 6028)
4(6067 6107 6108 6068)
4(6107 6147 6148 6108)
4(6147 6187 6188 6148)
4(6187 6227 6228 6188)
4(6227 6267 6268 6228)
4(6267 6307 6308 6268)
4(6307 6347 6348 6308)
4(6347 6387 6388 6348)
4(6387 6427 6428 6388)
4(6427 6467 6468 6428)
4(6467 6507 6508 6468)
4(6507 6547 6548 6508)
4(6547 6587 6588 6548)
4(6587 6627 6628 6588)
4(6627 6667 6668 6628)
4(6667 6707 6708 6668)
4(6707 6747 6748 6708)
4(6747 6787 6788 6748)
4(6787 6827 6828 6788)
4(6827 6867 6868 6828)
4(6867 6907 6908 6868)
4(6907 6947 6948 6908)
4(6947 6987 6988 6948)
4(6987 7027 7028 6988)
4(7027 7067 7068 7028)
4(7067 7107 7108 7068)
4(7107 7147 7148 7108)
4(7147 7187 7188 7148)
4(7187 7227 7228 7188)
4(7227 7267 7268 7228)
4(7267 7307 7308 7268)
4(7307 7347 7348 7308)
4(7347 7387 7388 7348)
4(7387 7427 7428 7388)
4(7427 7467 7468 7428)
4(7467 7507 7508 7468)
4(7507 7547 7548 7508)
4(7547 7587 7588 7548)
4(7587 7627 7628 7588)
4(7627 7667 7668 7628)
4(7667 7707 7708 7668)
4(7707 7747 7748 7708)
4(7747 7787 7788 7748)
4(7787 7827 7828 7788)
4(7827 7867 7868 7828)
4(7867 7907 7908 7868)
4(7907 7947 7948 7908)
4(7947 7987 7988 7948)
4(7987 8027 8028 7988)
4(8027 8067 8068 8028)
4(8067 8107 8108 8068)
4(8107 8147 8148 8108)
4(8147 8187 8188 8148)
4(8187 8227 8228 8188)
4(8227 8267 8268 8228)
4(8267 8307 8308 8268)
4(8307 8347 8348 8308)
4(8347 8387 8388 8348)
4(8387 8427 8428 8388)
4(8427 8467 8468 8428)
4(8467 8507 8508 8468)
4(8507 8547 8548 8508)
4(8547 8587 8588 8548)
4(8587 8627 8628 8588)
4(8627 8667 8668 8628)
4(8667 8707 8708 8668)
4(4708 4748 4749 4709)
4(4748 4788 4789 4749)
4(4788 4828 4829 4789)
4(4828 4868 4869 4829)
4(4868 4908 4909 4869)
4(4908 4948 4949 4909)
4(4948 4988 4989 4949)
4(4988 5028 5029 4989)
4(5028 5068 5069 5029)
4(5068 5108 5109 5069)
4(5108 5148 5149 5109)
4(5148 5188 5189 5149)
4(5188 5228 5229 5189)
4(5228 5268 5269 5229)
4(5268 5308 5309 5269)
4(5308 5348 5349 5309)
4(5348 5388 5389 5349)
4(5388 5428 5429 5389)
4(5428 5468 5469 5429)
4(5468 5508 5509 5469)
4(5508 5548 5549 5509)
4(5548 5588 5589 5549)
4(5588 5628 5629 5589)
4(5628 5668 5669 5629)
4(5668 5708 5709 5669)
4(5708 5748 5749 5709)
4(5748 5788 5789 5749)
4(5788 5828 5829 5789)
4(5828 5868 5869 5829)
4(5868 5908 5909 5869)
4(5908 5948 5949 5909)
4(5948 5988 5989 5949)
4(5988 6028 6029 5989)
4(6028 6068 6069 6029)
4(6068 6108 6109 6069)
4(6108 6148 6149 6109)
4(6148 6188 6189 6149)
4(6188 6228 6229 6189)
4(6228 6268 6269 6229)
4(6268 6308 6309 6269)
4(6308 6348 6349 6309)
4(6348 6388 6389 6349)
4(6388 6428 6429 6389)
4(6428 6468 6469 6429)
4(6468 6508 6509 6469)
4(6508 6548 6549 6509)
4(6548 6588 6589 6549)
4(6588 6628 6629 6589)
4(6628 6668 6669 6629)
4(6668 6708 6709 6669)
4(6708 6748 6749 6709)
4(6748 6788 6789 6749)
4(6788 6828 6829 6789)
4(6828 6868 6869 6829)
4(6868 6908 6909 6869)
4(6908 6948 6949 6909)
4(6948 6988 6989 6949)
4(6988 7028 7029 6989)
4(7028 7068 7069 7029)
4(7068 7108 7109 7069)
4(7108 7148 7149 7109)
4(7148 7188 7189 7149)
4(7188 7228 7229 7189)
4(7228 7268 7269 7229)
4(7268 7308 7309 7269)
4(7308 7348 7349 7309)
4(7348 7388 7389 7349)
4(7388 7428 7429 7389)
4(7428 7468 7469 7429)
4(7468 7508 7509 7469)
4(7508 7548 7549 7509)
4(7548 7588 7589 7549)
4(7588 7628 7629 7589)
4(7628 7668 7669 7629)
4(7668 7708 7709 7669)
4(7708 7748 7749 7709)
4(7748 7788 7789 7749)
4(7788 7828 7829 7789)
4(7828 7868 7869 7829)
4(7868 7908 7909 7869)
4(7908 7948 7949 7909)
4(7948 7988 7989 7949)
4(7988 8028 8029 7989)
4(8028 8068 8069 8029)
4(8068 8108 8109 8069)
4(8108 8148 8149 8109)
4(8148 8188 8189 8149)
4(8188 8228 8229 8189)
4(8228 8268 8269 8229)
4(8268 8308 8309 8269)
4(8308 8348 8349 8309)
4(8348 8388 8389 8349)
4(8388 8428 8429 8389)
4(8428 8468 8469 8429)
4(8468 8508 8509 8469)
4(8508 8548 8549 8509)
4(8548 8588 8589 8549)
4(8588 8628 8629 8589)
4(8628 8668 8669 8629)
4(8668 8708 8709 8669)
4(4709 4749 4750 4710)
4(4749 4789 4790 4750)
4(4789 4829 4830 4790)
4(4829 4869 4870 4830)
4(4869 4909 4910 4870)
4(4909 4949 4950 4910)
4(4949 4989 4990 4950)
4(4989 5029 5030 4990)
4(5029 5069 5070 5030)
4(5069 5109 5110 5070)
4(5109 5149 5150 5110)
4(5149 5189 5190 5150)
4(5189 5229 5230 5190)
4(5229 5269 5270 5230)
4(5269 5309 5310 5270)
4(5309 5349 5350 5310)
4(5349 5389 5390 5350)
4(5389 5429 5430 5390)
4(5429 5469 5470 5430)
4(5469 5509 5510 5470)
4(5509 5549 5550 5510)
4(5549 5589 5590 5550)
4(5589 5629 5630 5590)
4(5629 5669 5670 5630)
4(5669 5709 5710 5670)
4(5709 5749 5750 5710)
4(5749 5789 5790 5750)
4(5789 5829 5830 5790)
4(5829 5869 5870 5830)
4(5869 5909 5910 5870)
4(5909 5949 5950 5910)
4(5949 5989 5990 5950)
4(5989 6029 6030 5990)
4(6029 6069 6070 6030)
4(6069 6109 6110 6070)
4(6109 6149 6150 6110)
4(6149 6189 6190 6150)
4(6189 6229 6230 6190)
4(6229 6269 6270 6230)
4(6269 6309 6310 6270)
4(6309 6349 6350 6310)
4(6349 6389 6390 6350)
4(6389 6429 6430 6390)
4(6429 6469 6470 6430)
4(6469 6509 6510 6470)
4(6509 6549 6550 6510)
4(6549 6589 6590 6550)
4(6589 6629 6630 6590)
4(6629 6669 6670 6630)
4(6669 6709 6710 6670)
4(6709 6749 6750 6710)
4(6749 6789 6790 6750)
4(6789 6829 6830 6790)
4(6829 6869 6870 6830)
4(6869 6909 6910 6870)
4(6909 6949 6950 6910)
4(6949 6989 6990 6950)
4(6989 7029 7030 6990)
4(7029 7069 7070 7030)
4(7069 7109 7110 7070)
4(7109 7149 7150 7110)
4(7149 7189 7190 7150)
4(7189 7229 7230 7190)
4(7229 7269 7270 7230)
4(7269 7309 7310 7270)
4(7309 7349 7350 7310)
4(7349 7389 7390 7350)
4(7389 7429 7430 7390)
4(7429 7469 7470 7430)
4(7469 7509 7510 7470)
4(7509 7549 7550 7510)
4(7549 7589 7590 7550)
4(7589 7629 7630 7590)
4(7629 7669 7670 7630)
4(7669 7709 7710 7670)
4(7709 7749 7750 7710)
4(7749 7789 7790 7750)
4(7789 7829 7830 7790)
4(7829 7869 7870 7830)
4(7869 7909 7910 7870)
4(7909 7949 7950 7910)
4(7949 7989 7990 7950)
4(7989 8029 8030 7990)
4(8029 8069 8070 8030)
4(8069 8109 8110 8070)
4(8109 8149 8150 8110)
4(8149 8189 8190 8150)
4(8189 8229 8230 8190)
4(8229 8269 8270 8230)
4(8269 8309 8310 8270)
4(8309 8349 8350 8310)
4(8349 8389 8390 8350)
4(8389 8429 8430 8390)
4(8429 8469 8470 8430)
4(8469 8509 8510 8470)
4(8509 8549 8550 8510)
4(8549 8589 8590 8550)
4(8589 8629 8630 8590)
4(8629 8669 8670 8630)
4(8669 8709 8710 8670)
4(4710 4750 4751 4711)
4(4750 4790 4791 4751)
4(4790 4830 4831 4791)
4(4830 4870 4871 4831)
4(4870 4910 4911 4871)
4(4910 4950 4951 4911)
4(4950 4990 4991 4951)
4(4990 5030 5031 4991)
4(5030 5070 5071 5031)
4(5070 5110 5111 5071)
4(5110 5150 5151 5111)
4(5150 5190 5191 5151)
4(5190 5230 5231 5191)
4(5230 5270 5271 5231)
4(5270 5310 5311 5271)
4(5310 5350 5351 5311)
4(5350 5390 5391 5351)
4(5390 5430 5431 5391)
4(5430 5470 5471 5431)
4(5470 5510 5511 5471)
4(5510 5550 5551 5511)
4(5550 5590 5591 5551)
4(5590 5630 5631 5591)
4(5630 5670 5671 5631)
4(5670 5710 5711 5671)
4(5710 5750 5751 5711)
4(5750 5790 5791 5751)
4(5790 5830 5831 5791)
4(5830 5870 5871 5831)
4(5870 5910 5911 5871)
4(5910 5950 5951 5911)
4(5950 5990 5991 5951)
4(5990 6030 6031 5991)
4(6030 6070 6071 6031)
4(6070 6110 6111 6071)
4(6110 6150 6151 6111)
4(6150 6190 6191 6151)
4(6190 6230 6231 6191)
4(6230 6270 6271 6231)
4(6270 6310 6311 6271)
4(6310 6350 6351 6311)
4(6350 6390 6391 6351)
4(6390 6430 6431 6391)
4(6430 6470 6471 6431)
4(6470 6510 6511 6471)
4(6510 6550 6551 6511)
4(6550 6590 6591 6551)
4(6590 6630 6631 6591)
4(6630 6670 6671 6631)
4(6670 6710 6711 6671)
4(6710 6750 6751 6711)
4(6750 6790 6791 6751)
4(6790 6830 6831 6791)
4(6830 6870 6871 6831)
4(6870 6910 6911 6871)
4(6910 6950 6951 6911)
4(6950 6990 6991 6951)
4(6990 7030 7031 6991)
4(7030 7070 7071 7031)
4(7070 7110 7111 7071)
4(7110 7150 7151 7111)
4(7150 7190 7191 7151)
4(7190 7230 7231 7191)
4(7230 7270 7271 7231)
4(7270 7310 7311 7271)
4(7310 7350 7351 7311)
4(7350 7390 7391 7351)
4(7390 7430 7431 7391)
4(7430 7470 7471 7431)
4(7470 7510 7511 7471)
4(7510 7550 7551 7511)
4(7550 7590 7591 7551)
4(7590 7630 7631 7591)
4(7630 7670 7671 7631)
4(7670 7710 7711 7671)
4(7710 7750 7751 7711)
4(7750 7790 7791 7751)
4(7790 7830 7831 7791)
4(7830 7870 7871 7831)
4(7870 7910 7911 7871)
4(7910 7950 7951 7911)
4(7950 7990 7991 7951)
4(7990 8030 8031 7991)
4(8030 8070 8071 8031)
4(8070 8110 8111 8071)
4(8110 8150 8151 8111)
4(8150 8190 8191 8151)
4(8190 8230 8231 8191)
4(8230 8270 8271 8231)
4(8270 8310 8311 8271)
4(8310 8350 8351 8311)
4(8350 8390 8391 8351)
4(8390 8430 8431 8391)
4(8430 8470 8471 8431)
4(8470 8510 8511 8471)
4(8510 8550 8551 8511)
4(8550 8590 8591 8551)
4(8590 8630 8631 8591)
4(8630 8670 8671 8631)
4(8670 8710 8711 8671)
4(4711 4751 4752 4712)
4(4751 4791 4792 4752)
4(4791 4831 4832 4792)
4(4831 4871 4872 4832)
4(4871 4911 4912 4872)
4(4911 4951 4952 4912)
4(4951 4991 4992 4952)
4(4991 5031 5032 4992)
4(5031 5071 5072 5032)
4(5071 5111 5112 5072)
4(5111 5151 5152 5112)
4(5151 5191 5192 5152)
4(5191 5231 5232 5192)
4(5231 5271 5272 5232)
4(5271 5311 5312 5272)
4(5311 5351 5352 5312)
4(5351 5391 5392 5352)
4(5391 5431 5432 5392)
4(5431 5471 5472 5432)
4(5471 5511 5512 5472)
4(5511 5551 5552 5512)
4(5551 5591 5592 5552)
4(5591 5631 5632 5592)
4(5631 5671 5672 5632)
4(5671 5711 5712 5672)
4(5711 5751 5752 5712)
4(5751 5791 5792 5752)
4(5791 5831 5832 5792)
4(5831 5871 5872 5832)
4(5871 5911 5912 5872)
4(5911 5951 5952 5912)
4(5951 5991 5992 5952)
4(5991 6031 6032 5992)
4(6031 6071 6072 6032)
4(6071 6111 6112 6072)
4(6111 6151 6152 6112)
4(6151 6191 6192 6152)
4(6191 6231 6232 6192)
4(6231 6271 6272 6232)
4(6271 6311 6312 6272)
4(6311 6351 6352 6312)
4(6351 6391 6392 6352)
4(6391 6431 6432 6392)
4(6431 6471 6472 6432)
4(6471 6511 6512 6472)
4(6511 6551 6552 6512)
4(6551 6591 6592 6552)
4(6591 6631 6632 6592)
4(6631 6671 6672 6632)
4(6671 6711 6712 6672)
4(6711 6751 6752 6712)
4(6751 6791 6792 6752)
4(6791 6831 6832 6792)
4(6831 6871 6872 6832)
4(6871 6911 6912 6872)
4(6911 6951 6952 6912)
4(6951 6991 6992 6952)
4(6991 7031 7032 6992)
4(7031 7071 7072 7032)
4(7071 7111 7112 7072)
4(7111 7151 7152 7112)
4(7151 7191 7192 7152)
4(7191 7231 7232 7192)
4(7231 7271 7272 7232)
4(7271 7311 7312 7272)
4(7311 7351 7352 7312)
4(7351 7391 7392 7352)
4(7391 7431 7432 7392)
4(7431 7471 7472 7432)
4(7471 7511 7512 7472)
4(7511 7551 7552 7512)
4(7551 7591 7592 7552)
4(7591 7631 7632 7592)
4(7631 7671 7672 7632)
4(7671 7711 7712 7672)
4(7711 7751 7752 7712)
4(7751 7791 7792 7752)
4(7791 7831 7832 7792)
4(7831 7871 7872 7832)
4(7871 7911 7912 7872)
4(7911 7951 7952 7912)
4(7951 7991 7992 7952)
4(7991 8031 8032 7992)
4(8031 8071 8072 8032)
4(8071 8111 8112 8072)
4(8111 8151 8152 8112)
4(8151 8191 8192 8152)
4(8191 8231 8232 8192)
4(8231 8271 8272 8232)
4(8271 8311 8312 8272)
4(8311 8351 8352 8312)
4(8351 8391 8392 8352)
4(8391 8431 8432 8392)
4(8431 8471 8472 8432)
4(8471 8511 8512 8472)
4(8511 8551 8552 8512)
4(8551 8591 8592 8552)
4(8591 8631 8632 8592)
4(8631 8671 8672 8632)
4(8671 8711 8712 8672)
4(4712 4752 4753 4713)
4(4752 4792 4793 4753)
4(4792 4832 4833 4793)
4(4832 4872 4873 4833)
4(4872 4912 4913 4873)
4(4912 4952 4953 4913)
4(4952 4992 4993 4953)
4(4992 5032 5033 4993)
4(5032 5072 5073 5033)
4(5072 5112 5113 5073)
4(5112 5152 5153 5113)
4(5152 5192 5193 5153)
4(5192 5232 5233 5193)
4(5232 5272 5273 5233)
4(5272 5312 5313 5273)
4(5312 5352 5353 5313)
4(5352 5392 5393 5353)
4(5392 5432 5433 5393)
4(5432 5472 5473 5433)
4(5472 5512 5513 5473)
4(5512 5552 5553 5513)
4(5552 5592 5593 5553)
4(5592 5632 5633 5593)
4(5632 5672 5673 5633)
4(5672 5712 5713 5673)
4(5712 5752 5753 5713)
4(5752 5792 5793 5753)
4(5792 5832 5833 5793)
4(5832 5872 5873 5833)
4(5872 5912 5913 5873)
4(5912 5952 5953 5913)
4(5952 5992 5993 5953)
4(5992 6032 6033 5993)
4(6032 6072 6073 6033)
4(6072 6112 6113 6073)
4(6112 6152 6153 6113)
4(6152 6192 6193 6153)
4(6192 6232 6233 6193)
4(6232 6272 6273 6233)
4(6272 6312 6313 6273)
4(6312 6352 6353 6313)
4(6352 6392 6393 6353)
4(6392 6432 6433 6393)
4(6432 6472 6473 6433)
4(6472 6512 6513 6473)
4(6512 6552 6553 6513)
4(6552 6592 6593 6553)
4(6592 6632 6633 6593)
4(6632 6672 6673 6633)
4(6672 6712 6713 6673)
4(6712 6752 6753 6713)
4(6752 6792 6793 6753)
4(6792 6832 6833 6793)
4(6832 6872 6873 6833)
4(6872 6912 6913 6873)
4(6912 6952 6953 6913)
4(6952 6992 6993 6953)
4(6992 7032 7033 6993)
4(7032 7072 7073 7033)
4(7072 7112 7113 7073)
4(7112 7152 7153 7113)
4(7152 7192 7193 7153)
4(7192 7232 7233 7193)
4(7232 7272 7273 7233)
4(7272 7312 7313 7273)
4(7312 7352 7353 7313)
4(7352 7392 7393 7353)
4(7392 7432 7433 7393)
4(7432 7472 7473 7433)
4(7472 7512 7513 7473)
4(7512 7552 7553 7513)
4(7552 7592 7593 7553)
4(7592 7632 7633 7593)
4(7632 7672 7673 7633)
4(7672 7712 7713 7673)
4(7712 7752 7753 7713)
4(7752 7792 7793 7753)
4(7792 7832 7833 7793)
4(7832 7872 7873 7833)
4(7872 7912 7913 7873)
4(7912 7952 7953 7913)
4(7952 7992 7993 7953)
4(7992 8032 8033 7993)
4(8032 8072 8073 8033)
4(8072 8112 8113 8073)
4(8112 8152 8153 8113)
4(8152 8192 8193 8153)
4(8192 8232 8233 8193)
4(8232 8272 8273 8233)
4(8272 8312 8313 8273)
4(8312 8352 8353 8313)
4(8352 8392 8393 8353)
4(8392 8432 8433 8393)
4(8432 8472 8473 8433)
4(8472 8512 8513 8473)
4(8512 8552 8553 8513)
4(8552 8592 8593 8553)
4(8592 8632 8633 8593)
4(8632 8672 8673 8633)
4(8672 8712 8713 8673)
4(4713 4753 4754 4714)
4(4753 4793 4794 4754)
4(4793 4833 4834 4794)
4(4833 4873 4874 4834)
4(4873 4913 4914 4874)
4(4913 4953 4954 4914)
4(4953 4993 4994 4954)
4(4993 5033 5034 4994)
4(5033 5073 5074 5034)
4(5073 5113 5114 5074)
4(5113 5153 5154 5114)
4(5153 5193 5194 5154)
4(5193 5233 5234 5194)
4(5233 5273 5274 5234)
4(5273 5313 5314 5274)
4(5313 5353 5354 5314)
4(5353 5393 5394 5354)
4(5393 5433 5434 5394)
4(5433 5473 5474 5434)
4(5473 5513 5514 5474)
4(5513 5553 5554 5514)
4(5553 5593 5594 5554)
4(5593 5633 5634 5594)
4(5633 5673 5674 5634)
4(5673 5713 5714 5674)
4(5713 5753 5754 5714)
4(5753 5793 5794 5754)
4(5793 5833 5834 5794)
4(5833 5873 5874 5834)
4(5873 5913 5914 5874)
4(5913 5953 5954 5914)
4(5953 5993 5994 5954)
4(5993 6033 6034 5994)
4(6033 6073 6074 6034)
4(6073 6113 6114 6074)
4(6113 6153 6154 6114)
4(6153 6193 6194 6154)
4(6193 6233 6234 6194)
4(6233 6273 6274 6234)
4(6273 6313 6314 6274)
4(6313 6353 6354 6314)
4(6353 6393 6394 6354)
4(6393 6433 6434 6394)
4(6433 6473 6474 6434)
4(6473 6513 6514 6474)
4(6513 6553 6554 6514)
4(6553 6593 6594 6554)
4(6593 6633 6634 6594)
4(6633 6673 6674 6634)
4(6673 6713 6714 6674)
4(6713 6753 6754 6714)
4(6753 6793 6794 6754)
4(6793 6833 6834 6794)
4(6833 6873 6874 6834)
4(6873 6913 6914 6874)
4(6913 6953 6954 6914)
4(6953 6993 6994 6954)
4(6993 7033 7034 6994)
4(7033 7073 7074 7034)
4(7073 7113 7114 7074)
4(7113 7153 7154 7114)
4(7153 7193 7194 7154)
4(7193 7233 7234 7194)
4(7233 7273 7274 7234)
4(7273 7313 7314 7274)
4(7313 7353 7354 7314)
4(7353 7393 7394 7354)
4(7393 7433 7434 7394)
4(7433 7473 7474 7434)
4(7473 7513 7514 7474)
4(7513 7553 7554 7514)
4(7553 7593 7594 7554)
4(7593 7633 7634 7594)
4(7633 7673 7674 7634)
4(7673 7713 7714 7674)
4(7713 7753 7754 7714)
4(7753 7793 7794 7754)
4(7793 7833 7834 7794)
4(7833 7873 7874 7834)
4(7873 7913 7914 7874)
4(7913 7953 7954 7914)
4(7953 7993 7994 7954)
4(7993 8033 8034 7994)
4(8033 8073 8074 8034)
4(8073 8113 8114 8074)
4(8113 8153 8154 8114)
4(8153 8193 8194 8154)
4(8193 8233 8234 8194)
4(8233 8273 8274 8234)
4(8273 8313 8314 8274)
4(8313 8353 8354 8314)
4(8353 8393 8394 8354)
4(8393 8433 8434 8394)
4(8433 8473 8474 8434)
4(8473 8513 8514 8474)
4(8513 8553 8554 8514)
4(8553 8593 8594 8554)
4(8593 8633 8634 8594)
4(8633 8673 8674 8634)
4(8673 8713 8714 8674)
4(4714 4754 4755 4715)
4(4754 4794 4795 4755)
4(4794 4834 4835 4795)
4(4834 4874 4875 4835)
4(4874 4914 4915 4875)
4(4914 4954 4955 4915)
4(4954 4994 4995 4955)
4(4994 5034 5035 4995)
4(5034 5074 5075 5035)
4(5074 5114 5115 5075)
4(5114 5154 5155 5115)
4(5154 5194 5195 5155)
4(5194 5234 5235 5195)
4(5234 5274 5275 5235)
4(5274 5314 5315 5275)
4(5314 5354 5355 5315)
4(5354 5394 5395 5355)
4(5394 5434 5435 5395)
4(5434 5474 5475 5435)
4(5474 5514 5515 5475)
4(5514 5554 5555 5515)
4(5554 5594 5595 5555)
4(5594 5634 5635 5595)
4(5634 5674 5675 5635)
4(5674 5714 5715 5675)
4(5714 5754 5755 5715)
4(5754 5794 5795 5755)
4(5794 5834 5835 5795)
4(5834 5874 5875 5835)
4(5874 5914 5915 5875)
4(5914 5954 5955 5915)
4(5954 5994 5995 5955)
4(5994 6034 6035 5995)
4(6034 6074 6075 6035)
4(6074 6114 6115 6075)
4(6114 6154 6155 6115)
4(6154 6194 6195 6155)
4(6194 6234 6235 6195)
4(6234 6274 6275 6235)
4(6274 6314 6315 6275)
4(6314 6354 6355 6315)
4(6354 6394 6395 6355)
4(6394 6434 6435 6395)
4(6434 6474 6475 6435)
4(6474 6514 6515 6475)
4(6514 6554 6555 6515)
4(6554 6594 6595 6555)
4(6594 6634 6635 6595)
4(6634 6674 6675 6635)
4(6674 6714 6715 6675)
4(6714 6754 6755 6715)
4(6754 6794 6795 6755)
4(6794 6834 6835 6795)
4(6834 6874 6875 6835)
4(6874 6914 6915 6875)
4(6914 6954 6955 6915)
4(6954 6994 6995 6955)
4(6994 7034 7035 6995)
4(7034 7074 7075 7035)
4(7074 7114 7115 7075)
4(7114 7154 7155 7115)
4(7154 7194 7195 7155)
4(7194 7234 7235 7195)
4(7234 7274 7275 7235)
4(7274 7314 7315 7275)
4(7314 7354 7355 7315)
4(7354 7394 7395 7355)
4(7394 7434 7435 7395)
4(7434 7474 7475 7435)
4(7474 7514 7515 7475)
4(7514 7554 7555 7515)
4(7554 7594 7595 7555)
4(7594 7634 7635 7595)
4(7634 7674 7675 7635)
4(7674 7714 7715 7675)
4(7714 7754 7755 7715)
4(7754 7794 7795 7755)
4(7794 7834 7835 7795)
4(7834 7874 7875 7835)
4(7874 7914 7915 7875)
4(7914 7954 7955 7915)
4(7954 7994 7995 7955)
4(7994 8034 8035 7995)
4(8034 8074 8075 8035)
4(8074 8114 8115 8075)
4(8114 8154 8155 8115)
4(8154 8194 8195 8155)
4(8194 8234 8235 8195)
4(8234 8274 8275 8235)
4(8274 8314 8315 8275)
4(8314 8354 8355 8315)
4(8354 8394 8395 8355)
4(8394 8434 8435 8395)
4(8434 8474 8475 8435)
4(8474 8514 8515 8475)
4(8514 8554 8555 8515)
4(8554 8594 8595 8555)
4(8594 8634 8635 8595)
4(8634 8674 8675 8635)
4(8674 8714 8715 8675)
4(4715 4755 4756 4716)
4(4755 4795 4796 4756)
4(4795 4835 4836 4796)
4(4835 4875 4876 4836)
4(4875 4915 4916 4876)
4(4915 4955 4956 4916)
4(4955 4995 4996 4956)
4(4995 5035 5036 4996)
4(5035 5075 5076 5036)
4(5075 5115 5116 5076)
4(5115 5155 5156 5116)
4(5155 5195 5196 5156)
4(5195 5235 5236 5196)
4(5235 5275 5276 5236)
4(5275 5315 5316 5276)
4(5315 5355 5356 5316)
4(5355 5395 5396 5356)
4(5395 5435 5436 5396)
4(5435 5475 5476 5436)
4(5475 5515 5516 5476)
4(5515 5555 5556 5516)
4(5555 5595 5596 5556)
4(5595 5635 5636 5596)
4(5635 5675 5676 5636)
4(5675 5715 5716 5676)
4(5715 5755 5756 5716)
4(5755 5795 5796 5756)
4(5795 5835 5836 5796)
4(5835 5875 5876 5836)
4(5875 5915 5916 5876)
4(5915 5955 5956 5916)
4(5955 5995 5996 5956)
4(5995 6035 6036 5996)
4(6035 6075 6076 6036)
4(6075 6115 6116 6076)
4(6115 6155 6156 6116)
4(6155 6195 6196 6156)
4(6195 6235 6236 6196)
4(6235 6275 6276 6236)
4(6275 6315 6316 6276)
4(6315 6355 6356 6316)
4(6355 6395 6396 6356)
4(6395 6435 6436 6396)
4(6435 6475 6476 6436)
4(6475 6515 6516 6476)
4(6515 6555 6556 6516)
4(6555 6595 6596 6556)
4(6595 6635 6636 6596)
4(6635 6675 6676 6636)
4(6675 6715 6716 6676)
4(6715 6755 6756 6716)
4(6755 6795 6796 6756)
4(6795 6835 6836 6796)
4(6835 6875 6876 6836)
4(6875 6915 6916 6876)
4(6915 6955 6956 6916)
4(6955 6995 6996 6956)
4(6995 7035 7036 6996)
4(7035 7075 7076 7036)
4(7075 7115 7116 7076)
4(7115 7155 7156 7116)
4(7155 7195 7196 7156)
4(7195 7235 7236 7196)
4(7235 7275 7276 7236)
4(7275 7315 7316 7276)
4(7315 7355 7356 7316)
4(7355 7395 7396 7356)
4(7395 7435 7436 7396)
4(7435 7475 7476 7436)
4(7475 7515 7516 7476)
4(7515 7555 7556 7516)
4(7555 7595 7596 7556)
4(7595 7635 7636 7596)
4(7635 7675 7676 7636)
4(7675 7715 7716 7676)
4(7715 7755 7756 7716)
4(7755 7795 7796 7756)
4(7795 7835 7836 7796)
4(7835 7875 7876 7836)
4(7875 7915 7916 7876)
4(7915 7955 7956 7916)
4(7955 7995 7996 7956)
4(7995 8035 8036 7996)
4(8035 8075 8076 8036)
4(8075 8115 8116 8076)
4(8115 8155 8156 8116)
4(8155 8195 8196 8156)
4(8195 8235 8236 8196)
4(8235 8275 8276 8236)
4(8275 8315 8316 8276)
4(8315 8355 8356 8316)
4(8355 8395 8396 8356)
4(8395 8435 8436 8396)
4(8435 8475 8476 8436)
4(8475 8515 8516 8476)
4(8515 8555 8556 8516)
4(8555 8595 8596 8556)
4(8595 8635 8636 8596)
4(8635 8675 8676 8636)
4(8675 8715 8716 8676)
4(4716 4756 4757 4717)
4(4756 4796 4797 4757)
4(4796 4836 4837 4797)
4(4836 4876 4877 4837)
4(4876 4916 4917 4877)
4(4916 4956 4957 4917)
4(4956 4996 4997 4957)
4(4996 5036 5037 4997)
4(5036 5076 5077 5037)
4(5076 5116 5117 5077)
4(5116 5156 5157 5117)
4(5156 5196 5197 5157)
4(5196 5236 5237 5197)
4(5236 5276 5277 5237)
4(5276 5316 5317 5277)
4(5316 5356 5357 5317)
4(5356 5396 5397 5357)
4(5396 5436 5437 5397)
4(5436 5476 5477 5437)
4(5476 5516 5517 5477)
4(5516 5556 5557 5517)
4(5556 5596 5597 5557)
4(5596 5636 5637 5597)
4(5636 5676 5677 5637)
4(5676 5716 5717 5677)
4(5716 5756 5757 5717)
4(5756 5796 5797 5757)
4(5796 5836 5837 5797)
4(5836 5876 5877 5837)
4(5876 5916 5917 5877)
4(5916 5956 5957 5917)
4(5956 5996 5997 5957)
4(5996 6036 6037 5997)
4(6036 6076 6077 6037)
4(6076 6116 6117 6077)
4(6116 6156 6157 6117)
4(6156 6196 6197 6157)
4(6196 6236 6237 6197)
4(6236 6276 6277 6237)
4(6276 6316 6317 6277)
4(6316 6356 6357 6317)
4(6356 6396 6397 6357)
4(6396 6436 6437 6397)
4(6436 6476 6477 6437)
4(6476 6516 6517 6477)
4(6516 6556 6557 6517)
4(6556 6596 6597 6557)
4(6596 6636 6637 6597)
4(6636 6676 6677 6637)
4(6676 6716 6717 6677)
4(6716 6756 6757 6717)
4(6756 6796 6797 6757)
4(6796 6836 6837 6797)
4(6836 6876 6877 6837)
4(6876 6916 6917 6877)
4(6916 6956 6957 6917)
4(6956 6996 6997 6957)
4(6996 7036 7037 6997)
4(7036 7076 7077 7037)
4(7076 7116 7117 7077)
4(7116 7156 7157 7117)
4(7156 7196 7197 7157)
4(7196 7236 7237 7197)
4(7236 7276 7277 7237)
4(7276 7316 7317 7277)
4(7316 7356 7357 7317)
4(7356 7396 7397 7357)
4(7396 7436 7437 7397)
4(7436 7476 7477 7437)
4(7476 7516 7517 7477)
4(7516 7556 7557 7517)
4(7556 7596 7597 7557)
4(7596 7636 7637 7597)
4(7636 7676 7677 7637)
4(7676 7716 7717 7677)
4(7716 7756 7757 7717)
4(7756 7796 7797 7757)
4(7796 7836 7837 7797)
4(7836 7876 7877 7837)
4(7876 7916 7917 7877)
4(7916 7956 7957 7917)
4(7956 7996 7997 7957)
4(7996 8036 8037 7997)
4(8036 8076 8077 8037)
4(8076 8116 8117 8077)
4(8116 8156 8157 8117)
4(8156 8196 8197 8157)
4(8196 8236 8237 8197)
4(8236 8276 8277 8237)
4(8276 8316 8317 8277)
4(8316 8356 8357 8317)
4(8356 8396 8397 8357)
4(8396 8436 8437 8397)
4(8436 8476 8477 8437)
4(8476 8516 8517 8477)
4(8516 8556 8557 8517)
4(8556 8596 8597 8557)
4(8596 8636 8637 8597)
4(8636 8676 8677 8637)
4(8676 8716 8717 8677)
4(4717 4757 4758 4718)
4(4757 4797 4798 4758)
4(4797 4837 4838 4798)
4(4837 4877 4878 4838)
4(4877 4917 4918 4878)
4(4917 4957 4958 4918)
4(4957 4997 4998 4958)
4(4997 5037 5038 4998)
4(5037 5077 5078 5038)
4(5077 5117 5118 5078)
4(5117 5157 5158 5118)
4(5157 5197 5198 5158)
4(5197 5237 5238 5198)
4(5237 5277 5278 5238)
4(5277 5317 5318 5278)
4(5317 5357 5358 5318)
4(5357 5397 5398 5358)
4(5397 5437 5438 5398)
4(5437 5477 5478 5438)
4(5477 5517 5518 5478)
4(5517 5557 5558 5518)
4(5557 5597 5598 5558)
4(5597 5637 5638 5598)
4(5637 5677 5678 5638)
4(5677 5717 5718 5678)
4(5717 5757 5758 5718)
4(5757 5797 5798 5758)
4(5797 5837 5838 5798)
4(5837 5877 5878 5838)
4(5877 5917 5918 5878)
4(5917 5957 5958 5918)
4(5957 5997 5998 5958)
4(5997 6037 6038 5998)
4(6037 6077 6078 6038)
4(6077 6117 6118 6078)
4(6117 6157 6158 6118)
4(6157 6197 6198 6158)
4(6197 6237 6238 6198)
4(6237 6277 6278 6238)
4(6277 6317 6318 6278)
4(6317 6357 6358 6318)
4(6357 6397 6398 6358)
4(6397 6437 6438 6398)
4(6437 6477 6478 6438)
4(6477 6517 6518 6478)
4(6517 6557 6558 6518)
4(6557 6597 6598 6558)
4(6597 6637 6638 6598)
4(6637 6677 6678 6638)
4(6677 6717 6718 6678)
4(6717 6757 6758 6718)
4(6757 6797 6798 6758)
4(6797 6837 6838 6798)
4(6837 6877 6878 6838)
4(6877 6917 6918 6878)
4(6917 6957 6958 6918)
4(6957 6997 6998 6958)
4(6997 7037 7038 6998)
4(7037 7077 7078 7038)
4(7077 7117 7118 7078)
4(7117 7157 7158 7118)
4(7157 7197 7198 7158)
4(7197 7237 7238 7198)
4(7237 7277 7278 7238)
4(7277 7317 7318 7278)
4(7317 7357 7358 7318)
4(7357 7397 7398 7358)
4(7397 7437 7438 7398)
4(7437 7477 7478 7438)
4(7477 7517 7518 7478)
4(7517 7557 7558 7518)
4(7557 7597 7598 7558)
4(7597 7637 7638 7598)
4(7637 7677 7678 7638)
4(7677 7717 7718 7678)
4(7717 7757 7758 7718)
4(7757 7797 7798 7758)
4(7797 7837 7838 7798)
4(7837 7877 7878 7838)
4(7877 7917 7918 7878)
4(7917 7957 7958 7918)
4(7957 7997 7998 7958)
4(7997 8037 8038 7998)
4(8037 8077 8078 8038)
4(8077 8117 8118 8078)
4(8117 8157 8158 8118)
4(8157 8197 8198 8158)
4(8197 8237 8238 8198)
4(8237 8277 8278 8238)
4(8277 8317 8318 8278)
4(8317 8357 8358 8318)
4(8357 8397 8398 8358)
4(8397 8437 8438 8398)
4(8437 8477 8478 8438)
4(8477 8517 8518 8478)
4(8517 8557 8558 8518)
4(8557 8597 8598 8558)
4(8597 8637 8638 8598)
4(8637 8677 8678 8638)
4(8677 8717 8718 8678)
4(4718 4758 4759 4719)
4(4758 4798 4799 4759)
4(4798 4838 4839 4799)
4(4838 4878 4879 4839)
4(4878 4918 4919 4879)
4(4918 4958 4959 4919)
4(4958 4998 4999 4959)
4(4998 5038 5039 4999)
4(5038 5078 5079 5039)
4(5078 5118 5119 5079)
4(5118 5158 5159 5119)
4(5158 5198 5199 5159)
4(5198 5238 5239 5199)
4(5238 5278 5279 5239)
4(5278 5318 5319 5279)
4(5318 5358 5359 5319)
4(5358 5398 5399 5359)
4(5398 5438 5439 5399)
4(5438 5478 5479 5439)
4(5478 5518 5519 5479)
4(5518 5558 5559 5519)
4(5558 5598 5599 5559)
4(5598 5638 5639 5599)
4(5638 5678 5679 5639)
4(5678 5718 5719 5679)
4(5718 5758 5759 5719)
4(5758 5798 5799 5759)
4(5798 5838 5839 5799)
4(5838 5878 5879 5839)
4(5878 5918 5919 5879)
4(5918 5958 5959 5919)
4(5958 5998 5999 5959)
4(5998 6038 6039 5999)
4(6038 6078 6079 6039)
4(6078 6118 6119 6079)
4(6118 6158 6159 6119)
4(6158 6198 6199 6159)
4(6198 6238 6239 6199)
4(6238 6278 6279 6239)
4(6278 6318 6319 6279)
4(6318 6358 6359 6319)
4(6358 6398 6399 6359)
4(6398 6438 6439 6399)
4(6438 6478 6479 6439)
4(6478 6518 6519 6479)
4(6518 6558 6559 6519)
4(6558 6598 6599 6559)
4(6598 6638 6639 6599)
4(6638 6678 6679 6639)
4(6678 6718 6719 6679)
4(6718 6758 6759 6719)
4(6758 6798 6799 6759)
4(6798 6838 6839 6799)
4(6838 6878 6879 6839)
4(6878 6918 6919 6879)
4(6918 6958 6959 6919)
4(6958 6998 6999 6959)
4(6998 7038 7039 6999)
4(7038 7078 7079 7039)
4(7078 7118 7119 7079)
4(7118 7158 7159 7119)
4(7158 7198 7199 7159)
4(7198 7238 7239 7199)
4(7238 7278 7279 7239)
4(7278 7318 7319 7279)
4(7318 7358 7359 7319)
4(7358 7398 7399 7359)
4(7398 7438 7439 7399)
4(7438 7478 7479 7439)
4(7478 7518 7519 7479)
4(7518 7558 7559 7519)
4(7558 7598 7599 7559)
4(7598 7638 7639 7599)
4(7638 7678 7679 7639)
4(7678 7718 7719 7679)
4(7718 7758 7759 7719)
4(7758 7798 7799 7759)
4(7798 7838 7839 7799)
4(7838 7878 7879 7839)
4(7878 7918 7919 7879)
4(7918 7958 7959 7919)
4(7958 7998 7999 7959)
4(7998 8038 8039 7999)
4(8038 8078 8079 8039)
4(8078 8118 8119 8079)
4(8118 8158 8159 8119)
4(8158 8198 8199 8159)
4(8198 8238 8239 8199)
4(8238 8278 8279 8239)
4(8278 8318 8319 8279)
4(8318 8358 8359 8319)
4(8358 8398 8399 8359)
4(8398 8438 8439 8399)
4(8438 8478 8479 8439)
4(8478 8518 8519 8479)
4(8518 8558 8559 8519)
4(8558 8598 8599 8559)
4(8598 8638 8639 8599)
4(8638 8678 8679 8639)
4(8678 8718 8719 8679)
4(4719 4759 4760 4720)
4(4759 4799 4800 4760)
4(4799 4839 4840 4800)
4(4839 4879 4880 4840)
4(4879 4919 4920 4880)
4(4919 4959 4960 4920)
4(4959 4999 5000 4960)
4(4999 5039 5040 5000)
4(5039 5079 5080 5040)
4(5079 5119 5120 5080)
4(5119 5159 5160 5120)
4(5159 5199 5200 5160)
4(5199 5239 5240 5200)
4(5239 5279 5280 5240)
4(5279 5319 5320 5280)
4(5319 5359 5360 5320)
4(5359 5399 5400 5360)
4(5399 5439 5440 5400)
4(5439 5479 5480 5440)
4(5479 5519 5520 5480)
4(5519 5559 5560 5520)
4(5559 5599 5600 5560)
4(5599 5639 5640 5600)
4(5639 5679 5680 5640)
4(5679 5719 5720 5680)
4(5719 5759 5760 5720)
4(5759 5799 5800 5760)
4(5799 5839 5840 5800)
4(5839 5879 5880 5840)
4(5879 5919 5920 5880)
4(5919 5959 5960 5920)
4(5959 5999 6000 5960)
4(5999 6039 6040 6000)
4(6039 6079 6080 6040)
4(6079 6119 6120 6080)
4(6119 6159 6160 6120)
4(6159 6199 6200 6160)
4(6199 6239 6240 6200)
4(6239 6279 6280 6240)
4(6279 6319 6320 6280)
4(6319 6359 6360 6320)
4(6359 6399 6400 6360)
4(6399 6439 6440 6400)
4(6439 6479 6480 6440)
4(6479 6519 6520 6480)
4(6519 6559 6560 6520)
4(6559 6599 6600 6560)
4(6599 6639 6640 6600)
4(6639 6679 6680 6640)
4(6679 6719 6720 6680)
4(6719 6759 6760 6720)
4(6759 6799 6800 6760)
4(6799 6839 6840 6800)
4(6839 6879 6880 6840)
4(6879 6919 6920 6880)
4(6919 6959 6960 6920)
4(6959 6999 7000 6960)
4(6999 7039 7040 7000)
4(7039 7079 7080 7040)
4(7079 7119 7120 7080)
4(7119 7159 7160 7120)
4(7159 7199 7200 7160)
4(7199 7239 7240 7200)
4(7239 7279 7280 7240)
4(7279 7319 7320 7280)
4(7319 7359 7360 7320)
4(7359 7399 7400 7360)
4(7399 7439 7440 7400)
4(7439 7479 7480 7440)
4(7479 7519 7520 7480)
4(7519 7559 7560 7520)
4(7559 7599 7600 7560)
4(7599 7639 7640 7600)
4(7639 7679 7680 7640)
4(7679 7719 7720 7680)
4(7719 7759 7760 7720)
4(7759 7799 7800 7760)
4(7799 7839 7840 7800)
4(7839 7879 7880 7840)
4(7879 7919 7920 7880)
4(7919 7959 7960 7920)
4(7959 7999 8000 7960)
4(7999 8039 8040 8000)
4(8039 8079 8080 8040)
4(8079 8119 8120 8080)
4(8119 8159 8160 8120)
4(8159 8199 8200 8160)
4(8199 8239 8240 8200)
4(8239 8279 8280 8240)
4(8279 8319 8320 8280)
4(8319 8359 8360 8320)
4(8359 8399 8400 8360)
4(8399 8439 8440 8400)
4(8439 8479 8480 8440)
4(8479 8519 8520 8480)
4(8519 8559 8560 8520)
4(8559 8599 8600 8560)
4(8599 8639 8640 8600)
4(8639 8679 8680 8640)
4(8679 8719 8720 8680)
4(0 1 32 31)
4(31 32 63 62)
4(62 63 94 93)
4(93 94 125 124)
4(124 125 156 155)
4(155 156 187 186)
4(186 187 218 217)
4(217 218 249 248)
4(248 249 280 279)
4(279 280 311 310)
4(310 311 342 341)
4(341 342 373 372)
4(372 373 404 403)
4(403 404 435 434)
4(434 435 466 465)
4(465 466 497 496)
4(496 497 528 527)
4(527 528 559 558)
4(558 559 590 589)
4(589 590 621 620)
4(620 621 652 651)
4(651 652 683 682)
4(682 683 714 713)
4(713 714 745 744)
4(744 745 776 775)
4(775 776 807 806)
4(806 807 838 837)
4(837 838 869 868)
4(868 869 900 899)
4(899 900 931 930)
4(930 931 962 961)
4(961 962 993 992)
4(992 993 1024 1023)
4(1023 1024 1055 1054)
4(1054 1055 1086 1085)
4(1085 1086 1117 1116)
4(1116 1117 1148 1147)
4(1147 1148 1179 1178)
4(1178 1179 1210 1209)
4(1209 1210 1241 1240)
4(1240 1241 1272 1271)
4(1271 1272 1303 1302)
4(1302 1303 1334 1333)
4(1333 1334 1365 1364)
4(1364 1365 1396 1395)
4(1395 1396 1427 1426)
4(1426 1427 1458 1457)
4(1457 1458 1489 1488)
4(1488 1489 1520 1519)
4(1519 1520 1551 1550)
4(1 2 33 32)
4(32 33 64 63)
4(63 64 95 94)
4(94 95 126 125)
4(125 126 157 156)
4(156 157 188 187)
4(187 188 219 218)
4(218 219 250 249)
4(249 250 281 280)
4(280 281 312 311)
4(311 312 343 342)
4(342 343 374 373)
4(373 374 405 404)
4(404 405 436 435)
4(435 436 467 466)
4(466 467 498 497)
4(497 498 529 528)
4(528 529 560 559)
4(559 560 591 590)
4(590 591 622 621)
4(621 622 653 652)
4(652 653 684 683)
4(683 684 715 714)
4(714 715 746 745)
4(745 746 777 776)
4(776 777 808 807)
4(807 808 839 838)
4(838 839 870 869)
4(869 870 901 900)
4(900 901 932 931)
4(931 932 963 962)
4(962 963 994 993)
4(993 994 1025 1024)
4(1024 1025 1056 1055)
4(1055 1056 1087 1086)
4(1086 1087 1118 1117)
4(1117 1118 1149 1148)
4(1148 1149 1180 1179)
4(1179 1180 1211 1210)
4(1210 1211 1242 1241)
4(1241 1242 1273 1272)
4(1272 1273 1304 1303)
4(1303 1304 1335 1334)
4(1334 1335 1366 1365)
4(1365 1366 1397 1396)
4(1396 1397 1428 1427)
4(1427 1428 1459 1458)
4(1458 1459 1490 1489)
4(1489 1490 1521 1520)
4(1520 1521 1552 1551)
4(2 3 34 33)
4(33 34 65 64)
4(64 65 96 95)
4(95 96 127 126)
4(126 127 158 157)
4(157 158 189 188)
4(188 189 220 219)
4(219 220 251 250)
4(250 251 282 281)
4(281 282 313 312)
4(312 313 344 343)
4(343 344 375 374)
4(374 375 406 405)
4(405 406 437 436)
4(436 437 468 467)
4(467 468 499 498)
4(498 499 530 529)
4(529 530 561 560)
4(560 561 592 591)
4(591 592 623 622)
4(622 623 654 653)
4(653 654 685 684)
4(684 685 716 715)
4(715 716 747 746)
4(746 747 778 777)
4(777 778 809 808)
4(808 809 840 839)
4(839 840 871 870)
4(870 871 902 901)
4(901 902 933 932)
4(932 933 964 963)
4(963 964 995 994)
4(994 995 1026 1025)
4(1025 1026 1057 1056)
4(1056 1057 1088 1087)
4(1087 1088 1119 1118)
4(1118 1119 1150 1149)
4(1149 1150 1181 1180)
4(1180 1181 1212 1211)
4(1211 1212 1243 1242)
4(1242 1243 1274 1273)
4(1273 1274 1305 1304)
4(1304 1305 1336 1335)
4(1335 1336 1367 1366)
4(1366 1367 1398 1397)
4(1397 1398 1429 1428)
4(1428 1429 1460 1459)
4(1459 1460 1491 1490)
4(1490 1491 1522 1521)
4(1521 1522 1553 1552)
4(3 4 35 34)
4(34 35 66 65)
4(65 66 97 96)
4(96 97 128 127)
4(127 128 159 158)
4(158 159 190 189)
4(189 190 221 220)
4(220 221 252 251)
4(251 252 283 282)
4(282 283 314 313)
4(313 314 345 344)
4(344 345 376 375)
4(375 376 407 406)
4(406 407 438 437)
4(437 438 469 468)
4(468 469 500 499)
4(499 500 531 530)
4(530 531 562 561)
4(561 562 593 592)
4(592 593 624 623)
4(623 624 655 654)
4(654 655 686 685)
4(685 686 717 716)
4(716 717 748 747)
4(747 748 779 778)
4(778 779 810 809)
4(809 810 841 840)
4(840 841 872 871)
4(871 872 903 902)
4(902 903 934 933)
4(933 934 965 964)
4(964 965 996 995)
4(995 996 1027 1026)
4(1026 1027 1058 1057)
4(1057 1058 1089 1088)
4(1088 1089 1120 1119)
4(1119 1120 1151 1150)
4(1150 1151 1182 1181)
4(1181 1182 1213 1212)
4(1212 1213 1244 1243)
4(1243 1244 1275 1274)
4(1274 1275 1306 1305)
4(1305 1306 1337 1336)
4(1336 1337 1368 1367)
4(1367 1368 1399 1398)
4(1398 1399 1430 1429)
4(1429 1430 1461 1460)
4(1460 1461 1492 1491)
4(1491 1492 1523 1522)
4(1522 1523 1554 1553)
4(4 5 36 35)
4(35 36 67 66)
4(66 67 98 97)
4(97 98 129 128)
4(128 129 160 159)
4(159 160 191 190)
4(190 191 222 221)
4(221 222 253 252)
4(252 253 284 283)
4(283 284 315 314)
4(314 315 346 345)
4(345 346 377 376)
4(376 377 408 407)
4(407 408 439 438)
4(438 439 470 469)
4(469 470 501 500)
4(500 501 532 531)
4(531 532 563 562)
4(562 563 594 593)
4(593 594 625 624)
4(624 625 656 655)
4(655 656 687 686)
4(686 687 718 717)
4(717 718 749 748)
4(748 749 780 779)
4(779 780 811 810)
4(810 811 842 841)
4(841 842 873 872)
4(872 873 904 903)
4(903 904 935 934)
4(934 935 966 965)
4(965 966 997 996)
4(996 997 1028 1027)
4(1027 1028 1059 1058)
4(1058 1059 1090 1089)
4(1089 1090 1121 1120)
4(1120 1121 1152 1151)
4(1151 1152 1183 1182)
4(1182 1183 1214 1213)
4(1213 1214 1245 1244)
4(1244 1245 1276 1275)
4(1275 1276 1307 1306)
4(1306 1307 1338 1337)
4(1337 1338 1369 1368)
4(1368 1369 1400 1399)
4(1399 1400 1431 1430)
4(1430 1431 1462 1461)
4(1461 1462 1493 1492)
4(1492 1493 1524 1523)
4(1523 1524 1555 1554)
4(5 6 37 36)
4(36 37 68 67)
4(67 68 99 98)
4(98 99 130 129)
4(129 130 161 160)
4(160 161 192 191)
4(191 192 223 222)
4(222 223 254 253)
4(253 254 285 284)
4(284 285 316 315)
4(315 316 347 346)
4(346 347 378 377)
4(377 378 409 408)
4(408 409 440 439)
4(439 440 471 470)
4(470 471 502 501)
4(501 502 533 532)
4(532 533 564 563)
4(563 564 595 594)
4(594 595 626 625)
4(625 626 657 656)
4(656 657 688 687)
4(687 688 719 718)
4(718 719 750 749)
4(749 750 781 780)
4(780 781 812 811)
4(811 812 843 842)
4(842 843 874 873)
4(873 874 905 904)
4(904 905 936 935)
4(935 936 967 966)
4(966 967 998 997)
4(997 998 1029 1028)
4(1028 1029 1060 1059)
4(1059 1060 1091 1090)
4(1090 1091 1122 1121)
4(1121 1122 1153 1152)
4(1152 1153 1184 1183)
4(1183 1184 1215 1214)
4(1214 1215 1246 1245)
4(1245 1246 1277 1276)
4(1276 1277 1308 1307)
4(1307 1308 1339 1338)
4(1338 1339 1370 1369)
4(1369 1370 1401 1400)
4(1400 1401 1432 1431)
4(1431 1432 1463 1462)
4(1462 1463 1494 1493)
4(1493 1494 1525 1524)
4(1524 1525 1556 1555)
4(6 7 38 37)
4(37 38 69 68)
4(68 69 100 99)
4(99 100 131 130)
4(130 131 162 161)
4(161 162 193 192)
4(192 193 224 223)
4(223 224 255 254)
4(254 255 286 285)
4(285 286 317 316)
4(316 317 348 347)
4(347 348 379 378)
4(378 379 410 409)
4(409 410 441 440)
4(440 441 472 471)
4(471 472 503 502)
4(502 503 534 533)
4(533 534 565 564)
4(564 565 596 595)
4(595 596 627 626)
4(626 627 658 657)
4(657 658 689 688)
4(688 689 720 719)
4(719 720 751 750)
4(750 751 782 781)
4(781 782 813 812)
4(812 813 844 843)
4(843 844 875 874)
4(874 875 906 905)
4(905 906 937 936)
4(936 937 968 967)
4(967 968 999 998)
4(998 999 1030 1029)
4(1029 1030 1061 1060)
4(1060 1061 1092 1091)
4(1091 1092 1123 1122)
4(1122 1123 1154 1153)
4(1153 1154 1185 1184)
4(1184 1185 1216 1215)
4(1215 1216 1247 1246)
4(1246 1247 1278 1277)
4(1277 1278 1309 1308)
4(1308 1309 1340 1339)
4(1339 1340 1371 1370)
4(1370 1371 1402 1401)
4(1401 1402 1433 1432)
4(1432 1433 1464 1463)
4(1463 1464 1495 1494)
4(1494 1495 1526 1525)
4(1525 1526 1557 1556)
4(7 8 39 38)
4(38 39 70 69)
4(69 70 101 100)
4(100 101 132 131)
4(131 132 163 162)
4(162 163 194 193)
4(193 194 225 224)
4(224 225 256 255)
4(255 256 287 286)
4(286 287 318 317)
4(317 318 349 348)
4(348 349 380 379)
4(379 380 411 410)
4(410 411 442 441)
4(441 442 473 472)
4(472 473 504 503)
4(503 504 535 534)
4(534 535 566 565)
4(565 566 597 596)
4(596 597 628 627)
4(627 628 659 658)
4(658 659 690 689)
4(689 690 721 720)
4(720 721 752 751)
4(751 752 783 782)
4(782 783 814 813)
4(813 814 845 844)
4(844 845 876 875)
4(875 876 907 906)
4(906 907 938 937)
4(937 938 969 968)
4(968 969 1000 999)
4(999 1000 1031 1030)
4(1030 1031 1062 1061)
4(1061 1062 1093 1092)
4(1092 1093 1124 1123)
4(1123 1124 1155 1154)
4(1154 1155 1186 1185)
4(1185 1186 1217 1216)
4(1216 1217 1248 1247)
4(1247 1248 1279 1278)
4(1278 1279 1310 1309)
4(1309 1310 1341 1340)
4(1340 1341 1372 1371)
4(1371 1372 1403 1402)
4(1402 1403 1434 1433)
4(1433 1434 1465 1464)
4(1464 1465 1496 1495)
4(1495 1496 1527 1526)
4(1526 1527 1558 1557)
4(8 9 40 39)
4(39 40 71 70)
4(70 71 102 101)
4(101 102 133 132)
4(132 133 164 163)
4(163 164 195 194)
4(194 195 226 225)
4(225 226 257 256)
4(256 257 288 287)
4(287 288 319 318)
4(318 319 350 349)
4(349 350 381 380)
4(380 381 412 411)
4(411 412 443 442)
4(442 443 474 473)
4(473 474 505 504)
4(504 505 536 535)
4(535 536 567 566)
4(566 567 598 597)
4(597 598 629 628)
4(628 629 660 659)
4(659 660 691 690)
4(690 691 722 721)
4(721 722 753 752)
4(752 753 784 783)
4(783 784 815 814)
4(814 815 846 845)
4(845 846 877 876)
4(876 877 908 907)
4(907 908 939 938)
4(938 939 970 969)
4(969 970 1001 1000)
4(1000 1001 1032 1031)
4(1031 1032 1063 1062)
4(1062 1063 1094 1093)
4(1093 1094 1125 1124)
4(1124 1125 1156 1155)
4(1155 1156 1187 1186)
4(1186 1187 1218 1217)
4(1217 1218 1249 1248)
4(1248 1249 1280 1279)
4(1279 1280 1311 1310)
4(1310 1311 1342 1341)
4(1341 1342 1373 1372)
4(1372 1373 1404 1403)
4(1403 1404 1435 1434)
4(1434 1435 1466 1465)
4(1465 1466 1497 1496)
4(1496 1497 1528 1527)
4(1527 1528 1559 1558)
4(9 10 41 40)
4(40 41 72 71)
4(71 72 103 102)
4(102 103 134 133)
4(133 134 165 164)
4(164 165 196 195)
4(195 196 227 226)
4(226 227 258 257)
4(257 258 289 288)
4(288 289 320 319)
4(319 320 351 350)
4(350 351 382 381)
4(381 382 413 412)
4(412 413 444 443)
4(443 444 475 474)
4(474 475 506 505)
4(505 506 537 536)
4(536 537 568 567)
4(567 568 599 598)
4(598 599 630 629)
4(629 630 661 660)
4(660 661 692 691)
4(691 692 723 722)
4(722 723 754 753)
4(753 754 785 784)
4(784 785 816 815)
4(815 816 847 846)
4(846 847 878 877)
4(877 878 909 908)
4(908 909 940 939)
4(939 940 971 970)
4(970 971 1002 1001)
4(1001 1002 1033 1032)
4(1032 1033 1064 1063)
4(1063 1064 1095 1094)
4(1094 1095 1126 1125)
4(1125 1126 1157 1156)
4(1156 1157 1188 1187)
4(1187 1188 1219 1218)
4(1218 1219 1250 1249)
4(1249 1250 1281 1280)
4(1280 1281 1312 1311)
4(1311 1312 1343 1342)
4(1342 1343 1374 1373)
4(1373 1374 1405 1404)
4(1404 1405 1436 1435)
4(1435 1436 1467 1466)
4(1466 1467 1498 1497)
4(1497 1498 1529 1528)
4(1528 1529 1560 1559)
4(10 11 42 41)
4(41 42 73 72)
4(72 73 104 103)
4(103 104 135 134)
4(134 135 166 165)
4(165 166 197 196)
4(196 197 228 227)
4(227 228 259 258)
4(258 259 290 289)
4(289 290 321 320)
4(320 321 352 351)
4(351 352 383 382)
4(382 383 414 413)
4(413 414 445 444)
4(444 445 476 475)
4(475 476 507 506)
4(506 507 538 537)
4(537 538 569 568)
4(568 569 600 599)
4(599 600 631 630)
4(630 631 662 661)
4(661 662 693 692)
4(692 693 724 723)
4(723 724 755 754)
4(754 755 786 785)
4(785 786 817 816)
4(816 817 848 847)
4(847 848 879 878)
4(878 879 910 909)
4(909 910 941 940)
4(940 941 972 971)
4(971 972 1003 1002)
4(1002 1003 1034 1033)
4(1033 1034 1065 1064)
4(1064 1065 1096 1095)
4(1095 1096 1127 1126)
4(1126 1127 1158 1157)
4(1157 1158 1189 1188)
4(1188 1189 1220 1219)
4(1219 1220 1251 1250)
4(1250 1251 1282 1281)
4(1281 1282 1313 1312)
4(1312 1313 1344 1343)
4(1343 1344 1375 1374)
4(1374 1375 1406 1405)
4(1405 1406 1437 1436)
4(1436 1437 1468 1467)
4(1467 1468 1499 1498)
4(1498 1499 1530 1529)
4(1529 1530 1561 1560)
4(11 12 43 42)
4(42 43 74 73)
4(73 74 105 104)
4(104 105 136 135)
4(135 136 167 166)
4(166 167 198 197)
4(197 198 229 228)
4(228 229 260 259)
4(259 260 291 290)
4(290 291 322 321)
4(321 322 353 352)
4(352 353 384 383)
4(383 384 415 414)
4(414 415 446 445)
4(445 446 477 476)
4(476 477 508 507)
4(507 508 539 538)
4(538 539 570 569)
4(569 570 601 600)
4(600 601 632 631)
4(631 632 663 662)
4(662 663 694 693)
4(693 694 725 724)
4(724 725 756 755)
4(755 756 787 786)
4(786 787 818 817)
4(817 818 849 848)
4(848 849 880 879)
4(879 880 911 910)
4(910 911 942 941)
4(941 942 973 972)
4(972 973 1004 1003)
4(1003 1004 1035 1034)
4(1034 1035 1066 1065)
4(1065 1066 1097 1096)
4(1096 1097 1128 1127)
4(1127 1128 1159 1158)
4(1158 1159 1190 1189)
4(1189 1190 1221 1220)
4(1220 1221 1252 1251)
4(1251 1252 1283 1282)
4(1282 1283 1314 1313)
4(1313 1314 1345 1344)
4(1344 1345 1376 1375)
4(1375 1376 1407 1406)
4(1406 1407 1438 1437)
4(1437 1438 1469 1468)
4(1468 1469 1500 1499)
4(1499 1500 1531 1530)
4(1530 1531 1562 1561)
4(12 13 44 43)
4(43 44 75 74)
4(74 75 106 105)
4(105 106 137 136)
4(136 137 168 167)
4(167 168 199 198)
4(198 199 230 229)
4(229 230 261 260)
4(260 261 292 291)
4(291 292 323 322)
4(322 323 354 353)
4(353 354 385 384)
4(384 385 416 415)
4(415 416 447 446)
4(446 447 478 477)
4(477 478 509 508)
4(508 509 540 539)
4(539 540 571 570)
4(570 571 602 601)
4(601 602 633 632)
4(632 633 664 663)
4(663 664 695 694)
4(694 695 726 725)
4(725 726 757 756)
4(756 757 788 787)
4(787 788 819 818)
4(818 819 850 849)
4(849 850 881 880)
4(880 881 912 911)
4(911 912 943 942)
4(942 943 974 973)
4(973 974 1005 1004)
4(1004 1005 1036 1035)
4(1035 1036 1067 1066)
4(1066 1067 1098 1097)
4(1097 1098 1129 1128)
4(1128 1129 1160 1159)
4(1159 1160 1191 1190)
4(1190 1191 1222 1221)
4(1221 1222 1253 1252)
4(1252 1253 1284 1283)
4(1283 1284 1315 1314)
4(1314 1315 1346 1345)
4(1345 1346 1377 1376)
4(1376 1377 1408 1407)
4(1407 1408 1439 1438)
4(1438 1439 1470 1469)
4(1469 1470 1501 1500)
4(1500 1501 1532 1531)
4(1531 1532 1563 1562)
4(13 14 45 44)
4(44 45 76 75)
4(75 76 107 106)
4(106 107 138 137)
4(137 138 169 168)
4(168 169 200 199)
4(199 200 231 230)
4(230 231 262 261)
4(261 262 293 292)
4(292 293 324 323)
4(323 324 355 354)
4(354 355 386 385)
4(385 386 417 416)
4(416 417 448 447)
4(447 448 479 478)
4(478 479 510 509)
4(509 510 541 540)
4(540 541 572 571)
4(571 572 603 602)
4(602 603 634 633)
4(633 634 665 664)
4(664 665 696 695)
4(695 696 727 726)
4(726 727 758 757)
4(757 758 789 788)
4(788 789 820 819)
4(819 820 851 850)
4(850 851 882 881)
4(881 882 913 912)
4(912 913 944 943)
4(943 944 975 974)
4(974 975 1006 1005)
4(1005 1006 1037 1036)
4(1036 1037 1068 1067)
4(1067 1068 1099 1098)
4(1098 1099 1130 1129)
4(1129 1130 1161 1160)
4(1160 1161 1192 1191)
4(1191 1192 1223 1222)
4(1222 1223 1254 1253)
4(1253 1254 1285 1284)
4(1284 1285 1316 1315)
4(1315 1316 1347 1346)
4(1346 1347 1378 1377)
4(1377 1378 1409 1408)
4(1408 1409 1440 1439)
4(1439 1440 1471 1470)
4(1470 1471 1502 1501)
4(1501 1502 1533 1532)
4(1532 1533 1564 1563)
4(14 15 46 45)
4(45 46 77 76)
4(76 77 108 107)
4(107 108 139 138)
4(138 139 170 169)
4(169 170 201 200)
4(200 201 232 231)
4(231 232 263 262)
4(262 263 294 293)
4(293 294 325 324)
4(324 325 356 355)
4(355 356 387 386)
4(386 387 418 417)
4(417 418 449 448)
4(448 449 480 479)
4(479 480 511 510)
4(510 511 542 541)
4(541 542 573 572)
4(572 573 604 603)
4(603 604 635 634)
4(634 635 666 665)
4(665 666 697 696)
4(696 697 728 727)
4(727 728 759 758)
4(758 759 790 789)
4(789 790 821 820)
4(820 821 852 851)
4(851 852 883 882)
4(882 883 914 913)
4(913 914 945 944)
4(944 945 976 975)
4(975 976 1007 1006)
4(1006 1007 1038 1037)
4(1037 1038 1069 1068)
4(1068 1069 1100 1099)
4(1099 1100 1131 1130)
4(1130 1131 1162 1161)
4(1161 1162 1193 1192)
4(1192 1193 1224 1223)
4(1223 1224 1255 1254)
4(1254 1255 1286 1285)
4(1285 1286 1317 1316)
4(1316 1317 1348 1347)
4(1347 1348 1379 1378)
4(1378 1379 1410 1409)
4(1409 1410 1441 1440)
4(1440 1441 1472 1471)
4(1471 1472 1503 1502)
4(1502 1503 1534 1533)
4(1533 1534 1565 1564)
4(1550 1551 1582 1581)
4(1581 1582 1613 1612)
4(1612 1613 1644 1643)
4(1643 1644 1675 1674)
4(1674 1675 1706 1705)
4(1705 1706 1737 1736)
4(1736 1737 1768 1767)
4(1767 1768 1799 1798)
4(1798 1799 1830 1829)
4(1829 1830 1861 1860)
4(1860 1861 1892 1891)
4(1891 1892 1923 1922)
4(1922 1923 1954 1953)
4(1953 1954 1985 1984)
4(1984 1985 2016 2015)
4(2015 2016 2047 2046)
4(2046 2047 2078 2077)
4(2077 2078 2109 2108)
4(2108 2109 2140 2139)
4(2139 2140 2171 2170)
4(2170 2171 2202 2201)
4(2201 2202 2233 2232)
4(2232 2233 2264 2263)
4(2263 2264 2295 2294)
4(2294 2295 2326 2325)
4(2325 2326 2357 2356)
4(2356 2357 2388 2387)
4(2387 2388 2419 2418)
4(2418 2419 2450 2449)
4(2449 2450 2481 2480)
4(2480 2481 2512 2511)
4(2511 2512 2543 2542)
4(2542 2543 2574 2573)
4(2573 2574 2605 2604)
4(2604 2605 2636 2635)
4(2635 2636 2667 2666)
4(2666 2667 2698 2697)
4(2697 2698 2729 2728)
4(2728 2729 2760 2759)
4(2759 2760 2791 2790)
4(2790 2791 2822 2821)
4(2821 2822 2853 2852)
4(2852 2853 2884 2883)
4(2883 2884 2915 2914)
4(2914 2915 2946 2945)
4(2945 2946 2977 2976)
4(2976 2977 3008 3007)
4(3007 3008 3039 3038)
4(3038 3039 3070 3069)
4(3069 3070 3101 3100)
4(3100 3101 3132 3131)
4(3131 3132 3163 3162)
4(3162 3163 3194 3193)
4(3193 3194 3225 3224)
4(3224 3225 3256 3255)
4(3255 3256 3287 3286)
4(3286 3287 3318 3317)
4(3317 3318 3349 3348)
4(3348 3349 3380 3379)
4(3379 3380 3411 3410)
4(3410 3411 3442 3441)
4(3441 3442 3473 3472)
4(3472 3473 3504 3503)
4(3503 3504 3535 3534)
4(3534 3535 3566 3565)
4(3565 3566 3597 3596)
4(3596 3597 3628 3627)
4(3627 3628 3659 3658)
4(3658 3659 3690 3689)
4(3689 3690 3721 3720)
4(3720 3721 3752 3751)
4(3751 3752 3783 3782)
4(3782 3783 3814 3813)
4(3813 3814 3845 3844)
4(3844 3845 3876 3875)
4(3875 3876 3907 3906)
4(3906 3907 3938 3937)
4(3937 3938 3969 3968)
4(3968 3969 4000 3999)
4(3999 4000 4031 4030)
4(4030 4031 4062 4061)
4(4061 4062 4093 4092)
4(4092 4093 4124 4123)
4(4123 4124 4155 4154)
4(4154 4155 4186 4185)
4(4185 4186 4217 4216)
4(4216 4217 4248 4247)
4(4247 4248 4279 4278)
4(4278 4279 4310 4309)
4(4309 4310 4341 4340)
4(4340 4341 4372 4371)
4(4371 4372 4403 4402)
4(4402 4403 4434 4433)
4(4433 4434 4465 4464)
4(4464 4465 4496 4495)
4(4495 4496 4527 4526)
4(4526 4527 4558 4557)
4(4557 4558 4589 4588)
4(4588 4589 4620 4619)
4(4619 4620 4651 4650)
4(1551 1552 1583 1582)
4(1582 1583 1614 1613)
4(1613 1614 1645 1644)
4(1644 1645 1676 1675)
4(1675 1676 1707 1706)
4(1706 1707 1738 1737)
4(1737 1738 1769 1768)
4(1768 1769 1800 1799)
4(1799 1800 1831 1830)
4(1830 1831 1862 1861)
4(1861 1862 1893 1892)
4(1892 1893 1924 1923)
4(1923 1924 1955 1954)
4(1954 1955 1986 1985)
4(1985 1986 2017 2016)
4(2016 2017 2048 2047)
4(2047 2048 2079 2078)
4(2078 2079 2110 2109)
4(2109 2110 2141 2140)
4(2140 2141 2172 2171)
4(2171 2172 2203 2202)
4(2202 2203 2234 2233)
4(2233 2234 2265 2264)
4(2264 2265 2296 2295)
4(2295 2296 2327 2326)
4(2326 2327 2358 2357)
4(2357 2358 2389 2388)
4(2388 2389 2420 2419)
4(2419 2420 2451 2450)
4(2450 2451 2482 2481)
4(2481 2482 2513 2512)
4(2512 2513 2544 2543)
4(2543 2544 2575 2574)
4(2574 2575 2606 2605)
4(2605 2606 2637 2636)
4(2636 2637 2668 2667)
4(2667 2668 2699 2698)
4(2698 2699 2730 2729)
4(2729 2730 2761 2760)
4(2760 2761 2792 2791)
4(2791 2792 2823 2822)
4(2822 2823 2854 2853)
4(2853 2854 2885 2884)
4(2884 2885 2916 2915)
4(2915 2916 2947 2946)
4(2946 2947 2978 2977)
4(2977 2978 3009 3008)
4(3008 3009 3040 3039)
4(3039 3040 3071 3070)
4(3070 3071 3102 3101)
4(3101 3102 3133 3132)
4(3132 3133 3164 3163)
4(3163 3164 3195 3194)
4(3194 3195 3226 3225)
4(3225 3226 3257 3256)
4(3256 3257 3288 3287)
4(3287 3288 3319 3318)
4(3318 3319 3350 3349)
4(3349 3350 3381 3380)
4(3380 3381 3412 3411)
4(3411 3412 3443 3442)
4(3442 3443 3474 3473)
4(3473 3474 3505 3504)
4(3504 3505 3536 3535)
4(3535 3536 3567 3566)
4(3566 3567 3598 3597)
4(3597 3598 3629 3628)
4(3628 3629 3660 3659)
4(3659 3660 3691 3690)
4(3690 3691 3722 3721)
4(3721 3722 3753 3752)
4(3752 3753 3784 3783)
4(3783 3784 3815 3814)
4(3814 3815 3846 3845)
4(3845 3846 3877 3876)
4(3876 3877 3908 3907)
4(3907 3908 3939 3938)
4(3938 3939 3970 3969)
4(3969 3970 4001 4000)
4(4000 4001 4032 4031)
4(4031 4032 4063 4062)
4(4062 4063 4094 4093)
4(4093 4094 4125 4124)
4(4124 4125 4156 4155)
4(4155 4156 4187 4186)
4(4186 4187 4218 4217)
4(4217 4218 4249 4248)
4(4248 4249 4280 4279)
4(4279 4280 4311 4310)
4(4310 4311 4342 4341)
4(4341 4342 4373 4372)
4(4372 4373 4404 4403)
4(4403 4404 4435 4434)
4(4434 4435 4466 4465)
4(4465 4466 4497 4496)
4(4496 4497 4528 4527)
4(4527 4528 4559 4558)
4(4558 4559 4590 4589)
4(4589 4590 4621 4620)
4(4620 4621 4652 4651)
4(1552 1553 1584 1583)
4(1583 1584 1615 1614)
4(1614 1615 1646 1645)
4(1645 1646 1677 1676)
4(1676 1677 1708 1707)
4(1707 1708 1739 1738)
4(1738 1739 1770 1769)
4(1769 1770 1801 1800)
4(1800 1801 1832 1831)
4(1831 1832 1863 1862)
4(1862 1863 1894 1893)
4(1893 1894 1925 1924)
4(1924 1925 1956 1955)
4(1955 1956 1987 1986)
4(1986 1987 2018 2017)
4(2017 2018 2049 2048)
4(2048 2049 2080 2079)
4(2079 2080 2111 2110)
4(2110 2111 2142 2141)
4(2141 2142 2173 2172)
4(2172 2173 2204 2203)
4(2203 2204 2235 2234)
4(2234 2235 2266 2265)
4(2265 2266 2297 2296)
4(2296 2297 2328 2327)
4(2327 2328 2359 2358)
4(2358 2359 2390 2389)
4(2389 2390 2421 2420)
4(2420 2421 2452 2451)
4(2451 2452 2483 2482)
4(2482 2483 2514 2513)
4(2513 2514 2545 2544)
4(2544 2545 2576 2575)
4(2575 2576 2607 2606)
4(2606 2607 2638 2637)
4(2637 2638 2669 2668)
4(2668 2669 2700 2699)
4(2699 2700 2731 2730)
4(2730 2731 2762 2761)
4(2761 2762 2793 2792)
4(2792 2793 2824 2823)
4(2823 2824 2855 2854)
4(2854 2855 2886 2885)
4(2885 2886 2917 2916)
4(2916 2917 2948 2947)
4(2947 2948 2979 2978)
4(2978 2979 3010 3009)
4(3009 3010 3041 3040)
4(3040 3041 3072 3071)
4(3071 3072 3103 3102)
4(3102 3103 3134 3133)
4(3133 3134 3165 3164)
4(3164 3165 3196 3195)
4(3195 3196 3227 3226)
4(3226 3227 3258 3257)
4(3257 3258 3289 3288)
4(3288 3289 3320 3319)
4(3319 3320 3351 3350)
4(3350 3351 3382 3381)
4(3381 3382 3413 3412)
4(3412 3413 3444 3443)
4(3443 3444 3475 3474)
4(3474 3475 3506 3505)
4(3505 3506 3537 3536)
4(3536 3537 3568 3567)
4(3567 3568 3599 3598)
4(3598 3599 3630 3629)
4(3629 3630 3661 3660)
4(3660 3661 3692 3691)
4(3691 3692 3723 3722)
4(3722 3723 3754 3753)
4(3753 3754 3785 3784)
4(3784 3785 3816 3815)
4(3815 3816 3847 3846)
4(3846 3847 3878 3877)
4(3877 3878 3909 3908)
4(3908 3909 3940 3939)
4(3939 3940 3971 3970)
4(3970 3971 4002 4001)
4(4001 4002 4033 4032)
4(4032 4033 4064 4063)
4(4063 4064 4095 4094)
4(4094 4095 4126 4125)
4(4125 4126 4157 4156)
4(4156 4157 4188 4187)
4(4187 4188 4219 4218)
4(4218 4219 4250 4249)
4(4249 4250 4281 4280)
4(4280 4281 4312 4311)
4(4311 4312 4343 4342)
4(4342 4343 4374 4373)
4(4373 4374 4405 4404)
4(4404 4405 4436 4435)
4(4435 4436 4467 4466)
4(4466 4467 4498 4497)
4(4497 4498 4529 4528)
4(4528 4529 4560 4559)
4(4559 4560 4591 4590)
4(4590 4591 4622 4621)
4(4621 4622 4653 4652)
4(1553 1554 1585 1584)
4(1584 1585 1616 1615)
4(1615 1616 1647 1646)
4(1646 1647 1678 1677)
4(1677 1678 1709 1708)
4(1708 1709 1740 1739)
4(1739 1740 1771 1770)
4(1770 1771 1802 1801)
4(1801 1802 1833 1832)
4(1832 1833 1864 1863)
4(1863 1864 1895 1894)
4(1894 1895 1926 1925)
4(1925 1926 1957 1956)
4(1956 1957 1988 1987)
4(1987 1988 2019 2018)
4(2018 2019 2050 2049)
4(2049 2050 2081 2080)
4(2080 2081 2112 2111)
4(2111 2112 2143 2142)
4(2142 2143 2174 2173)
4(2173 2174 2205 2204)
4(2204 2205 2236 2235)
4(2235 2236 2267 2266)
4(2266 2267 2298 2297)
4(2297 2298 2329 2328)
4(2328 2329 2360 2359)
4(2359 2360 2391 2390)
4(2390 2391 2422 2421)
4(2421 2422 2453 2452)
4(2452 2453 2484 2483)
4(2483 2484 2515 2514)
4(2514 2515 2546 2545)
4(2545 2546 2577 2576)
4(2576 2577 2608 2607)
4(2607 2608 2639 2638)
4(2638 2639 2670 2669)
4(2669 2670 2701 2700)
4(2700 2701 2732 2731)
4(2731 2732 2763 2762)
4(2762 2763 2794 2793)
4(2793 2794 2825 2824)
4(2824 2825 2856 2855)
4(2855 2856 2887 2886)
4(2886 2887 2918 2917)
4(2917 2918 2949 2948)
4(2948 2949 2980 2979)
4(2979 2980 3011 3010)
4(3010 3011 3042 3041)
4(3041 3042 3073 3072)
4(3072 3073 3104 3103)
4(3103 3104 3135 3134)
4(3134 3135 3166 3165)
4(3165 3166 3197 3196)
4(3196 3197 3228 3227)
4(3227 3228 3259 3258)
4(3258 3259 3290 3289)
4(3289 3290 3321 3320)
4(3320 3321 3352 3351)
4(3351 3352 3383 3382)
4(3382 3383 3414 3413)
4(3413 3414 3445 3444)
4(3444 3445 3476 3475)
4(3475 3476 3507 3506)
4(3506 3507 3538 3537)
4(3537 3538 3569 3568)
4(3568 3569 3600 3599)
4(3599 3600 3631 3630)
4(3630 3631 3662 3661)
4(3661 3662 3693 3692)
4(3692 3693 3724 3723)
4(3723 3724 3755 3754)
4(3754 3755 3786 3785)
4(3785 3786 3817 3816)
4(3816 3817 3848 3847)
4(3847 3848 3879 3878)
4(3878 3879 3910 3909)
4(3909 3910 3941 3940)
4(3940 3941 3972 3971)
4(3971 3972 4003 4002)
4(4002 4003 4034 4033)
4(4033 4034 4065 4064)
4(4064 4065 4096 4095)
4(4095 4096 4127 4126)
4(4126 4127 4158 4157)
4(4157 4158 4189 4188)
4(4188 4189 4220 4219)
4(4219 4220 4251 4250)
4(4250 4251 4282 4281)
4(4281 4282 4313 4312)
4(4312 4313 4344 4343)
4(4343 4344 4375 4374)
4(4374 4375 4406 4405)
4(4405 4406 4437 4436)
4(4436 4437 4468 4467)
4(4467 4468 4499 4498)
4(4498 4499 4530 4529)
4(4529 4530 4561 4560)
4(4560 4561 4592 4591)
4(4591 4592 4623 4622)
4(4622 4623 4654 4653)
4(1554 1555 1586 1585)
4(1585 1586 1617 1616)
4(1616 1617 1648 1647)
4(1647 1648 1679 1678)
4(1678 1679 1710 1709)
4(1709 1710 1741 1740)
4(1740 1741 1772 1771)
4(1771 1772 1803 1802)
4(1802 1803 1834 1833)
4(1833 1834 1865 1864)
4(1864 1865 1896 1895)
4(1895 1896 1927 1926)
4(1926 1927 1958 1957)
4(1957 1958 1989 1988)
4(1988 1989 2020 2019)
4(2019 2020 2051 2050)
4(2050 2051 2082 2081)
4(2081 2082 2113 2112)
4(2112 2113 2144 2143)
4(2143 2144 2175 2174)
4(2174 2175 2206 2205)
4(2205 2206 2237 2236)
4(2236 2237 2268 2267)
4(2267 2268 2299 2298)
4(2298 2299 2330 2329)
4(2329 2330 2361 2360)
4(2360 2361 2392 2391)
4(2391 2392 2423 2422)
4(2422 2423 2454 2453)
4(2453 2454 2485 2484)
4(2484 2485 2516 2515)
4(2515 2516 2547 2546)
4(2546 2547 2578 2577)
4(2577 2578 2609 2608)
4(2608 2609 2640 2639)
4(2639 2640 2671 2670)
4(2670 2671 2702 2701)
4(2701 2702 2733 2732)
4(2732 2733 2764 2763)
4(2763 2764 2795 2794)
4(2794 2795 2826 2825)
4(2825 2826 2857 2856)
4(2856 2857 2888 2887)
4(2887 2888 2919 2918)
4(2918 2919 2950 2949)
4(2949 2950 2981 2980)
4(2980 2981 3012 3011)
4(3011 3012 3043 3042)
4(3042 3043 3074 3073)
4(3073 3074 3105 3104)
4(3104 3105 3136 3135)
4(3135 3136 3167 3166)
4(3166 3167 3198 3197)
4(3197 3198 3229 3228)
4(3228 3229 3260 3259)
4(3259 3260 3291 3290)
4(3290 3291 3322 3321)
4(3321 3322 3353 3352)
4(3352 3353 3384 3383)
4(3383 3384 3415 3414)
4(3414 3415 3446 3445)
4(3445 3446 3477 3476)
4(3476 3477 3508 3507)
4(3507 3508 3539 3538)
4(3538 3539 3570 3569)
4(3569 3570 3601 3600)
4(3600 3601 3632 3631)
4(3631 3632 3663 3662)
4(3662 3663 3694 3693)
4(3693 3694 3725 3724)
4(3724 3725 3756 3755)
4(3755 3756 3787 3786)
4(3786 3787 3818 3817)
4(3817 3818 3849 3848)
4(3848 3849 3880 3879)
4(3879 3880 3911 3910)
4(3910 3911 3942 3941)
4(3941 3942 3973 3972)
4(3972 3973 4004 4003)
4(4003 4004 4035 4034)
4(4034 4035 4066 4065)
4(4065 4066 4097 4096)
4(4096 4097 4128 4127)
4(4127 4128 4159 4158)
4(4158 4159 4190 4189)
4(4189 4190 4221 4220)
4(4220 4221 4252 4251)
4(4251 4252 4283 4282)
4(4282 4283 4314 4313)
4(4313 4314 4345 4344)
4(4344 4345 4376 4375)
4(4375 4376 4407 4406)
4(4406 4407 4438 4437)
4(4437 4438 4469 4468)
4(4468 4469 4500 4499)
4(4499 4500 4531 4530)
4(4530 4531 4562 4561)
4(4561 4562 4593 4592)
4(4592 4593 4624 4623)
4(4623 4624 4655 4654)
4(1555 1556 1587 1586)
4(1586 1587 1618 1617)
4(1617 1618 1649 1648)
4(1648 1649 1680 1679)
4(1679 1680 1711 1710)
4(1710 1711 1742 1741)
4(1741 1742 1773 1772)
4(1772 1773 1804 1803)
4(1803 1804 1835 1834)
4(1834 1835 1866 1865)
4(1865 1866 1897 1896)
4(1896 1897 1928 1927)
4(1927 1928 1959 1958)
4(1958 1959 1990 1989)
4(1989 1990 2021 2020)
4(2020 2021 2052 2051)
4(2051 2052 2083 2082)
4(2082 2083 2114 2113)
4(2113 2114 2145 2144)
4(2144 2145 2176 2175)
4(2175 2176 2207 2206)
4(2206 2207 2238 2237)
4(2237 2238 2269 2268)
4(2268 2269 2300 2299)
4(2299 2300 2331 2330)
4(2330 2331 2362 2361)
4(2361 2362 2393 2392)
4(2392 2393 2424 2423)
4(2423 2424 2455 2454)
4(2454 2455 2486 2485)
4(2485 2486 2517 2516)
4(2516 2517 2548 2547)
4(2547 2548 2579 2578)
4(2578 2579 2610 2609)
4(2609 2610 2641 2640)
4(2640 2641 2672 2671)
4(2671 2672 2703 2702)
4(2702 2703 2734 2733)
4(2733 2734 2765 2764)
4(2764 2765 2796 2795)
4(2795 2796 2827 2826)
4(2826 2827 2858 2857)
4(2857 2858 2889 2888)
4(2888 2889 2920 2919)
4(2919 2920 2951 2950)
4(2950 2951 2982 2981)
4(2981 2982 3013 3012)
4(3012 3013 3044 3043)
4(3043 3044 3075 3074)
4(3074 3075 3106 3105)
4(3105 3106 3137 3136)
4(3136 3137 3168 3167)
4(3167 3168 3199 3198)
4(3198 3199 3230 3229)
4(3229 3230 3261 3260)
4(3260 3261 3292 3291)
4(3291 3292 3323 3322)
4(3322 3323 3354 3353)
4(3353 3354 3385 3384)
4(3384 3385 3416 3415)
4(3415 3416 3447 3446)
4(3446 3447 3478 3477)
4(3477 3478 3509 3508)
4(3508 3509 3540 3539)
4(3539 3540 3571 3570)
4(3570 3571 3602 3601)
4(3601 3602 3633 3632)
4(3632 3633 3664 3663)
4(3663 3664 3695 3694)
4(3694 3695 3726 3725)
4(3725 3726 3757 3756)
4(3756 3757 3788 3787)
4(3787 3788 3819 3818)
4(3818 3819 3850 3849)
4(3849 3850 3881 3880)
4(3880 3881 3912 3911)
4(3911 3912 3943 3942)
4(3942 3943 3974 3973)
4(3973 3974 4005 4004)
4(4004 4005 4036 4035)
4(4035 4036 4067 4066)
4(4066 4067 4098 4097)
4(4097 4098 4129 4128)
4(4128 4129 4160 4159)
4(4159 4160 4191 4190)
4(4190 4191 4222 4221)
4(4221 4222 4253 4252)
4(4252 4253 4284 4283)
4(4283 4284 4315 4314)
4(4314 4315 4346 4345)
4(4345 4346 4377 4376)
4(4376 4377 4408 4407)
4(4407 4408 4439 4438)
4(4438 4439 4470 4469)
4(4469 4470 4501 4500)
4(4500 4501 4532 4531)
4(4531 4532 4563 4562)
4(4562 4563 4594 4593)
4(4593 4594 4625 4624)
4(4624 4625 4656 4655)
4(1556 1557 1588 1587)
4(1587 1588 1619 1618)
4(1618 1619 1650 1649)
4(1649 1650 1681 1680)
4(1680 1681 1712 1711)
4(1711 1712 1743 1742)
4(1742 1743 1774 1773)
4(1773 1774 1805 1804)
4(1804 1805 1836 1835)
4(1835 1836 1867 1866)
4(1866 1867 1898 1897)
4(1897 1898 1929 1928)
4(1928 1929 1960 1959)
4(1959 1960 1991 1990)
4(1990 1991 2022 2021)
4(2021 2022 2053 2052)
4(2052 2053 2084 2083)
4(2083 2084 2115 2114)
4(2114 2115 2146 2145)
4(2145 2146 2177 2176)
4(2176 2177 2208 2207)
4(2207 2208 2239 2238)
4(2238 2239 2270 2269)
4(2269 2270 2301 2300)
4(2300 2301 2332 2331)
4(2331 2332 2363 2362)
4(2362 2363 2394 2393)
4(2393 2394 2425 2424)
4(2424 2425 2456 2455)
4(2455 2456 2487 2486)
4(2486 2487 2518 2517)
4(2517 2518 2549 2548)
4(2548 2549 2580 2579)
4(2579 2580 2611 2610)
4(2610 2611 2642 2641)
4(2641 2642 2673 2672)
4(2672 2673 2704 2703)
4(2703 2704 2735 2734)
4(2734 2735 2766 2765)
4(2765 2766 2797 2796)
4(2796 2797 2828 2827)
4(2827 2828 2859 2858)
4(2858 2859 2890 2889)
4(2889 2890 2921 2920)
4(2920 2921 2952 2951)
4(2951 2952 2983 2982)
4(2982 2983 3014 3013)
4(3013 3014 3045 3044)
4(3044 3045 3076 3075)
4(3075 3076 3107 3106)
4(3106 3107 3138 3137)
4(3137 3138 3169 3168)
4(3168 3169 3200 3199)
4(3199 3200 3231 3230)
4(3230 3231 3262 3261)
4(3261 3262 3293 3292)
4(3292 3293 3324 3323)
4(3323 3324 3355 3354)
4(3354 3355 3386 3385)
4(3385 3386 3417 3416)
4(3416 3417 3448 3447)
4(3447 3448 3479 3478)
4(3478 3479 3510 3509)
4(3509 3510 3541 3540)
4(3540 3541 3572 3571)
4(3571 3572 3603 3602)
4(3602 3603 3634 3633)
4(3633 3634 3665 3664)
4(3664 3665 3696 3695)
4(3695 3696 3727 3726)
4(3726 3727 3758 3757)
4(3757 3758 3789 3788)
4(3788 3789 3820 3819)
4(3819 3820 3851 3850)
4(3850 3851 3882 3881)
4(3881 3882 3913 3912)
4(3912 3913 3944 3943)
4(3943 3944 3975 3974)
4(3974 3975 4006 4005)
4(4005 4006 4037 4036)
4(4036 4037 4068 4067)
4(4067 4068 4099 4098)
4(4098 4099 4130 4129)
4(4129 4130 4161 4160)
4(4160 4161 4192 4191)
4(4191 4192 4223 4222)
4(4222 4223 4254 4253)
4(4253 4254 4285 4284)
4(4284 4285 4316 4315)
4(4315 4316 4347 4346)
4(4346 4347 4378 4377)
4(4377 4378 4409 4408)
4(4408 4409 4440 4439)
4(4439 4440 4471 4470)
4(4470 4471 4502 4501)
4(4501 4502 4533 4532)
4(4532 4533 4564 4563)
4(4563 4564 4595 4594)
4(4594 4595 4626 4625)
4(4625 4626 4657 4656)
4(1557 1558 1589 1588)
4(1588 1589 1620 1619)
4(1619 1620 1651 1650)
4(1650 1651 1682 1681)
4(1681 1682 1713 1712)
4(1712 1713 1744 1743)
4(1743 1744 1775 1774)
4(1774 1775 1806 1805)
4(1805 1806 1837 1836)
4(1836 1837 1868 1867)
4(1867 1868 1899 1898)
4(1898 1899 1930 1929)
4(1929 1930 1961 1960)
4(1960 1961 1992 1991)
4(1991 1992 2023 2022)
4(2022 2023 2054 2053)
4(2053 2054 2085 2084)
4(2084 2085 2116 2115)
4(2115 2116 2147 2146)
4(2146 2147 2178 2177)
4(2177 2178 2209 2208)
4(2208 2209 2240 2239)
4(2239 2240 2271 2270)
4(2270 2271 2302 2301)
4(2301 2302 2333 2332)
4(2332 2333 2364 2363)
4(2363 2364 2395 2394)
4(2394 2395 2426 2425)
4(2425 2426 2457 2456)
4(2456 2457 2488 2487)
4(2487 2488 2519 2518)
4(2518 2519 2550 2549)
4(2549 2550 2581 2580)
4(2580 2581 2612 2611)
4(2611 2612 2643 2642)
4(2642 2643 2674 2673)
4(2673 2674 2705 2704)
4(2704 2705 2736 2735)
4(2735 2736 2767 2766)
4(2766 2767 2798 2797)
4(2797 2798 2829 2828)
4(2828 2829 2860 2859)
4(2859 2860 2891 2890)
4(2890 2891 2922 2921)
4(2921 2922 2953 2952)
4(2952 2953 2984 2983)
4(2983 2984 3015 3014)
4(3014 3015 3046 3045)
4(3045 3046 3077 3076)
4(3076 3077 3108 3107)
4(3107 3108 3139 3138)
4(3138 3139 3170 3169)
4(3169 3170 3201 3200)
4(3200 3201 3232 3231)
4(3231 3232 3263 3262)
4(3262 3263 3294 3293)
4(3293 3294 3325 3324)
4(3324 3325 3356 3355)
4(3355 3356 3387 3386)
4(3386 3387 3418 3417)
4(3417 3418 3449 3448)
4(3448 3449 3480 3479)
4(3479 3480 3511 3510)
4(3510 3511 3542 3541)
4(3541 3542 3573 3572)
4(3572 3573 3604 3603)
4(3603 3604 3635 3634)
4(3634 3635 3666 3665)
4(3665 3666 3697 3696)
4(3696 3697 3728 3727)
4(3727 3728 3759 3758)
4(3758 3759 3790 3789)
4(3789 3790 3821 3820)
4(3820 3821 3852 3851)
4(3851 3852 3883 3882)
4(3882 3883 3914 3913)
4(3913 3914 3945 3944)
4(3944 3945 3976 3975)
4(3975 3976 4007 4006)
4(4006 4007 4038 4037)
4(4037 4038 4069 4068)
4(4068 4069 4100 4099)
4(4099 4100 4131 4130)
4(4130 4131 4162 4161)
4(4161 4162 4193 4192)
4(4192 4193 4224 4223)
4(4223 4224 4255 4254)
4(4254 4255 4286 4285)
4(4285 4286 4317 4316)
4(4316 4317 4348 4347)
4(4347 4348 4379 4378)
4(4378 4379 4410 4409)
4(4409 4410 4441 4440)
4(4440 4441 4472 4471)
4(4471 4472 4503 4502)
4(4502 4503 4534 4533)
4(4533 4534 4565 4564)
4(4564 4565 4596 4595)
4(4595 4596 4627 4626)
4(4626 4627 4658 4657)
4(1558 1559 1590 1589)
4(1589 1590 1621 1620)
4(1620 1621 1652 1651)
4(1651 1652 1683 1682)
4(1682 1683 1714 1713)
4(1713 1714 1745 1744)
4(1744 1745 1776 1775)
4(1775 1776 1807 1806)
4(1806 1807 1838 1837)
4(1837 1838 1869 1868)
4(1868 1869 1900 1899)
4(1899 1900 1931 1930)
4(1930 1931 1962 1961)
4(1961 1962 1993 1992)
4(1992 1993 2024 2023)
4(2023 2024 2055 2054)
4(2054 2055 2086 2085)
4(2085 2086 2117 2116)
4(2116 2117 2148 2147)
4(2147 2148 2179 2178)
4(2178 2179 2210 2209)
4(2209 2210 2241 2240)
4(2240 2241 2272 2271)
4(2271 2272 2303 2302)
4(2302 2303 2334 2333)
4(2333 2334 2365 2364)
4(2364 2365 2396 2395)
4(2395 2396 2427 2426)
4(2426 2427 2458 2457)
4(2457 2458 2489 2488)
4(2488 2489 2520 2519)
4(2519 2520 2551 2550)
4(2550 2551 2582 2581)
4(2581 2582 2613 2612)
4(2612 2613 2644 2643)
4(2643 2644 2675 2674)
4(2674 2675 2706 2705)
4(2705 2706 2737 2736)
4(2736 2737 2768 2767)
4(2767 2768 2799 2798)
4(2798 2799 2830 2829)
4(2829 2830 2861 2860)
4(2860 2861 2892 2891)
4(2891 2892 2923 2922)
4(2922 2923 2954 2953)
4(2953 2954 2985 2984)
4(2984 2985 3016 3015)
4(3015 3016 3047 3046)
4(3046 3047 3078 3077)
4(3077 3078 3109 3108)
4(3108 3109 3140 3139)
4(3139 3140 3171 3170)
4(3170 3171 3202 3201)
4(3201 3202 3233 3232)
4(3232 3233 3264 3263)
4(3263 3264 3295 3294)
4(3294 3295 3326 3325)
4(3325 3326 3357 3356)
4(3356 3357 3388 3387)
4(3387 3388 3419 3418)
4(3418 3419 3450 3449)
4(3449 3450 3481 3480)
4(3480 3481 3512 3511)
4(3511 3512 3543 3542)
4(3542 3543 3574 3573)
4(3573 3574 3605 3604)
4(3604 3605 3636 3635)
4(3635 3636 3667 3666)
4(3666 3667 3698 3697)
4(3697 3698 3729 3728)
4(3728 3729 3760 3759)
4(3759 3760 3791 3790)
4(3790 3791 3822 3821)
4(3821 3822 3853 3852)
4(3852 3853 3884 3883)
4(3883 3884 3915 3914)
4(3914 3915 3946 3945)
4(3945 3946 3977 3976)
4(3976 3977 4008 4007)
4(4007 4008 4039 4038)
4(4038 4039 4070 4069)
4(4069 4070 4101 4100)
4(4100 4101 4132 4131)
4(4131 4132 4163 4162)
4(4162 4163 4194 4193)
4(4193 4194 4225 4224)
4(4224 4225 4256 4255)
4(4255 4256 4287 4286)
4(4286 4287 4318 4317)
4(4317 4318 4349 4348)
4(4348 4349 4380 4379)
4(4379 4380 4411 4410)
4(4410 4411 4442 4441)
4(4441 4442 4473 4472)
4(4472 4473 4504 4503)
4(4503 4504 4535 4534)
4(4534 4535 4566 4565)
4(4565 4566 4597 4596)
4(4596 4597 4628 4627)
4(4627 4628 4659 4658)
4(1559 1560 1591 1590)
4(1590 1591 1622 1621)
4(1621 1622 1653 1652)
4(1652 1653 1684 1683)
4(1683 1684 1715 1714)
4(1714 1715 1746 1745)
4(1745 1746 1777 1776)
4(1776 1777 1808 1807)
4(1807 1808 1839 1838)
4(1838 1839 1870 1869)
4(1869 1870 1901 1900)
4(1900 1901 1932 1931)
4(1931 1932 1963 1962)
4(1962 1963 1994 1993)
4(1993 1994 2025 2024)
4(2024 2025 2056 2055)
4(2055 2056 2087 2086)
4(2086 2087 2118 2117)
4(2117 2118 2149 2148)
4(2148 2149 2180 2179)
4(2179 2180 2211 2210)
4(2210 2211 2242 2241)
4(2241 2242 2273 2272)
4(2272 2273 2304 2303)
4(2303 2304 2335 2334)
4(2334 2335 2366 2365)
4(2365 2366 2397 2396)
4(2396 2397 2428 2427)
4(2427 2428 2459 2458)
4(2458 2459 2490 2489)
4(2489 2490 2521 2520)
4(2520 2521 2552 2551)
4(2551 2552 2583 2582)
4(2582 2583 2614 2613)
4(2613 2614 2645 2644)
4(2644 2645 2676 2675)
4(2675 2676 2707 2706)
4(2706 2707 2738 2737)
4(2737 2738 2769 2768)
4(2768 2769 2800 2799)
4(2799 2800 2831 2830)
4(2830 2831 2862 2861)
4(2861 2862 2893 2892)
4(2892 2893 2924 2923)
4(2923 2924 2955 2954)
4(2954 2955 2986 2985)
4(2985 2986 3017 3016)
4(3016 3017 3048 3047)
4(3047 3048 3079 3078)
4(3078 3079 3110 3109)
4(3109 3110 3141 3140)
4(3140 3141 3172 3171)
4(3171 3172 3203 3202)
4(3202 3203 3234 3233)
4(3233 3234 3265 3264)
4(3264 3265 3296 3295)
4(3295 3296 3327 3326)
4(3326 3327 3358 3357)
4(3357 3358 3389 3388)
4(3388 3389 3420 3419)
4(3419 3420 3451 3450)
4(3450 3451 3482 3481)
4(3481 3482 3513 3512)
4(3512 3513 3544 3543)
4(3543 3544 3575 3574)
4(3574 3575 3606 3605)
4(3605 3606 3637 3636)
4(3636 3637 3668 3667)
4(3667 3668 3699 3698)
4(3698 3699 3730 3729)
4(3729 3730 3761 3760)
4(3760 3761 3792 3791)
4(3791 3792 3823 3822)
4(3822 3823 3854 3853)
4(3853 3854 3885 3884)
4(3884 3885 3916 3915)
4(3915 3916 3947 3946)
4(3946 3947 3978 3977)
4(3977 3978 4009 4008)
4(4008 4009 4040 4039)
4(4039 4040 4071 4070)
4(4070 4071 4102 4101)
4(4101 4102 4133 4132)
4(4132 4133 4164 4163)
4(4163 4164 4195 4194)
4(4194 4195 4226 4225)
4(4225 4226 4257 4256)
4(4256 4257 4288 4287)
4(4287 4288 4319 4318)
4(4318 4319 4350 4349)
4(4349 4350 4381 4380)
4(4380 4381 4412 4411)
4(4411 4412 4443 4442)
4(4442 4443 4474 4473)
4(4473 4474 4505 4504)
4(4504 4505 4536 4535)
4(4535 4536 4567 4566)
4(4566 4567 4598 4597)
4(4597 4598 4629 4628)
4(4628 4629 4660 4659)
4(1560 1561 1592 1591)
4(1591 1592 1623 1622)
4(1622 1623 1654 1653)
4(1653 1654 1685 1684)
4(1684 1685 1716 1715)
4(1715 1716 1747 1746)
4(1746 1747 1778 1777)
4(1777 1778 1809 1808)
4(1808 1809 1840 1839)
4(1839 1840 1871 1870)
4(1870 1871 1902 1901)
4(1901 1902 1933 1932)
4(1932 1933 1964 1963)
4(1963 1964 1995 1994)
4(1994 1995 2026 2025)
4(2025 2026 2057 2056)
4(2056 2057 2088 2087)
4(2087 2088 2119 2118)
4(2118 2119 2150 2149)
4(2149 2150 2181 2180)
4(2180 2181 2212 2211)
4(2211 2212 2243 2242)
4(2242 2243 2274 2273)
4(2273 2274 2305 2304)
4(2304 2305 2336 2335)
4(2335 2336 2367 2366)
4(2366 2367 2398 2397)
4(2397 2398 2429 2428)
4(2428 2429 2460 2459)
4(2459 2460 2491 2490)
4(2490 2491 2522 2521)
4(2521 2522 2553 2552)
4(2552 2553 2584 2583)
4(2583 2584 2615 2614)
4(2614 2615 2646 2645)
4(2645 2646 2677 2676)
4(2676 2677 2708 2707)
4(2707 2708 2739 2738)
4(2738 2739 2770 2769)
4(2769 2770 2801 2800)
4(2800 2801 2832 2831)
4(2831 2832 2863 2862)
4(2862 2863 2894 2893)
4(2893 2894 2925 2924)
4(2924 2925 2956 2955)
4(2955 2956 2987 2986)
4(2986 2987 3018 3017)
4(3017 3018 3049 3048)
4(3048 3049 3080 3079)
4(3079 3080 3111 3110)
4(3110 3111 3142 3141)
4(3141 3142 3173 3172)
4(3172 3173 3204 3203)
4(3203 3204 3235 3234)
4(3234 3235 3266 3265)
4(3265 3266 3297 3296)
4(3296 3297 3328 3327)
4(3327 3328 3359 3358)
4(3358 3359 3390 3389)
4(3389 3390 3421 3420)
4(3420 3421 3452 3451)
4(3451 3452 3483 3482)
4(3482 3483 3514 3513)
4(3513 3514 3545 3544)
4(3544 3545 3576 3575)
4(3575 3576 3607 3606)
4(3606 3607 3638 3637)
4(3637 3638 3669 3668)
4(3668 3669 3700 3699)
4(3699 3700 3731 3730)
4(3730 3731 3762 3761)
4(3761 3762 3793 3792)
4(3792 3793 3824 3823)
4(3823 3824 3855 3854)
4(3854 3855 3886 3885)
4(3885 3886 3917 3916)
4(3916 3917 3948 3947)
4(3947 3948 3979 3978)
4(3978 3979 4010 4009)
4(4009 4010 4041 4040)
4(4040 4041 4072 4071)
4(4071 4072 4103 4102)
4(4102 4103 4134 4133)
4(4133 4134 4165 4164)
4(4164 4165 4196 4195)
4(4195 4196 4227 4226)
4(4226 4227 4258 4257)
4(4257 4258 4289 4288)
4(4288 4289 4320 4319)
4(4319 4320 4351 4350)
4(4350 4351 4382 4381)
4(4381 4382 4413 4412)
4(4412 4413 4444 4443)
4(4443 4444 4475 4474)
4(4474 4475 4506 4505)
4(4505 4506 4537 4536)
4(4536 4537 4568 4567)
4(4567 4568 4599 4598)
4(4598 4599 4630 4629)
4(4629 4630 4661 4660)
4(1561 1562 1593 1592)
4(1592 1593 1624 1623)
4(1623 1624 1655 1654)
4(1654 1655 1686 1685)
4(1685 1686 1717 1716)
4(1716 1717 1748 1747)
4(1747 1748 1779 1778)
4(1778 1779 1810 1809)
4(1809 1810 1841 1840)
4(1840 1841 1872 1871)
4(1871 1872 1903 1902)
4(1902 1903 1934 1933)
4(1933 1934 1965 1964)
4(1964 1965 1996 1995)
4(1995 1996 2027 2026)
4(2026 2027 2058 2057)
4(2057 2058 2089 2088)
4(2088 2089 2120 2119)
4(2119 2120 2151 2150)
4(2150 2151 2182 2181)
4(2181 2182 2213 2212)
4(2212 2213 2244 2243)
4(2243 2244 2275 2274)
4(2274 2275 2306 2305)
4(2305 2306 2337 2336)
4(2336 2337 2368 2367)
4(2367 2368 2399 2398)
4(2398 2399 2430 2429)
4(2429 2430 2461 2460)
4(2460 2461 2492 2491)
4(2491 2492 2523 2522)
4(2522 2523 2554 2553)
4(2553 2554 2585 2584)
4(2584 2585 2616 2615)
4(2615 2616 2647 2646)
4(2646 2647 2678 2677)
4(2677 2678 2709 2708)
4(2708 2709 2740 2739)
4(2739 2740 2771 2770)
4(2770 2771 2802 2801)
4(2801 2802 2833 2832)
4(2832 2833 2864 2863)
4(2863 2864 2895 2894)
4(2894 2895 2926 2925)
4(2925 2926 2957 2956)
4(2956 2957 2988 2987)
4(2987 2988 3019 3018)
4(3018 3019 3050 3049)
4(3049 3050 3081 3080)
4(3080 3081 3112 3111)
4(3111 3112 3143 3142)
4(3142 3143 3174 3173)
4(3173 3174 3205 3204)
4(3204 3205 3236 3235)
4(3235 3236 3267 3266)
4(3266 3267 3298 3297)
4(3297 3298 3329 3328)
4(3328 3329 3360 3359)
4(3359 3360 3391 3390)
4(3390 3391 3422 3421)
4(3421 3422 3453 3452)
4(3452 3453 3484 3483)
4(3483 3484 3515 3514)
4(3514 3515 3546 3545)
4(3545 3546 3577 3576)
4(3576 3577 3608 3607)
4(3607 3608 3639 3638)
4(3638 3639 3670 3669)
4(3669 3670 3701 3700)
4(3700 3701 3732 3731)
4(3731 3732 3763 3762)
4(3762 3763 3794 3793)
4(3793 3794 3825 3824)
4(3824 3825 3856 3855)
4(3855 3856 3887 3886)
4(3886 3887 3918 3917)
4(3917 3918 3949 3948)
4(3948 3949 3980 3979)
4(3979 3980 4011 4010)
4(4010 4011 4042 4041)
4(4041 4042 4073 4072)
4(4072 4073 4104 4103)
4(4103 4104 4135 4134)
4(4134 4135 4166 4165)
4(4165 4166 4197 4196)
4(4196 4197 4228 4227)
4(4227 4228 4259 4258)
4(4258 4259 4290 4289)
4(4289 4290 4321 4320)
4(4320 4321 4352 4351)
4(4351 4352 4383 4382)
4(4382 4383 4414 4413)
4(4413 4414 4445 4444)
4(4444 4445 4476 4475)
4(4475 4476 4507 4506)
4(4506 4507 4538 4537)
4(4537 4538 4569 4568)
4(4568 4569 4600 4599)
4(4599 4600 4631 4630)
4(4630 4631 4662 4661)
4(1562 1563 1594 1593)
4(1593 1594 1625 1624)
4(1624 1625 1656 1655)
4(1655 1656 1687 1686)
4(1686 1687 1718 1717)
4(1717 1718 1749 1748)
4(1748 1749 1780 1779)
4(1779 1780 1811 1810)
4(1810 1811 1842 1841)
4(1841 1842 1873 1872)
4(1872 1873 1904 1903)
4(1903 1904 1935 1934)
4(1934 1935 1966 1965)
4(1965 1966 1997 1996)
4(1996 1997 2028 2027)
4(2027 2028 2059 2058)
4(2058 2059 2090 2089)
4(2089 2090 2121 2120)
4(2120 2121 2152 2151)
4(2151 2152 2183 2182)
4(2182 2183 2214 2213)
4(2213 2214 2245 2244)
4(2244 2245 2276 2275)
4(2275 2276 2307 2306)
4(2306 2307 2338 2337)
4(2337 2338 2369 2368)
4(2368 2369 2400 2399)
4(2399 2400 2431 2430)
4(2430 2431 2462 2461)
4(2461 2462 2493 2492)
4(2492 2493 2524 2523)
4(2523 2524 2555 2554)
4(2554 2555 2586 2585)
4(2585 2586 2617 2616)
4(2616 2617 2648 2647)
4(2647 2648 2679 2678)
4(2678 2679 2710 2709)
4(2709 2710 2741 2740)
4(2740 2741 2772 2771)
4(2771 2772 2803 2802)
4(2802 2803 2834 2833)
4(2833 2834 2865 2864)
4(2864 2865 2896 2895)
4(2895 2896 2927 2926)
4(2926 2927 2958 2957)
4(2957 2958 2989 2988)
4(2988 2989 3020 3019)
4(3019 3020 3051 3050)
4(3050 3051 3082 3081)
4(3081 3082 3113 3112)
4(3112 3113 3144 3143)
4(3143 3144 3175 3174)
4(3174 3175 3206 3205)
4(3205 3206 3237 3236)
4(3236 3237 3268 3267)
4(3267 3268 3299 3298)
4(3298 3299 3330 3329)
4(3329 3330 3361 3360)
4(3360 3361 3392 3391)
4(3391 3392 3423 3422)
4(3422 3423 3454 3453)
4(3453 3454 3485 3484)
4(3484 3485 3516 3515)
4(3515 3516 3547 3546)
4(3546 3547 3578 3577)
4(3577 3578 3609 3608)
4(3608 3609 3640 3639)
4(3639 3640 3671 3670)
4(3670 3671 3702 3701)
4(3701 3702 3733 3732)
4(3732 3733 3764 3763)
4(3763 3764 3795 3794)
4(3794 3795 3826 3825)
4(3825 3826 3857 3856)
4(3856 3857 3888 3887)
4(3887 3888 3919 3918)
4(3918 3919 3950 3949)
4(3949 3950 3981 3980)
4(3980 3981 4012 4011)
4(4011 4012 4043 4042)
4(4042 4043 4074 4073)
4(4073 4074 4105 4104)
4(4104 4105 4136 4135)
4(4135 4136 4167 4166)
4(4166 4167 4198 4197)
4(4197 4198 4229 4228)
4(4228 4229 4260 4259)
4(4259 4260 4291 4290)
4(4290 4291 4322 4321)
4(4321 4322 4353 4352)
4(4352 4353 4384 4383)
4(4383 4384 4415 4414)
4(4414 4415 4446 4445)
4(4445 4446 4477 4476)
4(4476 4477 4508 4507)
4(4507 4508 4539 4538)
4(4538 4539 4570 4569)
4(4569 4570 4601 4600)
4(4600 4601 4632 4631)
4(4631 4632 4663 4662)
4(1563 1564 1595 1594)
4(1594 1595 1626 1625)
4(1625 1626 1657 1656)
4(1656 1657 1688 1687)
4(1687 1688 1719 1718)
4(1718 1719 1750 1749)
4(1749 1750 1781 1780)
4(1780 1781 1812 1811)
4(1811 1812 1843 1842)
4(1842 1843 1874 1873)
4(1873 1874 1905 1904)
4(1904 1905 1936 1935)
4(1935 1936 1967 1966)
4(1966 1967 1998 1997)
4(1997 1998 2029 2028)
4(2028 2029 2060 2059)
4(2059 2060 2091 2090)
4(2090 2091 2122 2121)
4(2121 2122 2153 2152)
4(2152 2153 2184 2183)
4(2183 2184 2215 2214)
4(2214 2215 2246 2245)
4(2245 2246 2277 2276)
4(2276 2277 2308 2307)
4(2307 2308 2339 2338)
4(2338 2339 2370 2369)
4(2369 2370 2401 2400)
4(2400 2401 2432 2431)
4(2431 2432 2463 2462)
4(2462 2463 2494 2493)
4(2493 2494 2525 2524)
4(2524 2525 2556 2555)
4(2555 2556 2587 2586)
4(2586 2587 2618 2617)
4(2617 2618 2649 2648)
4(2648 2649 2680 2679)
4(2679 2680 2711 2710)
4(2710 2711 2742 2741)
4(2741 2742 2773 2772)
4(2772 2773 2804 2803)
4(2803 2804 2835 2834)
4(2834 2835 2866 2865)
4(2865 2866 2897 2896)
4(2896 2897 2928 2927)
4(2927 2928 2959 2958)
4(2958 2959 2990 2989)
4(2989 2990 3021 3020)
4(3020 3021 3052 3051)
4(3051 3052 3083 3082)
4(3082 3083 3114 3113)
4(3113 3114 3145 3144)
4(3144 3145 3176 3175)
4(3175 3176 3207 3206)
4(3206 3207 3238 3237)
4(3237 3238 3269 3268)
4(3268 3269 3300 3299)
4(3299 3300 3331 3330)
4(3330 3331 3362 3361)
4(3361 3362 3393 3392)
4(3392 3393 3424 3423)
4(3423 3424 3455 3454)
4(3454 3455 3486 3485)
4(3485 3486 3517 3516)
4(3516 3517 3548 3547)
4(3547 3548 3579 3578)
4(3578 3579 3610 3609)
4(3609 3610 3641 3640)
4(3640 3641 3672 3671)
4(3671 3672 3703 3702)
4(3702 3703 3734 3733)
4(3733 3734 3765 3764)
4(3764 3765 3796 3795)
4(3795 3796 3827 3826)
4(3826 3827 3858 3857)
4(3857 3858 3889 3888)
4(3888 3889 3920 3919)
4(3919 3920 3951 3950)
4(3950 3951 3982 3981)
4(3981 3982 4013 4012)
4(4012 4013 4044 4043)
4(4043 4044 4075 4074)
4(4074 4075 4106 4105)
4(4105 4106 4137 4136)
4(4136 4137 4168 4167)
4(4167 4168 4199 4198)
4(4198 4199 4230 4229)
4(4229 4230 4261 4260)
4(4260 4261 4292 4291)
4(4291 4292 4323 4322)
4(4322 4323 4354 4353)
4(4353 4354 4385 4384)
4(4384 4385 4416 4415)
4(4415 4416 4447 4446)
4(4446 4447 4478 4477)
4(4477 4478 4509 4508)
4(4508 4509 4540 4539)
4(4539 4540 4571 4570)
4(4570 4571 4602 4601)
4(4601 4602 4633 4632)
4(4632 4633 4664 4663)
4(1564 1565 1596 1595)
4(1595 1596 1627 1626)
4(1626 1627 1658 1657)
4(1657 1658 1689 1688)
4(1688 1689 1720 1719)
4(1719 1720 1751 1750)
4(1750 1751 1782 1781)
4(1781 1782 1813 1812)
4(1812 1813 1844 1843)
4(1843 1844 1875 1874)
4(1874 1875 1906 1905)
4(1905 1906 1937 1936)
4(1936 1937 1968 1967)
4(1967 1968 1999 1998)
4(1998 1999 2030 2029)
4(2029 2030 2061 2060)
4(2060 2061 2092 2091)
4(2091 2092 2123 2122)
4(2122 2123 2154 2153)
4(2153 2154 2185 2184)
4(2184 2185 2216 2215)
4(2215 2216 2247 2246)
4(2246 2247 2278 2277)
4(2277 2278 2309 2308)
4(2308 2309 2340 2339)
4(2339 2340 2371 2370)
4(2370 2371 2402 2401)
4(2401 2402 2433 2432)
4(2432 2433 2464 2463)
4(2463 2464 2495 2494)
4(2494 2495 2526 2525)
4(2525 2526 2557 2556)
4(2556 2557 2588 2587)
4(2587 2588 2619 2618)
4(2618 2619 2650 2649)
4(2649 2650 2681 2680)
4(2680 2681 2712 2711)
4(2711 2712 2743 2742)
4(2742 2743 2774 2773)
4(2773 2774 2805 2804)
4(2804 2805 2836 2835)
4(2835 2836 2867 2866)
4(2866 2867 2898 2897)
4(2897 2898 2929 2928)
4(2928 2929 2960 2959)
4(2959 2960 2991 2990)
4(2990 2991 3022 3021)
4(3021 3022 3053 3052)
4(3052 3053 3084 3083)
4(3083 3084 3115 3114)
4(3114 3115 3146 3145)
4(3145 3146 3177 3176)
4(3176 3177 3208 3207)
4(3207 3208 3239 3238)
4(3238 3239 3270 3269)
4(3269 3270 3301 3300)
4(3300 3301 3332 3331)
4(3331 3332 3363 3362)
4(3362 3363 3394 3393)
4(3393 3394 3425 3424)
4(3424 3425 3456 3455)
4(3455 3456 3487 3486)
4(3486 3487 3518 3517)
4(3517 3518 3549 3548)
4(3548 3549 3580 3579)
4(3579 3580 3611 3610)
4(3610 3611 3642 3641)
4(3641 3642 3673 3672)
4(3672 3673 3704 3703)
4(3703 3704 3735 3734)
4(3734 3735 3766 3765)
4(3765 3766 3797 3796)
4(3796 3797 3828 3827)
4(3827 3828 3859 3858)
4(3858 3859 3890 3889)
4(3889 3890 3921 3920)
4(3920 3921 3952 3951)
4(3951 3952 3983 3982)
4(3982 3983 4014 4013)
4(4013 4014 4045 4044)
4(4044 4045 4076 4075)
4(4075 4076 4107 4106)
4(4106 4107 4138 4137)
4(4137 4138 4169 4168)
4(4168 4169 4200 4199)
4(4199 4200 4231 4230)
4(4230 4231 4262 4261)
4(4261 4262 4293 4292)
4(4292 4293 4324 4323)
4(4323 4324 4355 4354)
4(4354 4355 4386 4385)
4(4385 4386 4417 4416)
4(4416 4417 4448 4447)
4(4447 4448 4479 4478)
4(4478 4479 4510 4509)
4(4509 4510 4541 4540)
4(4540 4541 4572 4571)
4(4571 4572 4603 4602)
4(4602 4603 4634 4633)
4(4633 4634 4665 4664)
4(1565 4681 4721 1596)
4(1596 4721 4761 1627)
4(1627 4761 4801 1658)
4(1658 4801 4841 1689)
4(1689 4841 4881 1720)
4(1720 4881 4921 1751)
4(1751 4921 4961 1782)
4(1782 4961 5001 1813)
4(1813 5001 5041 1844)
4(1844 5041 5081 1875)
4(1875 5081 5121 1906)
4(1906 5121 5161 1937)
4(1937 5161 5201 1968)
4(1968 5201 5241 1999)
4(1999 5241 5281 2030)
4(2030 5281 5321 2061)
4(2061 5321 5361 2092)
4(2092 5361 5401 2123)
4(2123 5401 5441 2154)
4(2154 5441 5481 2185)
4(2185 5481 5521 2216)
4(2216 5521 5561 2247)
4(2247 5561 5601 2278)
4(2278 5601 5641 2309)
4(2309 5641 5681 2340)
4(2340 5681 5721 2371)
4(2371 5721 5761 2402)
4(2402 5761 5801 2433)
4(2433 5801 5841 2464)
4(2464 5841 5881 2495)
4(2495 5881 5921 2526)
4(2526 5921 5961 2557)
4(2557 5961 6001 2588)
4(2588 6001 6041 2619)
4(2619 6041 6081 2650)
4(2650 6081 6121 2681)
4(2681 6121 6161 2712)
4(2712 6161 6201 2743)
4(2743 6201 6241 2774)
4(2774 6241 6281 2805)
4(2805 6281 6321 2836)
4(2836 6321 6361 2867)
4(2867 6361 6401 2898)
4(2898 6401 6441 2929)
4(2929 6441 6481 2960)
4(2960 6481 6521 2991)
4(2991 6521 6561 3022)
4(3022 6561 6601 3053)
4(3053 6601 6641 3084)
4(3084 6641 6681 3115)
4(3115 6681 6721 3146)
4(3146 6721 6761 3177)
4(3177 6761 6801 3208)
4(3208 6801 6841 3239)
4(3239 6841 6881 3270)
4(3270 6881 6921 3301)
4(3301 6921 6961 3332)
4(3332 6961 7001 3363)
4(3363 7001 7041 3394)
4(3394 7041 7081 3425)
4(3425 7081 7121 3456)
4(3456 7121 7161 3487)
4(3487 7161 7201 3518)
4(3518 7201 7241 3549)
4(3549 7241 7281 3580)
4(3580 7281 7321 3611)
4(3611 7321 7361 3642)
4(3642 7361 7401 3673)
4(3673 7401 7441 3704)
4(3704 7441 7481 3735)
4(3735 7481 7521 3766)
4(3766 7521 7561 3797)
4(3797 7561 7601 3828)
4(3828 7601 7641 3859)
4(3859 7641 7681 3890)
4(3890 7681 7721 3921)
4(3921 7721 7761 3952)
4(3952 7761 7801 3983)
4(3983 7801 7841 4014)
4(4014 7841 7881 4045)
4(4045 7881 7921 4076)
4(4076 7921 7961 4107)
4(4107 7961 8001 4138)
4(4138 8001 8041 4169)
4(4169 8041 8081 4200)
4(4200 8081 8121 4231)
4(4231 8121 8161 4262)
4(4262 8161 8201 4293)
4(4293 8201 8241 4324)
4(4324 8241 8281 4355)
4(4355 8281 8321 4386)
4(4386 8321 8361 4417)
4(4417 8361 8401 4448)
4(4448 8401 8441 4479)
4(4479 8441 8481 4510)
4(4510 8481 8521 4541)
4(4541 8521 8561 4572)
4(4572 8561 8601 4603)
4(4603 8601 8641 4634)
4(4634 8641 8681 4665)
4(4681 4682 4722 4721)
4(4721 4722 4762 4761)
4(4761 4762 4802 4801)
4(4801 4802 4842 4841)
4(4841 4842 4882 4881)
4(4881 4882 4922 4921)
4(4921 4922 4962 4961)
4(4961 4962 5002 5001)
4(5001 5002 5042 5041)
4(5041 5042 5082 5081)
4(5081 5082 5122 5121)
4(5121 5122 5162 5161)
4(5161 5162 5202 5201)
4(5201 5202 5242 5241)
4(5241 5242 5282 5281)
4(5281 5282 5322 5321)
4(5321 5322 5362 5361)
4(5361 5362 5402 5401)
4(5401 5402 5442 5441)
4(5441 5442 5482 5481)
4(5481 5482 5522 5521)
4(5521 5522 5562 5561)
4(5561 5562 5602 5601)
4(5601 5602 5642 5641)
4(5641 5642 5682 5681)
4(5681 5682 5722 5721)
4(5721 5722 5762 5761)
4(5761 5762 5802 5801)
4(5801 5802 5842 5841)
4(5841 5842 5882 5881)
4(5881 5882 5922 5921)
4(5921 5922 5962 5961)
4(5961 5962 6002 6001)
4(6001 6002 6042 6041)
4(6041 6042 6082 6081)
4(6081 6082 6122 6121)
4(6121 6122 6162 6161)
4(6161 6162 6202 6201)
4(6201 6202 6242 6241)
4(6241 6242 6282 6281)
4(6281 6282 6322 6321)
4(6321 6322 6362 6361)
4(6361 6362 6402 6401)
4(6401 6402 6442 6441)
4(6441 6442 6482 6481)
4(6481 6482 6522 6521)
4(6521 6522 6562 6561)
4(6561 6562 6602 6601)
4(6601 6602 6642 6641)
4(6641 6642 6682 6681)
4(6681 6682 6722 6721)
4(6721 6722 6762 6761)
4(6761 6762 6802 6801)
4(6801 6802 6842 6841)
4(6841 6842 6882 6881)
4(6881 6882 6922 6921)
4(6921 6922 6962 6961)
4(6961 6962 7002 7001)
4(7001 7002 7042 7041)
4(7041 7042 7082 7081)
4(7081 7082 7122 7121)
4(7121 7122 7162 7161)
4(7161 7162 7202 7201)
4(7201 7202 7242 7241)
4(7241 7242 7282 7281)
4(7281 7282 7322 7321)
4(7321 7322 7362 7361)
4(7361 7362 7402 7401)
4(7401 7402 7442 7441)
4(7441 7442 7482 7481)
4(7481 7482 7522 7521)
4(7521 7522 7562 7561)
4(7561 7562 7602 7601)
4(7601 7602 7642 7641)
4(7641 7642 7682 7681)
4(7681 7682 7722 7721)
4(7721 7722 7762 7761)
4(7761 7762 7802 7801)
4(7801 7802 7842 7841)
4(7841 7842 7882 7881)
4(7881 7882 7922 7921)
4(7921 7922 7962 7961)
4(7961 7962 8002 8001)
4(8001 8002 8042 8041)
4(8041 8042 8082 8081)
4(8081 8082 8122 8121)
4(8121 8122 8162 8161)
4(8161 8162 8202 8201)
4(8201 8202 8242 8241)
4(8241 8242 8282 8281)
4(8281 8282 8322 8321)
4(8321 8322 8362 8361)
4(8361 8362 8402 8401)
4(8401 8402 8442 8441)
4(8441 8442 8482 8481)
4(8481 8482 8522 8521)
4(8521 8522 8562 8561)
4(8561 8562 8602 8601)
4(8601 8602 8642 8641)
4(8641 8642 8682 8681)
4(4682 4683 4723 4722)
4(4722 4723 4763 4762)
4(4762 4763 4803 4802)
4(4802 4803 4843 4842)
4(4842 4843 4883 4882)
4(4882 4883 4923 4922)
4(4922 4923 4963 4962)
4(4962 4963 5003 5002)
4(5002 5003 5043 5042)
4(5042 5043 5083 5082)
4(5082 5083 5123 5122)
4(5122 5123 5163 5162)
4(5162 5163 5203 5202)
4(5202 5203 5243 5242)
4(5242 5243 5283 5282)
4(5282 5283 5323 5322)
4(5322 5323 5363 5362)
4(5362 5363 5403 5402)
4(5402 5403 5443 5442)
4(5442 5443 5483 5482)
4(5482 5483 5523 5522)
4(5522 5523 5563 5562)
4(5562 5563 5603 5602)
4(5602 5603 5643 5642)
4(5642 5643 5683 5682)
4(5682 5683 5723 5722)
4(5722 5723 5763 5762)
4(5762 5763 5803 5802)
4(5802 5803 5843 5842)
4(5842 5843 5883 5882)
4(5882 5883 5923 5922)
4(5922 5923 5963 5962)
4(5962 5963 6003 6002)
4(6002 6003 6043 6042)
4(6042 6043 6083 6082)
4(6082 6083 6123 6122)
4(6122 6123 6163 6162)
4(6162 6163 6203 6202)
4(6202 6203 6243 6242)
4(6242 6243 6283 6282)
4(6282 6283 6323 6322)
4(6322 6323 6363 6362)
4(6362 6363 6403 6402)
4(6402 6403 6443 6442)
4(6442 6443 6483 6482)
4(6482 6483 6523 6522)
4(6522 6523 6563 6562)
4(6562 6563 6603 6602)
4(6602 6603 6643 6642)
4(6642 6643 6683 6682)
4(6682 6683 6723 6722)
4(6722 6723 6763 6762)
4(6762 6763 6803 6802)
4(6802 6803 6843 6842)
4(6842 6843 6883 6882)
4(6882 6883 6923 6922)
4(6922 6923 6963 6962)
4(6962 6963 7003 7002)
4(7002 7003 7043 7042)
4(7042 7043 7083 7082)
4(7082 7083 7123 7122)
4(7122 7123 7163 7162)
4(7162 7163 7203 7202)
4(7202 7203 7243 7242)
4(7242 7243 7283 7282)
4(7282 7283 7323 7322)
4(7322 7323 7363 7362)
4(7362 7363 7403 7402)
4(7402 7403 7443 7442)
4(7442 7443 7483 7482)
4(7482 7483 7523 7522)
4(7522 7523 7563 7562)
4(7562 7563 7603 7602)
4(7602 7603 7643 7642)
4(7642 7643 7683 7682)
4(7682 7683 7723 7722)
4(7722 7723 7763 7762)
4(7762 7763 7803 7802)
4(7802 7803 7843 7842)
4(7842 7843 7883 7882)
4(7882 7883 7923 7922)
4(7922 7923 7963 7962)
4(7962 7963 8003 8002)
4(8002 8003 8043 8042)
4(8042 8043 8083 8082)
4(8082 8083 8123 8122)
4(8122 8123 8163 8162)
4(8162 8163 8203 8202)
4(8202 8203 8243 8242)
4(8242 8243 8283 8282)
4(8282 8283 8323 8322)
4(8322 8323 8363 8362)
4(8362 8363 8403 8402)
4(8402 8403 8443 8442)
4(8442 8443 8483 8482)
4(8482 8483 8523 8522)
4(8522 8523 8563 8562)
4(8562 8563 8603 8602)
4(8602 8603 8643 8642)
4(8642 8643 8683 8682)
4(4683 4684 4724 4723)
4(4723 4724 4764 4763)
4(4763 4764 4804 4803)
4(4803 4804 4844 4843)
4(4843 4844 4884 4883)
4(4883 4884 4924 4923)
4(4923 4924 4964 4963)
4(4963 4964 5004 5003)
4(5003 5004 5044 5043)
4(5043 5044 5084 5083)
4(5083 5084 5124 5123)
4(5123 5124 5164 5163)
4(5163 5164 5204 5203)
4(5203 5204 5244 5243)
4(5243 5244 5284 5283)
4(5283 5284 5324 5323)
4(5323 5324 5364 5363)
4(5363 5364 5404 5403)
4(5403 5404 5444 5443)
4(5443 5444 5484 5483)
4(5483 5484 5524 5523)
4(5523 5524 5564 5563)
4(5563 5564 5604 5603)
4(5603 5604 5644 5643)
4(5643 5644 5684 5683)
4(5683 5684 5724 5723)
4(5723 5724 5764 5763)
4(5763 5764 5804 5803)
4(5803 5804 5844 5843)
4(5843 5844 5884 5883)
4(5883 5884 5924 5923)
4(5923 5924 5964 5963)
4(5963 5964 6004 6003)
4(6003 6004 6044 6043)
4(6043 6044 6084 6083)
4(6083 6084 6124 6123)
4(6123 6124 6164 6163)
4(6163 6164 6204 6203)
4(6203 6204 6244 6243)
4(6243 6244 6284 6283)
4(6283 6284 6324 6323)
4(6323 6324 6364 6363)
4(6363 6364 6404 6403)
4(6403 6404 6444 6443)
4(6443 6444 6484 6483)
4(6483 6484 6524 6523)
4(6523 6524 6564 6563)
4(6563 6564 6604 6603)
4(6603 6604 6644 6643)
4(6643 6644 6684 6683)
4(6683 6684 6724 6723)
4(6723 6724 6764 6763)
4(6763 6764 6804 6803)
4(6803 6804 6844 6843)
4(6843 6844 6884 6883)
4(6883 6884 6924 6923)
4(6923 6924 6964 6963)
4(6963 6964 7004 7003)
4(7003 7004 7044 7043)
4(7043 7044 7084 7083)
4(7083 7084 7124 7123)
4(7123 7124 7164 7163)
4(7163 7164 7204 7203)
4(7203 7204 7244 7243)
4(7243 7244 7284 7283)
4(7283 7284 7324 7323)
4(7323 7324 7364 7363)
4(7363 7364 7404 7403)
4(7403 7404 7444 7443)
4(7443 7444 7484 7483)
4(7483 7484 7524 7523)
4(7523 7524 7564 7563)
4(7563 7564 7604 7603)
4(7603 7604 7644 7643)
4(7643 7644 7684 7683)
4(7683 7684 7724 7723)
4(7723 7724 7764 7763)
4(7763 7764 7804 7803)
4(7803 7804 7844 7843)
4(7843 7844 7884 7883)
4(7883 7884 7924 7923)
4(7923 7924 7964 7963)
4(7963 7964 8004 8003)
4(8003 8004 8044 8043)
4(8043 8044 8084 8083)
4(8083 8084 8124 8123)
4(8123 8124 8164 8163)
4(8163 8164 8204 8203)
4(8203 8204 8244 8243)
4(8243 8244 8284 8283)
4(8283 8284 8324 8323)
4(8323 8324 8364 8363)
4(8363 8364 8404 8403)
4(8403 8404 8444 8443)
4(8443 8444 8484 8483)
4(8483 8484 8524 8523)
4(8523 8524 8564 8563)
4(8563 8564 8604 8603)
4(8603 8604 8644 8643)
4(8643 8644 8684 8683)
4(4684 4685 4725 4724)
4(4724 4725 4765 4764)
4(4764 4765 4805 4804)
4(4804 4805 4845 4844)
4(4844 4845 4885 4884)
4(4884 4885 4925 4924)
4(4924 4925 4965 4964)
4(4964 4965 5005 5004)
4(5004 5005 5045 5044)
4(5044 5045 5085 5084)
4(5084 5085 5125 5124)
4(5124 5125 5165 5164)
4(5164 5165 5205 5204)
4(5204 5205 5245 5244)
4(5244 5245 5285 5284)
4(5284 5285 5325 5324)
4(5324 5325 5365 5364)
4(5364 5365 5405 5404)
4(5404 5405 5445 5444)
4(5444 5445 5485 5484)
4(5484 5485 5525 5524)
4(5524 5525 5565 5564)
4(5564 5565 5605 5604)
4(5604 5605 5645 5644)
4(5644 5645 5685 5684)
4(5684 5685 5725 5724)
4(5724 5725 5765 5764)
4(5764 5765 5805 5804)
4(5804 5805 5845 5844)
4(5844 5845 5885 5884)
4(5884 5885 5925 5924)
4(5924 5925 5965 5964)
4(5964 5965 6005 6004)
4(6004 6005 6045 6044)
4(6044 6045 6085 6084)
4(6084 6085 6125 6124)
4(6124 6125 6165 6164)
4(6164 6165 6205 6204)
4(6204 6205 6245 6244)
4(6244 6245 6285 6284)
4(6284 6285 6325 6324)
4(6324 6325 6365 6364)
4(6364 6365 6405 6404)
4(6404 6405 6445 6444)
4(6444 6445 6485 6484)
4(6484 6485 6525 6524)
4(6524 6525 6565 6564)
4(6564 6565 6605 6604)
4(6604 6605 6645 6644)
4(6644 6645 6685 6684)
4(6684 6685 6725 6724)
4(6724 6725 6765 6764)
4(6764 6765 6805 6804)
4(6804 6805 6845 6844)
4(6844 6845 6885 6884)
4(6884 6885 6925 6924)
4(6924 6925 6965 6964)
4(6964 6965 7005 7004)
4(7004 7005 7045 7044)
4(7044 7045 7085 7084)
4(7084 7085 7125 7124)
4(7124 7125 7165 7164)
4(7164 7165 7205 7204)
4(7204 7205 7245 7244)
4(7244 7245 7285 7284)
4(7284 7285 7325 7324)
4(7324 7325 7365 7364)
4(7364 7365 7405 7404)
4(7404 7405 7445 7444)
4(7444 7445 7485 7484)
4(7484 7485 7525 7524)
4(7524 7525 7565 7564)
4(7564 7565 7605 7604)
4(7604 7605 7645 7644)
4(7644 7645 7685 7684)
4(7684 7685 7725 7724)
4(7724 7725 7765 7764)
4(7764 7765 7805 7804)
4(7804 7805 7845 7844)
4(7844 7845 7885 7884)
4(7884 7885 7925 7924)
4(7924 7925 7965 7964)
4(7964 7965 8005 8004)
4(8004 8005 8045 8044)
4(8044 8045 8085 8084)
4(8084 8085 8125 8124)
4(8124 8125 8165 8164)
4(8164 8165 8205 8204)
4(8204 8205 8245 8244)
4(8244 8245 8285 8284)
4(8284 8285 8325 8324)
4(8324 8325 8365 8364)
4(8364 8365 8405 8404)
4(8404 8405 8445 8444)
4(8444 8445 8485 8484)
4(8484 8485 8525 8524)
4(8524 8525 8565 8564)
4(8564 8565 8605 8604)
4(8604 8605 8645 8644)
4(8644 8645 8685 8684)
4(4685 4686 4726 4725)
4(4725 4726 4766 4765)
4(4765 4766 4806 4805)
4(4805 4806 4846 4845)
4(4845 4846 4886 4885)
4(4885 4886 4926 4925)
4(4925 4926 4966 4965)
4(4965 4966 5006 5005)
4(5005 5006 5046 5045)
4(5045 5046 5086 5085)
4(5085 5086 5126 5125)
4(5125 5126 5166 5165)
4(5165 5166 5206 5205)
4(5205 5206 5246 5245)
4(5245 5246 5286 5285)
4(5285 5286 5326 5325)
4(5325 5326 5366 5365)
4(5365 5366 5406 5405)
4(5405 5406 5446 5445)
4(5445 5446 5486 5485)
4(5485 5486 5526 5525)
4(5525 5526 5566 5565)
4(5565 5566 5606 5605)
4(5605 5606 5646 5645)
4(5645 5646 5686 5685)
4(5685 5686 5726 5725)
4(5725 5726 5766 5765)
4(5765 5766 5806 5805)
4(5805 5806 5846 5845)
4(5845 5846 5886 5885)
4(5885 5886 5926 5925)
4(5925 5926 5966 5965)
4(5965 5966 6006 6005)
4(6005 6006 6046 6045)
4(6045 6046 6086 6085)
4(6085 6086 6126 6125)
4(6125 6126 6166 6165)
4(6165 6166 6206 6205)
4(6205 6206 6246 6245)
4(6245 6246 6286 6285)
4(6285 6286 6326 6325)
4(6325 6326 6366 6365)
4(6365 6366 6406 6405)
4(6405 6406 6446 6445)
4(6445 6446 6486 6485)
4(6485 6486 6526 6525)
4(6525 6526 6566 6565)
4(6565 6566 6606 6605)
4(6605 6606 6646 6645)
4(6645 6646 6686 6685)
4(6685 6686 6726 6725)
4(6725 6726 6766 6765)
4(6765 6766 6806 6805)
4(6805 6806 6846 6845)
4(6845 6846 6886 6885)
4(6885 6886 6926 6925)
4(6925 6926 6966 6965)
4(6965 6966 7006 7005)
4(7005 7006 7046 7045)
4(7045 7046 7086 7085)
4(7085 7086 7126 7125)
4(7125 7126 7166 7165)
4(7165 7166 7206 7205)
4(7205 7206 7246 7245)
4(7245 7246 7286 7285)
4(7285 7286 7326 7325)
4(7325 7326 7366 7365)
4(7365 7366 7406 7405)
4(7405 7406 7446 7445)
4(7445 7446 7486 7485)
4(7485 7486 7526 7525)
4(7525 7526 7566 7565)
4(7565 7566 7606 7605)
4(7605 7606 7646 7645)
4(7645 7646 7686 7685)
4(7685 7686 7726 7725)
4(7725 7726 7766 7765)
4(7765 7766 7806 7805)
4(7805 7806 7846 7845)
4(7845 7846 7886 7885)
4(7885 7886 7926 7925)
4(7925 7926 7966 7965)
4(7965 7966 8006 8005)
4(8005 8006 8046 8045)
4(8045 8046 8086 8085)
4(8085 8086 8126 8125)
4(8125 8126 8166 8165)
4(8165 8166 8206 8205)
4(8205 8206 8246 8245)
4(8245 8246 8286 8285)
4(8285 8286 8326 8325)
4(8325 8326 8366 8365)
4(8365 8366 8406 8405)
4(8405 8406 8446 8445)
4(8445 8446 8486 8485)
4(8485 8486 8526 8525)
4(8525 8526 8566 8565)
4(8565 8566 8606 8605)
4(8605 8606 8646 8645)
4(8645 8646 8686 8685)
4(4686 4687 4727 4726)
4(4726 4727 4767 4766)
4(4766 4767 4807 4806)
4(4806 4807 4847 4846)
4(4846 4847 4887 4886)
4(4886 4887 4927 4926)
4(4926 4927 4967 4966)
4(4966 4967 5007 5006)
4(5006 5007 5047 5046)
4(5046 5047 5087 5086)
4(5086 5087 5127 5126)
4(5126 5127 5167 5166)
4(5166 5167 5207 5206)
4(5206 5207 5247 5246)
4(5246 5247 5287 5286)
4(5286 5287 5327 5326)
4(5326 5327 5367 5366)
4(5366 5367 5407 5406)
4(5406 5407 5447 5446)
4(5446 5447 5487 5486)
4(5486 5487 5527 5526)
4(5526 5527 5567 5566)
4(5566 5567 5607 5606)
4(5606 5607 5647 5646)
4(5646 5647 5687 5686)
4(5686 5687 5727 5726)
4(5726 5727 5767 5766)
4(5766 5767 5807 5806)
4(5806 5807 5847 5846)
4(5846 5847 5887 5886)
4(5886 5887 5927 5926)
4(5926 5927 5967 5966)
4(5966 5967 6007 6006)
4(6006 6007 6047 6046)
4(6046 6047 6087 6086)
4(6086 6087 6127 6126)
4(6126 6127 6167 6166)
4(6166 6167 6207 6206)
4(6206 6207 6247 6246)
4(6246 6247 6287 6286)
4(6286 6287 6327 6326)
4(6326 6327 6367 6366)
4(6366 6367 6407 6406)
4(6406 6407 6447 6446)
4(6446 6447 6487 6486)
4(6486 6487 6527 6526)
4(6526 6527 6567 6566)
4(6566 6567 6607 6606)
4(6606 6607 6647 6646)
4(6646 6647 6687 6686)
4(6686 6687 6727 6726)
4(6726 6727 6767 6766)
4(6766 6767 6807 6806)
4(6806 6807 6847 6846)
4(6846 6847 6887 6886)
4(6886 6887 6927 6926)
4(6926 6927 6967 6966)
4(6966 6967 7007 7006)
4(7006 7007 7047 7046)
4(7046 7047 7087 7086)
4(7086 7087 7127 7126)
4(7126 7127 7167 7166)
4(7166 7167 7207 7206)
4(7206 7207 7247 7246)
4(7246 7247 7287 7286)
4(7286 7287 7327 7326)
4(7326 7327 7367 7366)
4(7366 7367 7407 7406)
4(7406 7407 7447 7446)
4(7446 7447 7487 7486)
4(7486 7487 7527 7526)
4(7526 7527 7567 7566)
4(7566 7567 7607 7606)
4(7606 7607 7647 7646)
4(7646 7647 7687 7686)
4(7686 7687 7727 7726)
4(7726 7727 7767 7766)
4(7766 7767 7807 7806)
4(7806 7807 7847 7846)
4(7846 7847 7887 7886)
4(7886 7887 7927 7926)
4(7926 7927 7967 7966)
4(7966 7967 8007 8006)
4(8006 8007 8047 8046)
4(8046 8047 8087 8086)
4(8086 8087 8127 8126)
4(8126 8127 8167 8166)
4(8166 8167 8207 8206)
4(8206 8207 8247 8246)
4(8246 8247 8287 8286)
4(8286 8287 8327 8326)
4(8326 8327 8367 8366)
4(8366 8367 8407 8406)
4(8406 8407 8447 8446)
4(8446 8447 8487 8486)
4(8486 8487 8527 8526)
4(8526 8527 8567 8566)
4(8566 8567 8607 8606)
4(8606 8607 8647 8646)
4(8646 8647 8687 8686)
4(4687 4688 4728 4727)
4(4727 4728 4768 4767)
4(4767 4768 4808 4807)
4(4807 4808 4848 4847)
4(4847 4848 4888 4887)
4(4887 4888 4928 4927)
4(4927 4928 4968 4967)
4(4967 4968 5008 5007)
4(5007 5008 5048 5047)
4(5047 5048 5088 5087)
4(5087 5088 5128 5127)
4(5127 5128 5168 5167)
4(5167 5168 5208 5207)
4(5207 5208 5248 5247)
4(5247 5248 5288 5287)
4(5287 5288 5328 5327)
4(5327 5328 5368 5367)
4(5367 5368 5408 5407)
4(5407 5408 5448 5447)
4(5447 5448 5488 5487)
4(5487 5488 5528 5527)
4(5527 5528 5568 5567)
4(5567 5568 5608 5607)
4(5607 5608 5648 5647)
4(5647 5648 5688 5687)
4(5687 5688 5728 5727)
4(5727 5728 5768 5767)
4(5767 5768 5808 5807)
4(5807 5808 5848 5847)
4(5847 5848 5888 5887)
4(5887 5888 5928 5927)
4(5927 5928 5968 5967)
4(5967 5968 6008 6007)
4(6007 6008 6048 6047)
4(6047 6048 6088 6087)
4(6087 6088 6128 6127)
4(6127 6128 6168 6167)
4(6167 6168 6208 6207)
4(6207 6208 6248 6247)
4(6247 6248 6288 6287)
4(6287 6288 6328 6327)
4(6327 6328 6368 6367)
4(6367 6368 6408 6407)
4(6407 6408 6448 6447)
4(6447 6448 6488 6487)
4(6487 6488 6528 6527)
4(6527 6528 6568 6567)
4(6567 6568 6608 6607)
4(6607 6608 6648 6647)
4(6647 6648 6688 6687)
4(6687 6688 6728 6727)
4(6727 6728 6768 6767)
4(6767 6768 6808 6807)
4(6807 6808 6848 6847)
4(6847 6848 6888 6887)
4(6887 6888 6928 6927)
4(6927 6928 6968 6967)
4(6967 6968 7008 7007)
4(7007 7008 7048 7047)
4(7047 7048 7088 7087)
4(7087 7088 7128 7127)
4(7127 7128 7168 7167)
4(7167 7168 7208 7207)
4(7207 7208 7248 7247)
4(7247 7248 7288 7287)
4(7287 7288 7328 7327)
4(7327 7328 7368 7367)
4(7367 7368 7408 7407)
4(7407 7408 7448 7447)
4(7447 7448 7488 7487)
4(7487 7488 7528 7527)
4(7527 7528 7568 7567)
4(7567 7568 7608 7607)
4(7607 7608 7648 7647)
4(7647 7648 7688 7687)
4(7687 7688 7728 7727)
4(7727 7728 7768 7767)
4(7767 7768 7808 7807)
4(7807 7808 7848 7847)
4(7847 7848 7888 7887)
4(7887 7888 7928 7927)
4(7927 7928 7968 7967)
4(7967 7968 8008 8007)
4(8007 8008 8048 8047)
4(8047 8048 8088 8087)
4(8087 8088 8128 8127)
4(8127 8128 8168 8167)
4(8167 8168 8208 8207)
4(8207 8208 8248 8247)
4(8247 8248 8288 8287)
4(8287 8288 8328 8327)
4(8327 8328 8368 8367)
4(8367 8368 8408 8407)
4(8407 8408 8448 8447)
4(8447 8448 8488 8487)
4(8487 8488 8528 8527)
4(8527 8528 8568 8567)
4(8567 8568 8608 8607)
4(8607 8608 8648 8647)
4(8647 8648 8688 8687)
4(4688 4689 4729 4728)
4(4728 4729 4769 4768)
4(4768 4769 4809 4808)
4(4808 4809 4849 4848)
4(4848 4849 4889 4888)
4(4888 4889 4929 4928)
4(4928 4929 4969 4968)
4(4968 4969 5009 5008)
4(5008 5009 5049 5048)
4(5048 5049 5089 5088)
4(5088 5089 5129 5128)
4(5128 5129 5169 5168)
4(5168 5169 5209 5208)
4(5208 5209 5249 5248)
4(5248 5249 5289 5288)
4(5288 5289 5329 5328)
4(5328 5329 5369 5368)
4(5368 5369 5409 5408)
4(5408 5409 5449 5448)
4(5448 5449 5489 5488)
4(5488 5489 5529 5528)
4(5528 5529 5569 5568)
4(5568 5569 5609 5608)
4(5608 5609 5649 5648)
4(5648 5649 5689 5688)
4(5688 5689 5729 5728)
4(5728 5729 5769 5768)
4(5768 5769 5809 5808)
4(5808 5809 5849 5848)
4(5848 5849 5889 5888)
4(5888 5889 5929 5928)
4(5928 5929 5969 5968)
4(5968 5969 6009 6008)
4(6008 6009 6049 6048)
4(6048 6049 6089 6088)
4(6088 6089 6129 6128)
4(6128 6129 6169 6168)
4(6168 6169 6209 6208)
4(6208 6209 6249 6248)
4(6248 6249 6289 6288)
4(6288 6289 6329 6328)
4(6328 6329 6369 6368)
4(6368 6369 6409 6408)
4(6408 6409 6449 6448)
4(6448 6449 6489 6488)
4(6488 6489 6529 6528)
4(6528 6529 6569 6568)
4(6568 6569 6609 6608)
4(6608 6609 6649 6648)
4(6648 6649 6689 6688)
4(6688 6689 6729 6728)
4(6728 6729 6769 6768)
4(6768 6769 6809 6808)
4(6808 6809 6849 6848)
4(6848 6849 6889 6888)
4(6888 6889 6929 6928)
4(6928 6929 6969 6968)
4(6968 6969 7009 7008)
4(7008 7009 7049 7048)
4(7048 7049 7089 7088)
4(7088 7089 7129 7128)
4(7128 7129 7169 7168)
4(7168 7169 7209 7208)
4(7208 7209 7249 7248)
4(7248 7249 7289 7288)
4(7288 7289 7329 7328)
4(7328 7329 7369 7368)
4(7368 7369 7409 7408)
4(7408 7409 7449 7448)
4(7448 7449 7489 7488)
4(7488 7489 7529 7528)
4(7528 7529 7569 7568)
4(7568 7569 7609 7608)
4(7608 7609 7649 7648)
4(7648 7649 7689 7688)
4(7688 7689 7729 7728)
4(7728 7729 7769 7768)
4(7768 7769 7809 7808)
4(7808 7809 7849 7848)
4(7848 7849 7889 7888)
4(7888 7889 7929 7928)
4(7928 7929 7969 7968)
4(7968 7969 8009 8008)
4(8008 8009 8049 8048)
4(8048 8049 8089 8088)
4(8088 8089 8129 8128)
4(8128 8129 8169 8168)
4(8168 8169 8209 8208)
4(8208 8209 8249 8248)
4(8248 8249 8289 8288)
4(8288 8289 8329 8328)
4(8328 8329 8369 8368)
4(8368 8369 8409 8408)
4(8408 8409 8449 8448)
4(8448 8449 8489 8488)
4(8488 8489 8529 8528)
4(8528 8529 8569 8568)
4(8568 8569 8609 8608)
4(8608 8609 8649 8648)
4(8648 8649 8689 8688)
4(4689 4690 4730 4729)
4(4729 4730 4770 4769)
4(4769 4770 4810 4809)
4(4809 4810 4850 4849)
4(4849 4850 4890 4889)
4(4889 4890 4930 4929)
4(4929 4930 4970 4969)
4(4969 4970 5010 5009)
4(5009 5010 5050 5049)
4(5049 5050 5090 5089)
4(5089 5090 5130 5129)
4(5129 5130 5170 5169)
4(5169 5170 5210 5209)
4(5209 5210 5250 5249)
4(5249 5250 5290 5289)
4(5289 5290 5330 5329)
4(5329 5330 5370 5369)
4(5369 5370 5410 5409)
4(5409 5410 5450 5449)
4(5449 5450 5490 5489)
4(5489 5490 5530 5529)
4(5529 5530 5570 5569)
4(5569 5570 5610 5609)
4(5609 5610 5650 5649)
4(5649 5650 5690 5689)
4(5689 5690 5730 5729)
4(5729 5730 5770 5769)
4(5769 5770 5810 5809)
4(5809 5810 5850 5849)
4(5849 5850 5890 5889)
4(5889 5890 5930 5929)
4(5929 5930 5970 5969)
4(5969 5970 6010 6009)
4(6009 6010 6050 6049)
4(6049 6050 6090 6089)
4(6089 6090 6130 6129)
4(6129 6130 6170 6169)
4(6169 6170 6210 6209)
4(6209 6210 6250 6249)
4(6249 6250 6290 6289)
4(6289 6290 6330 6329)
4(6329 6330 6370 6369)
4(6369 6370 6410 6409)
4(6409 6410 6450 6449)
4(6449 6450 6490 6489)
4(6489 6490 6530 6529)
4(6529 6530 6570 6569)
4(6569 6570 6610 6609)
4(6609 6610 6650 6649)
4(6649 6650 6690 6689)
4(6689 6690 6730 6729)
4(6729 6730 6770 6769)
4(6769 6770 6810 6809)
4(6809 6810 6850 6849)
4(6849 6850 6890 6889)
4(6889 6890 6930 6929)
4(6929 6930 6970 6969)
4(6969 6970 7010 7009)
4(7009 7010 7050 7049)
4(7049 7050 7090 7089)
4(7089 7090 7130 7129)
4(7129 7130 7170 7169)
4(7169 7170 7210 7209)
4(7209 7210 7250 7249)
4(7249 7250 7290 7289)
4(7289 7290 7330 7329)
4(7329 7330 7370 7369)
4(7369 7370 7410 7409)
4(7409 7410 7450 7449)
4(7449 7450 7490 7489)
4(7489 7490 7530 7529)
4(7529 7530 7570 7569)
4(7569 7570 7610 7609)
4(7609 7610 7650 7649)
4(7649 7650 7690 7689)
4(7689 7690 7730 7729)
4(7729 7730 7770 7769)
4(7769 7770 7810 7809)
4(7809 7810 7850 7849)
4(7849 7850 7890 7889)
4(7889 7890 7930 7929)
4(7929 7930 7970 7969)
4(7969 7970 8010 8009)
4(8009 8010 8050 8049)
4(8049 8050 8090 8089)
4(8089 8090 8130 8129)
4(8129 8130 8170 8169)
4(8169 8170 8210 8209)
4(8209 8210 8250 8249)
4(8249 8250 8290 8289)
4(8289 8290 8330 8329)
4(8329 8330 8370 8369)
4(8369 8370 8410 8409)
4(8409 8410 8450 8449)
4(8449 8450 8490 8489)
4(8489 8490 8530 8529)
4(8529 8530 8570 8569)
4(8569 8570 8610 8609)
4(8609 8610 8650 8649)
4(8649 8650 8690 8689)
4(4690 4691 4731 4730)
4(4730 4731 4771 4770)
4(4770 4771 4811 4810)
4(4810 4811 4851 4850)
4(4850 4851 4891 4890)
4(4890 4891 4931 4930)
4(4930 4931 4971 4970)
4(4970 4971 5011 5010)
4(5010 5011 5051 5050)
4(5050 5051 5091 5090)
4(5090 5091 5131 5130)
4(5130 5131 5171 5170)
4(5170 5171 5211 5210)
4(5210 5211 5251 5250)
4(5250 5251 5291 5290)
4(5290 5291 5331 5330)
4(5330 5331 5371 5370)
4(5370 5371 5411 5410)
4(5410 5411 5451 5450)
4(5450 5451 5491 5490)
4(5490 5491 5531 5530)
4(5530 5531 5571 5570)
4(5570 5571 5611 5610)
4(5610 5611 5651 5650)
4(5650 5651 5691 5690)
4(5690 5691 5731 5730)
4(5730 5731 5771 5770)
4(5770 5771 5811 5810)
4(5810 5811 5851 5850)
4(5850 5851 5891 5890)
4(5890 5891 5931 5930)
4(5930 5931 5971 5970)
4(5970 5971 6011 6010)
4(6010 6011 6051 6050)
4(6050 6051 6091 6090)
4(6090 6091 6131 6130)
4(6130 6131 6171 6170)
4(6170 6171 6211 6210)
4(6210 6211 6251 6250)
4(6250 6251 6291 6290)
4(6290 6291 6331 6330)
4(6330 6331 6371 6370)
4(6370 6371 6411 6410)
4(6410 6411 6451 6450)
4(6450 6451 6491 6490)
4(6490 6491 6531 6530)
4(6530 6531 6571 6570)
4(6570 6571 6611 6610)
4(6610 6611 6651 6650)
4(6650 6651 6691 6690)
4(6690 6691 6731 6730)
4(6730 6731 6771 6770)
4(6770 6771 6811 6810)
4(6810 6811 6851 6850)
4(6850 6851 6891 6890)
4(6890 6891 6931 6930)
4(6930 6931 6971 6970)
4(6970 6971 7011 7010)
4(7010 7011 7051 7050)
4(7050 7051 7091 7090)
4(7090 7091 7131 7130)
4(7130 7131 7171 7170)
4(7170 7171 7211 7210)
4(7210 7211 7251 7250)
4(7250 7251 7291 7290)
4(7290 7291 7331 7330)
4(7330 7331 7371 7370)
4(7370 7371 7411 7410)
4(7410 7411 7451 7450)
4(7450 7451 7491 7490)
4(7490 7491 7531 7530)
4(7530 7531 7571 7570)
4(7570 7571 7611 7610)
4(7610 7611 7651 7650)
4(7650 7651 7691 7690)
4(7690 7691 7731 7730)
4(7730 7731 7771 7770)
4(7770 7771 7811 7810)
4(7810 7811 7851 7850)
4(7850 7851 7891 7890)
4(7890 7891 7931 7930)
4(7930 7931 7971 7970)
4(7970 7971 8011 8010)
4(8010 8011 8051 8050)
4(8050 8051 8091 8090)
4(8090 8091 8131 8130)
4(8130 8131 8171 8170)
4(8170 8171 8211 8210)
4(8210 8211 8251 8250)
4(8250 8251 8291 8290)
4(8290 8291 8331 8330)
4(8330 8331 8371 8370)
4(8370 8371 8411 8410)
4(8410 8411 8451 8450)
4(8450 8451 8491 8490)
4(8490 8491 8531 8530)
4(8530 8531 8571 8570)
4(8570 8571 8611 8610)
4(8610 8611 8651 8650)
4(8650 8651 8691 8690)
4(4691 4692 4732 4731)
4(4731 4732 4772 4771)
4(4771 4772 4812 4811)
4(4811 4812 4852 4851)
4(4851 4852 4892 4891)
4(4891 4892 4932 4931)
4(4931 4932 4972 4971)
4(4971 4972 5012 5011)
4(5011 5012 5052 5051)
4(5051 5052 5092 5091)
4(5091 5092 5132 5131)
4(5131 5132 5172 5171)
4(5171 5172 5212 5211)
4(5211 5212 5252 5251)
4(5251 5252 5292 5291)
4(5291 5292 5332 5331)
4(5331 5332 5372 5371)
4(5371 5372 5412 5411)
4(5411 5412 5452 5451)
4(5451 5452 5492 5491)
4(5491 5492 5532 5531)
4(5531 5532 5572 5571)
4(5571 5572 5612 5611)
4(5611 5612 5652 5651)
4(5651 5652 5692 5691)
4(5691 5692 5732 5731)
4(5731 5732 5772 5771)
4(5771 5772 5812 5811)
4(5811 5812 5852 5851)
4(5851 5852 5892 5891)
4(5891 5892 5932 5931)
4(5931 5932 5972 5971)
4(5971 5972 6012 6011)
4(6011 6012 6052 6051)
4(6051 6052 6092 6091)
4(6091 6092 6132 6131)
4(6131 6132 6172 6171)
4(6171 6172 6212 6211)
4(6211 6212 6252 6251)
4(6251 6252 6292 6291)
4(6291 6292 6332 6331)
4(6331 6332 6372 6371)
4(6371 6372 6412 6411)
4(6411 6412 6452 6451)
4(6451 6452 6492 6491)
4(6491 6492 6532 6531)
4(6531 6532 6572 6571)
4(6571 6572 6612 6611)
4(6611 6612 6652 6651)
4(6651 6652 6692 6691)
4(6691 6692 6732 6731)
4(6731 6732 6772 6771)
4(6771 6772 6812 6811)
4(6811 6812 6852 6851)
4(6851 6852 6892 6891)
4(6891 6892 6932 6931)
4(6931 6932 6972 6971)
4(6971 6972 7012 7011)
4(7011 7012 7052 7051)
4(7051 7052 7092 7091)
4(7091 7092 7132 7131)
4(7131 7132 7172 7171)
4(7171 7172 7212 7211)
4(7211 7212 7252 7251)
4(7251 7252 7292 7291)
4(7291 7292 7332 7331)
4(7331 7332 7372 7371)
4(7371 7372 7412 7411)
4(7411 7412 7452 7451)
4(7451 7452 7492 7491)
4(7491 7492 7532 7531)
4(7531 7532 7572 7571)
4(7571 7572 7612 7611)
4(7611 7612 7652 7651)
4(7651 7652 7692 7691)
4(7691 7692 7732 7731)
4(7731 7732 7772 7771)
4(7771 7772 7812 7811)
4(7811 7812 7852 7851)
4(7851 7852 7892 7891)
4(7891 7892 7932 7931)
4(7931 7932 7972 7971)
4(7971 7972 8012 8011)
4(8011 8012 8052 8051)
4(8051 8052 8092 8091)
4(8091 8092 8132 8131)
4(8131 8132 8172 8171)
4(8171 8172 8212 8211)
4(8211 8212 8252 8251)
4(8251 8252 8292 8291)
4(8291 8292 8332 8331)
4(8331 8332 8372 8371)
4(8371 8372 8412 8411)
4(8411 8412 8452 8451)
4(8451 8452 8492 8491)
4(8491 8492 8532 8531)
4(8531 8532 8572 8571)
4(8571 8572 8612 8611)
4(8611 8612 8652 8651)
4(8651 8652 8692 8691)
4(4692 4693 4733 4732)
4(4732 4733 4773 4772)
4(4772 4773 4813 4812)
4(4812 4813 4853 4852)
4(4852 4853 4893 4892)
4(4892 4893 4933 4932)
4(4932 4933 4973 4972)
4(4972 4973 5013 5012)
4(5012 5013 5053 5052)
4(5052 5053 5093 5092)
4(5092 5093 5133 5132)
4(5132 5133 5173 5172)
4(5172 5173 5213 5212)
4(5212 5213 5253 5252)
4(5252 5253 5293 5292)
4(5292 5293 5333 5332)
4(5332 5333 5373 5372)
4(5372 5373 5413 5412)
4(5412 5413 5453 5452)
4(5452 5453 5493 5492)
4(5492 5493 5533 5532)
4(5532 5533 5573 5572)
4(5572 5573 5613 5612)
4(5612 5613 5653 5652)
4(5652 5653 5693 5692)
4(5692 5693 5733 5732)
4(5732 5733 5773 5772)
4(5772 5773 5813 5812)
4(5812 5813 5853 5852)
4(5852 5853 5893 5892)
4(5892 5893 5933 5932)
4(5932 5933 5973 5972)
4(5972 5973 6013 6012)
4(6012 6013 6053 6052)
4(6052 6053 6093 6092)
4(6092 6093 6133 6132)
4(6132 6133 6173 6172)
4(6172 6173 6213 6212)
4(6212 6213 6253 6252)
4(6252 6253 6293 6292)
4(6292 6293 6333 6332)
4(6332 6333 6373 6372)
4(6372 6373 6413 6412)
4(6412 6413 6453 6452)
4(6452 6453 6493 6492)
4(6492 6493 6533 6532)
4(6532 6533 6573 6572)
4(6572 6573 6613 6612)
4(6612 6613 6653 6652)
4(6652 6653 6693 6692)
4(6692 6693 6733 6732)
4(6732 6733 6773 6772)
4(6772 6773 6813 6812)
4(6812 6813 6853 6852)
4(6852 6853 6893 6892)
4(6892 6893 6933 6932)
4(6932 6933 6973 6972)
4(6972 6973 7013 7012)
4(7012 7013 7053 7052)
4(7052 7053 7093 7092)
4(7092 7093 7133 7132)
4(7132 7133 7173 7172)
4(7172 7173 7213 7212)
4(7212 7213 7253 7252)
4(7252 7253 7293 7292)
4(7292 7293 7333 7332)
4(7332 7333 7373 7372)
4(7372 7373 7413 7412)
4(7412 7413 7453 7452)
4(7452 7453 7493 7492)
4(7492 7493 7533 7532)
4(7532 7533 7573 7572)
4(7572 7573 7613 7612)
4(7612 7613 7653 7652)
4(7652 7653 7693 7692)
4(7692 7693 7733 7732)
4(7732 7733 7773 7772)
4(7772 7773 7813 7812)
4(7812 7813 7853 7852)
4(7852 7853 7893 7892)
4(7892 7893 7933 7932)
4(7932 7933 7973 7972)
4(7972 7973 8013 8012)
4(8012 8013 8053 8052)
4(8052 8053 8093 8092)
4(8092 8093 8133 8132)
4(8132 8133 8173 8172)
4(8172 8173 8213 8212)
4(8212 8213 8253 8252)
4(8252 8253 8293 8292)
4(8292 8293 8333 8332)
4(8332 8333 8373 8372)
4(8372 8373 8413 8412)
4(8412 8413 8453 8452)
4(8452 8453 8493 8492)
4(8492 8493 8533 8532)
4(8532 8533 8573 8572)
4(8572 8573 8613 8612)
4(8612 8613 8653 8652)
4(8652 8653 8693 8692)
4(4693 4694 4734 4733)
4(4733 4734 4774 4773)
4(4773 4774 4814 4813)
4(4813 4814 4854 4853)
4(4853 4854 4894 4893)
4(4893 4894 4934 4933)
4(4933 4934 4974 4973)
4(4973 4974 5014 5013)
4(5013 5014 5054 5053)
4(5053 5054 5094 5093)
4(5093 5094 5134 5133)
4(5133 5134 5174 5173)
4(5173 5174 5214 5213)
4(5213 5214 5254 5253)
4(5253 5254 5294 5293)
4(5293 5294 5334 5333)
4(5333 5334 5374 5373)
4(5373 5374 5414 5413)
4(5413 5414 5454 5453)
4(5453 5454 5494 5493)
4(5493 5494 5534 5533)
4(5533 5534 5574 5573)
4(5573 5574 5614 5613)
4(5613 5614 5654 5653)
4(5653 5654 5694 5693)
4(5693 5694 5734 5733)
4(5733 5734 5774 5773)
4(5773 5774 5814 5813)
4(5813 5814 5854 5853)
4(5853 5854 5894 5893)
4(5893 5894 5934 5933)
4(5933 5934 5974 5973)
4(5973 5974 6014 6013)
4(6013 6014 6054 6053)
4(6053 6054 6094 6093)
4(6093 6094 6134 6133)
4(6133 6134 6174 6173)
4(6173 6174 6214 6213)
4(6213 6214 6254 6253)
4(6253 6254 6294 6293)
4(6293 6294 6334 6333)
4(6333 6334 6374 6373)
4(6373 6374 6414 6413)
4(6413 6414 6454 6453)
4(6453 6454 6494 6493)
4(6493 6494 6534 6533)
4(6533 6534 6574 6573)
4(6573 6574 6614 6613)
4(6613 6614 6654 6653)
4(6653 6654 6694 6693)
4(6693 6694 6734 6733)
4(6733 6734 6774 6773)
4(6773 6774 6814 6813)
4(6813 6814 6854 6853)
4(6853 6854 6894 6893)
4(6893 6894 6934 6933)
4(6933 6934 6974 6973)
4(6973 6974 7014 7013)
4(7013 7014 7054 7053)
4(7053 7054 7094 7093)
4(7093 7094 7134 7133)
4(7133 7134 7174 7173)
4(7173 7174 7214 7213)
4(7213 7214 7254 7253)
4(7253 7254 7294 7293)
4(7293 7294 7334 7333)
4(7333 7334 7374 7373)
4(7373 7374 7414 7413)
4(7413 7414 7454 7453)
4(7453 7454 7494 7493)
4(7493 7494 7534 7533)
4(7533 7534 7574 7573)
4(7573 7574 7614 7613)
4(7613 7614 7654 7653)
4(7653 7654 7694 7693)
4(7693 7694 7734 7733)
4(7733 7734 7774 7773)
4(7773 7774 7814 7813)
4(7813 7814 7854 7853)
4(7853 7854 7894 7893)
4(7893 7894 7934 7933)
4(7933 7934 7974 7973)
4(7973 7974 8014 8013)
4(8013 8014 8054 8053)
4(8053 8054 8094 8093)
4(8093 8094 8134 8133)
4(8133 8134 8174 8173)
4(8173 8174 8214 8213)
4(8213 8214 8254 8253)
4(8253 8254 8294 8293)
4(8293 8294 8334 8333)
4(8333 8334 8374 8373)
4(8373 8374 8414 8413)
4(8413 8414 8454 8453)
4(8453 8454 8494 8493)
4(8493 8494 8534 8533)
4(8533 8534 8574 8573)
4(8573 8574 8614 8613)
4(8613 8614 8654 8653)
4(8653 8654 8694 8693)
4(4694 4695 4735 4734)
4(4734 4735 4775 4774)
4(4774 4775 4815 4814)
4(4814 4815 4855 4854)
4(4854 4855 4895 4894)
4(4894 4895 4935 4934)
4(4934 4935 4975 4974)
4(4974 4975 5015 5014)
4(5014 5015 5055 5054)
4(5054 5055 5095 5094)
4(5094 5095 5135 5134)
4(5134 5135 5175 5174)
4(5174 5175 5215 5214)
4(5214 5215 5255 5254)
4(5254 5255 5295 5294)
4(5294 5295 5335 5334)
4(5334 5335 5375 5374)
4(5374 5375 5415 5414)
4(5414 5415 5455 5454)
4(5454 5455 5495 5494)
4(5494 5495 5535 5534)
4(5534 5535 5575 5574)
4(5574 5575 5615 5614)
4(5614 5615 5655 5654)
4(5654 5655 5695 5694)
4(5694 5695 5735 5734)
4(5734 5735 5775 5774)
4(5774 5775 5815 5814)
4(5814 5815 5855 5854)
4(5854 5855 5895 5894)
4(5894 5895 5935 5934)
4(5934 5935 5975 5974)
4(5974 5975 6015 6014)
4(6014 6015 6055 6054)
4(6054 6055 6095 6094)
4(6094 6095 6135 6134)
4(6134 6135 6175 6174)
4(6174 6175 6215 6214)
4(6214 6215 6255 6254)
4(6254 6255 6295 6294)
4(6294 6295 6335 6334)
4(6334 6335 6375 6374)
4(6374 6375 6415 6414)
4(6414 6415 6455 6454)
4(6454 6455 6495 6494)
4(6494 6495 6535 6534)
4(6534 6535 6575 6574)
4(6574 6575 6615 6614)
4(6614 6615 6655 6654)
4(6654 6655 6695 6694)
4(6694 6695 6735 6734)
4(6734 6735 6775 6774)
4(6774 6775 6815 6814)
4(6814 6815 6855 6854)
4(6854 6855 6895 6894)
4(6894 6895 6935 6934)
4(6934 6935 6975 6974)
4(6974 6975 7015 7014)
4(7014 7015 7055 7054)
4(7054 7055 7095 7094)
4(7094 7095 7135 7134)
4(7134 7135 7175 7174)
4(7174 7175 7215 7214)
4(7214 7215 7255 7254)
4(7254 7255 7295 7294)
4(7294 7295 7335 7334)
4(7334 7335 7375 7374)
4(7374 7375 7415 7414)
4(7414 7415 7455 7454)
4(7454 7455 7495 7494)
4(7494 7495 7535 7534)
4(7534 7535 7575 7574)
4(7574 7575 7615 7614)
4(7614 7615 7655 7654)
4(7654 7655 7695 7694)
4(7694 7695 7735 7734)
4(7734 7735 7775 7774)
4(7774 7775 7815 7814)
4(7814 7815 7855 7854)
4(7854 7855 7895 7894)
4(7894 7895 7935 7934)
4(7934 7935 7975 7974)
4(7974 7975 8015 8014)
4(8014 8015 8055 8054)
4(8054 8055 8095 8094)
4(8094 8095 8135 8134)
4(8134 8135 8175 8174)
4(8174 8175 8215 8214)
4(8214 8215 8255 8254)
4(8254 8255 8295 8294)
4(8294 8295 8335 8334)
4(8334 8335 8375 8374)
4(8374 8375 8415 8414)
4(8414 8415 8455 8454)
4(8454 8455 8495 8494)
4(8494 8495 8535 8534)
4(8534 8535 8575 8574)
4(8574 8575 8615 8614)
4(8614 8615 8655 8654)
4(8654 8655 8695 8694)
4(4695 4696 4736 4735)
4(4735 4736 4776 4775)
4(4775 4776 4816 4815)
4(4815 4816 4856 4855)
4(4855 4856 4896 4895)
4(4895 4896 4936 4935)
4(4935 4936 4976 4975)
4(4975 4976 5016 5015)
4(5015 5016 5056 5055)
4(5055 5056 5096 5095)
4(5095 5096 5136 5135)
4(5135 5136 5176 5175)
4(5175 5176 5216 5215)
4(5215 5216 5256 5255)
4(5255 5256 5296 5295)
4(5295 5296 5336 5335)
4(5335 5336 5376 5375)
4(5375 5376 5416 5415)
4(5415 5416 5456 5455)
4(5455 5456 5496 5495)
4(5495 5496 5536 5535)
4(5535 5536 5576 5575)
4(5575 5576 5616 5615)
4(5615 5616 5656 5655)
4(5655 5656 5696 5695)
4(5695 5696 5736 5735)
4(5735 5736 5776 5775)
4(5775 5776 5816 5815)
4(5815 5816 5856 5855)
4(5855 5856 5896 5895)
4(5895 5896 5936 5935)
4(5935 5936 5976 5975)
4(5975 5976 6016 6015)
4(6015 6016 6056 6055)
4(6055 6056 6096 6095)
4(6095 6096 6136 6135)
4(6135 6136 6176 6175)
4(6175 6176 6216 6215)
4(6215 6216 6256 6255)
4(6255 6256 6296 6295)
4(6295 6296 6336 6335)
4(6335 6336 6376 6375)
4(6375 6376 6416 6415)
4(6415 6416 6456 6455)
4(6455 6456 6496 6495)
4(6495 6496 6536 6535)
4(6535 6536 6576 6575)
4(6575 6576 6616 6615)
4(6615 6616 6656 6655)
4(6655 6656 6696 6695)
4(6695 6696 6736 6735)
4(6735 6736 6776 6775)
4(6775 6776 6816 6815)
4(6815 6816 6856 6855)
4(6855 6856 6896 6895)
4(6895 6896 6936 6935)
4(6935 6936 6976 6975)
4(6975 6976 7016 7015)
4(7015 7016 7056 7055)
4(7055 7056 7096 7095)
4(7095 7096 7136 7135)
4(7135 7136 7176 7175)
4(7175 7176 7216 7215)
4(7215 7216 7256 7255)
4(7255 7256 7296 7295)
4(7295 7296 7336 7335)
4(7335 7336 7376 7375)
4(7375 7376 7416 7415)
4(7415 7416 7456 7455)
4(7455 7456 7496 7495)
4(7495 7496 7536 7535)
4(7535 7536 7576 7575)
4(7575 7576 7616 7615)
4(7615 7616 7656 7655)
4(7655 7656 7696 7695)
4(7695 7696 7736 7735)
4(7735 7736 7776 7775)
4(7775 7776 7816 7815)
4(7815 7816 7856 7855)
4(7855 7856 7896 7895)
4(7895 7896 7936 7935)
4(7935 7936 7976 7975)
4(7975 7976 8016 8015)
4(8015 8016 8056 8055)
4(8055 8056 8096 8095)
4(8095 8096 8136 8135)
4(8135 8136 8176 8175)
4(8175 8176 8216 8215)
4(8215 8216 8256 8255)
4(8255 8256 8296 8295)
4(8295 8296 8336 8335)
4(8335 8336 8376 8375)
4(8375 8376 8416 8415)
4(8415 8416 8456 8455)
4(8455 8456 8496 8495)
4(8495 8496 8536 8535)
4(8535 8536 8576 8575)
4(8575 8576 8616 8615)
4(8615 8616 8656 8655)
4(8655 8656 8696 8695)
4(4696 4697 4737 4736)
4(4736 4737 4777 4776)
4(4776 4777 4817 4816)
4(4816 4817 4857 4856)
4(4856 4857 4897 4896)
4(4896 4897 4937 4936)
4(4936 4937 4977 4976)
4(4976 4977 5017 5016)
4(5016 5017 5057 5056)
4(5056 5057 5097 5096)
4(5096 5097 5137 5136)
4(5136 5137 5177 5176)
4(5176 5177 5217 5216)
4(5216 5217 5257 5256)
4(5256 5257 5297 5296)
4(5296 5297 5337 5336)
4(5336 5337 5377 5376)
4(5376 5377 5417 5416)
4(5416 5417 5457 5456)
4(5456 5457 5497 5496)
4(5496 5497 5537 5536)
4(5536 5537 5577 5576)
4(5576 5577 5617 5616)
4(5616 5617 5657 5656)
4(5656 5657 5697 5696)
4(5696 5697 5737 5736)
4(5736 5737 5777 5776)
4(5776 5777 5817 5816)
4(5816 5817 5857 5856)
4(5856 5857 5897 5896)
4(5896 5897 5937 5936)
4(5936 5937 5977 5976)
4(5976 5977 6017 6016)
4(6016 6017 6057 6056)
4(6056 6057 6097 6096)
4(6096 6097 6137 6136)
4(6136 6137 6177 6176)
4(6176 6177 6217 6216)
4(6216 6217 6257 6256)
4(6256 6257 6297 6296)
4(6296 6297 6337 6336)
4(6336 6337 6377 6376)
4(6376 6377 6417 6416)
4(6416 6417 6457 6456)
4(6456 6457 6497 6496)
4(6496 6497 6537 6536)
4(6536 6537 6577 6576)
4(6576 6577 6617 6616)
4(6616 6617 6657 6656)
4(6656 6657 6697 6696)
4(6696 6697 6737 6736)
4(6736 6737 6777 6776)
4(6776 6777 6817 6816)
4(6816 6817 6857 6856)
4(6856 6857 6897 6896)
4(6896 6897 6937 6936)
4(6936 6937 6977 6976)
4(6976 6977 7017 7016)
4(7016 7017 7057 7056)
4(7056 7057 7097 7096)
4(7096 7097 7137 7136)
4(7136 7137 7177 7176)
4(7176 7177 7217 7216)
4(7216 7217 7257 7256)
4(7256 7257 7297 7296)
4(7296 7297 7337 7336)
4(7336 7337 7377 7376)
4(7376 7377 7417 7416)
4(7416 7417 7457 7456)
4(7456 7457 7497 7496)
4(7496 7497 7537 7536)
4(7536 7537 7577 7576)
4(7576 7577 7617 7616)
4(7616 7617 7657 7656)
4(7656 7657 7697 7696)
4(7696 7697 7737 7736)
4(7736 7737 7777 7776)
4(7776 7777 7817 7816)
4(7816 7817 7857 7856)
4(7856 7857 7897 7896)
4(7896 7897 7937 7936)
4(7936 7937 7977 7976)
4(7976 7977 8017 8016)
4(8016 8017 8057 8056)
4(8056 8057 8097 8096)
4(8096 8097 8137 8136)
4(8136 8137 8177 8176)
4(8176 8177 8217 8216)
4(8216 8217 8257 8256)
4(8256 8257 8297 8296)
4(8296 8297 8337 8336)
4(8336 8337 8377 8376)
4(8376 8377 8417 8416)
4(8416 8417 8457 8456)
4(8456 8457 8497 8496)
4(8496 8497 8537 8536)
4(8536 8537 8577 8576)
4(8576 8577 8617 8616)
4(8616 8617 8657 8656)
4(8656 8657 8697 8696)
4(4697 4698 4738 4737)
4(4737 4738 4778 4777)
4(4777 4778 4818 4817)
4(4817 4818 4858 4857)
4(4857 4858 4898 4897)
4(4897 4898 4938 4937)
4(4937 4938 4978 4977)
4(4977 4978 5018 5017)
4(5017 5018 5058 5057)
4(5057 5058 5098 5097)
4(5097 5098 5138 5137)
4(5137 5138 5178 5177)
4(5177 5178 5218 5217)
4(5217 5218 5258 5257)
4(5257 5258 5298 5297)
4(5297 5298 5338 5337)
4(5337 5338 5378 5377)
4(5377 5378 5418 5417)
4(5417 5418 5458 5457)
4(5457 5458 5498 5497)
4(5497 5498 5538 5537)
4(5537 5538 5578 5577)
4(5577 5578 5618 5617)
4(5617 5618 5658 5657)
4(5657 5658 5698 5697)
4(5697 5698 5738 5737)
4(5737 5738 5778 5777)
4(5777 5778 5818 5817)
4(5817 5818 5858 5857)
4(5857 5858 5898 5897)
4(5897 5898 5938 5937)
4(5937 5938 5978 5977)
4(5977 5978 6018 6017)
4(6017 6018 6058 6057)
4(6057 6058 6098 6097)
4(6097 6098 6138 6137)
4(6137 6138 6178 6177)
4(6177 6178 6218 6217)
4(6217 6218 6258 6257)
4(6257 6258 6298 6297)
4(6297 6298 6338 6337)
4(6337 6338 6378 6377)
4(6377 6378 6418 6417)
4(6417 6418 6458 6457)
4(6457 6458 6498 6497)
4(6497 6498 6538 6537)
4(6537 6538 6578 6577)
4(6577 6578 6618 6617)
4(6617 6618 6658 6657)
4(6657 6658 6698 6697)
4(6697 6698 6738 6737)
4(6737 6738 6778 6777)
4(6777 6778 6818 6817)
4(6817 6818 6858 6857)
4(6857 6858 6898 6897)
4(6897 6898 6938 6937)
4(6937 6938 6978 6977)
4(6977 6978 7018 7017)
4(7017 7018 7058 7057)
4(7057 7058 7098 7097)
4(7097 7098 7138 7137)
4(7137 7138 7178 7177)
4(7177 7178 7218 7217)
4(7217 7218 7258 7257)
4(7257 7258 7298 7297)
4(7297 7298 7338 7337)
4(7337 7338 7378 7377)
4(7377 7378 7418 7417)
4(7417 7418 7458 7457)
4(7457 7458 7498 7497)
4(7497 7498 7538 7537)
4(7537 7538 7578 7577)
4(7577 7578 7618 7617)
4(7617 7618 7658 7657)
4(7657 7658 7698 7697)
4(7697 7698 7738 7737)
4(7737 7738 7778 7777)
4(7777 7778 7818 7817)
4(7817 7818 7858 7857)
4(7857 7858 7898 7897)
4(7897 7898 7938 7937)
4(7937 7938 7978 7977)
4(7977 7978 8018 8017)
4(8017 8018 8058 8057)
4(8057 8058 8098 8097)
4(8097 8098 8138 8137)
4(8137 8138 8178 8177)
4(8177 8178 8218 8217)
4(8217 8218 8258 8257)
4(8257 8258 8298 8297)
4(8297 8298 8338 8337)
4(8337 8338 8378 8377)
4(8377 8378 8418 8417)
4(8417 8418 8458 8457)
4(8457 8458 8498 8497)
4(8497 8498 8538 8537)
4(8537 8538 8578 8577)
4(8577 8578 8618 8617)
4(8617 8618 8658 8657)
4(8657 8658 8698 8697)
4(4698 4699 4739 4738)
4(4738 4739 4779 4778)
4(4778 4779 4819 4818)
4(4818 4819 4859 4858)
4(4858 4859 4899 4898)
4(4898 4899 4939 4938)
4(4938 4939 4979 4978)
4(4978 4979 5019 5018)
4(5018 5019 5059 5058)
4(5058 5059 5099 5098)
4(5098 5099 5139 5138)
4(5138 5139 5179 5178)
4(5178 5179 5219 5218)
4(5218 5219 5259 5258)
4(5258 5259 5299 5298)
4(5298 5299 5339 5338)
4(5338 5339 5379 5378)
4(5378 5379 5419 5418)
4(5418 5419 5459 5458)
4(5458 5459 5499 5498)
4(5498 5499 5539 5538)
4(5538 5539 5579 5578)
4(5578 5579 5619 5618)
4(5618 5619 5659 5658)
4(5658 5659 5699 5698)
4(5698 5699 5739 5738)
4(5738 5739 5779 5778)
4(5778 5779 5819 5818)
4(5818 5819 5859 5858)
4(5858 5859 5899 5898)
4(5898 5899 5939 5938)
4(5938 5939 5979 5978)
4(5978 5979 6019 6018)
4(6018 6019 6059 6058)
4(6058 6059 6099 6098)
4(6098 6099 6139 6138)
4(6138 6139 6179 6178)
4(6178 6179 6219 6218)
4(6218 6219 6259 6258)
4(6258 6259 6299 6298)
4(6298 6299 6339 6338)
4(6338 6339 6379 6378)
4(6378 6379 6419 6418)
4(6418 6419 6459 6458)
4(6458 6459 6499 6498)
4(6498 6499 6539 6538)
4(6538 6539 6579 6578)
4(6578 6579 6619 6618)
4(6618 6619 6659 6658)
4(6658 6659 6699 6698)
4(6698 6699 6739 6738)
4(6738 6739 6779 6778)
4(6778 6779 6819 6818)
4(6818 6819 6859 6858)
4(6858 6859 6899 6898)
4(6898 6899 6939 6938)
4(6938 6939 6979 6978)
4(6978 6979 7019 7018)
4(7018 7019 7059 7058)
4(7058 7059 7099 7098)
4(7098 7099 7139 7138)
4(7138 7139 7179 7178)
4(7178 7179 7219 7218)
4(7218 7219 7259 7258)
4(7258 7259 7299 7298)
4(7298 7299 7339 7338)
4(7338 7339 7379 7378)
4(7378 7379 7419 7418)
4(7418 7419 7459 7458)
4(7458 7459 7499 7498)
4(7498 7499 7539 7538)
4(7538 7539 7579 7578)
4(7578 7579 7619 7618)
4(7618 7619 7659 7658)
4(7658 7659 7699 7698)
4(7698 7699 7739 7738)
4(7738 7739 7779 7778)
4(7778 7779 7819 7818)
4(7818 7819 7859 7858)
4(7858 7859 7899 7898)
4(7898 7899 7939 7938)
4(7938 7939 7979 7978)
4(7978 7979 8019 8018)
4(8018 8019 8059 8058)
4(8058 8059 8099 8098)
4(8098 8099 8139 8138)
4(8138 8139 8179 8178)
4(8178 8179 8219 8218)
4(8218 8219 8259 8258)
4(8258 8259 8299 8298)
4(8298 8299 8339 8338)
4(8338 8339 8379 8378)
4(8378 8379 8419 8418)
4(8418 8419 8459 8458)
4(8458 8459 8499 8498)
4(8498 8499 8539 8538)
4(8538 8539 8579 8578)
4(8578 8579 8619 8618)
4(8618 8619 8659 8658)
4(8658 8659 8699 8698)
4(4699 4700 4740 4739)
4(4739 4740 4780 4779)
4(4779 4780 4820 4819)
4(4819 4820 4860 4859)
4(4859 4860 4900 4899)
4(4899 4900 4940 4939)
4(4939 4940 4980 4979)
4(4979 4980 5020 5019)
4(5019 5020 5060 5059)
4(5059 5060 5100 5099)
4(5099 5100 5140 5139)
4(5139 5140 5180 5179)
4(5179 5180 5220 5219)
4(5219 5220 5260 5259)
4(5259 5260 5300 5299)
4(5299 5300 5340 5339)
4(5339 5340 5380 5379)
4(5379 5380 5420 5419)
4(5419 5420 5460 5459)
4(5459 5460 5500 5499)
4(5499 5500 5540 5539)
4(5539 5540 5580 5579)
4(5579 5580 5620 5619)
4(5619 5620 5660 5659)
4(5659 5660 5700 5699)
4(5699 5700 5740 5739)
4(5739 5740 5780 5779)
4(5779 5780 5820 5819)
4(5819 5820 5860 5859)
4(5859 5860 5900 5899)
4(5899 5900 5940 5939)
4(5939 5940 5980 5979)
4(5979 5980 6020 6019)
4(6019 6020 6060 6059)
4(6059 6060 6100 6099)
4(6099 6100 6140 6139)
4(6139 6140 6180 6179)
4(6179 6180 6220 6219)
4(6219 6220 6260 6259)
4(6259 6260 6300 6299)
4(6299 6300 6340 6339)
4(6339 6340 6380 6379)
4(6379 6380 6420 6419)
4(6419 6420 6460 6459)
4(6459 6460 6500 6499)
4(6499 6500 6540 6539)
4(6539 6540 6580 6579)
4(6579 6580 6620 6619)
4(6619 6620 6660 6659)
4(6659 6660 6700 6699)
4(6699 6700 6740 6739)
4(6739 6740 6780 6779)
4(6779 6780 6820 6819)
4(6819 6820 6860 6859)
4(6859 6860 6900 6899)
4(6899 6900 6940 6939)
4(6939 6940 6980 6979)
4(6979 6980 7020 7019)
4(7019 7020 7060 7059)
4(7059 7060 7100 7099)
4(7099 7100 7140 7139)
4(7139 7140 7180 7179)
4(7179 7180 7220 7219)
4(7219 7220 7260 7259)
4(7259 7260 7300 7299)
4(7299 7300 7340 7339)
4(7339 7340 7380 7379)
4(7379 7380 7420 7419)
4(7419 7420 7460 7459)
4(7459 7460 7500 7499)
4(7499 7500 7540 7539)
4(7539 7540 7580 7579)
4(7579 7580 7620 7619)
4(7619 7620 7660 7659)
4(7659 7660 7700 7699)
4(7699 7700 7740 7739)
4(7739 7740 7780 7779)
4(7779 7780 7820 7819)
4(7819 7820 7860 7859)
4(7859 7860 7900 7899)
4(7899 7900 7940 7939)
4(7939 7940 7980 7979)
4(7979 7980 8020 8019)
4(8019 8020 8060 8059)
4(8059 8060 8100 8099)
4(8099 8100 8140 8139)
4(8139 8140 8180 8179)
4(8179 8180 8220 8219)
4(8219 8220 8260 8259)
4(8259 8260 8300 8299)
4(8299 8300 8340 8339)
4(8339 8340 8380 8379)
4(8379 8380 8420 8419)
4(8419 8420 8460 8459)
4(8459 8460 8500 8499)
4(8499 8500 8540 8539)
4(8539 8540 8580 8579)
4(8579 8580 8620 8619)
4(8619 8620 8660 8659)
4(8659 8660 8700 8699)
)


// ************************************************************************* //
