/*--------------------------------*- C++ -*----------------------------------*\
| =========                 |                                                 |
| \\      /  F ield         | OpenFOAM: The Open Source CFD Toolbox           |
|  \\    /   O peration     | Version:  2406                                  |
|   \\  /    A nd           | Website:  www.openfoam.com                      |
|    \\/     M anipulation  |                                                 |
\*---------------------------------------------------------------------------*/
FoamFile
{
    version     2.0;
    format      ascii;
    arch        "LSB;label=32;scalar=64";
    class       vectorField;
    location    "constant/polyMesh";
    object      points;
}
// * * * * * * * * * * * * * * * * * * * * * * * * * * * * * * * * * * * * * //


8721
(
(0 0 0)
(6.66032e-05 -2.907933333e-06 0)
(0.0001332064 -5.815866667e-06 0)
(0.0001998096 -8.7238e-06 0)
(0.0002664128 -1.163173333e-05 0)
(0.000333016 -1.453966667e-05 0)
(0.0003996192 -1.74476e-05 0)
(0.0004662224 -2.035553333e-05 0)
(0.0005328256 -2.326346667e-05 0)
(0.0005994288 -2.61714e-05 0)
(0.000666032 -2.907933333e-05 0)
(0.0007326352 -3.198726667e-05 0)
(0.0007992384 -3.48952e-05 0)
(0.0008658416 -3.780313333e-05 0)
(0.0009324448 -4.071106667e-05 0)
(0.000999048 -4.3619e-05 0)
(6.66032e-05 2.907933333e-06 0)
(0.0001332064 5.815866667e-06 0)
(0.0001998096 8.7238e-06 0)
(0.0002664128 1.163173333e-05 0)
(0.000333016 1.453966667e-05 0)
(0.0003996192 1.74476e-05 0)
(0.0004662224 2.035553333e-05 0)
(0.0005328256 2.326346667e-05 0)
(0.0005994288 2.61714e-05 0)
(0.000666032 2.907933333e-05 0)
(0.0007326352 3.198726667e-05 0)
(0.0007992384 3.48952e-05 0)
(0.0008658416 3.780313333e-05 0)
(0.0009324448 4.071106667e-05 0)
(0.000999048 4.3619e-05 0)
(0 0 0.0001)
(6.66032e-05 -2.907933333e-06 0.0001)
(0.0001332064 -5.815866667e-06 0.0001)
(0.0001998096 -8.7238e-06 0.0001)
(0.0002664128 -1.163173333e-05 0.0001)
(0.000333016 -1.453966667e-05 0.0001)
(0.0003996192 -1.74476e-05 0.0001)
(0.0004662224 -2.035553333e-05 0.0001)
(0.0005328256 -2.326346667e-05 0.0001)
(0.0005994288 -2.61714e-05 0.0001)
(0.000666032 -2.907933333e-05 0.0001)
(0.0007326352 -3.198726667e-05 0.0001)
(0.0007992384 -3.48952e-05 0.0001)
(0.0008658416 -3.780313333e-05 0.0001)
(0.0009324448 -4.071106667e-05 0.0001)
(0.000999048 -4.3619e-05 0.0001)
(6.66032e-05 2.907933333e-06 0.0001)
(0.0001332064 5.815866667e-06 0.0001)
(0.0001998096 8.7238e-06 0.0001)
(0.0002664128 1.163173333e-05 0.0001)
(0.000333016 1.453966667e-05 0.0001)
(0.0003996192 1.74476e-05 0.0001)
(0.0004662224 2.035553333e-05 0.0001)
(0.0005328256 2.326346667e-05 0.0001)
(0.0005994288 2.61714e-05 0.0001)
(0.000666032 2.907933333e-05 0.0001)
(0.0007326352 3.198726667e-05 0.0001)
(0.0007992384 3.48952e-05 0.0001)
(0.0008658416 3.780313333e-05 0.0001)
(0.0009324448 4.071106667e-05 0.0001)
(0.000999048 4.3619e-05 0.0001)
(0 0 0.0002)
(6.66032e-05 -2.907933333e-06 0.0002)
(0.0001332064 -5.815866667e-06 0.0002)
(0.0001998096 -8.7238e-06 0.0002)
(0.0002664128 -1.163173333e-05 0.0002)
(0.000333016 -1.453966667e-05 0.0002)
(0.0003996192 -1.74476e-05 0.0002)
(0.0004662224 -2.035553333e-05 0.0002)
(0.0005328256 -2.326346667e-05 0.0002)
(0.0005994288 -2.61714e-05 0.0002)
(0.000666032 -2.907933333e-05 0.0002)
(0.0007326352 -3.198726667e-05 0.0002)
(0.0007992384 -3.48952e-05 0.0002)
(0.0008658416 -3.780313333e-05 0.0002)
(0.0009324448 -4.071106667e-05 0.0002)
(0.000999048 -4.3619e-05 0.0002)
(6.66032e-05 2.907933333e-06 0.0002)
(0.0001332064 5.815866667e-06 0.0002)
(0.0001998096 8.7238e-06 0.0002)
(0.0002664128 1.163173333e-05 0.0002)
(0.000333016 1.453966667e-05 0.0002)
(0.0003996192 1.74476e-05 0.0002)
(0.0004662224 2.035553333e-05 0.0002)
(0.0005328256 2.326346667e-05 0.0002)
(0.0005994288 2.61714e-05 0.0002)
(0.000666032 2.907933333e-05 0.0002)
(0.0007326352 3.198726667e-05 0.0002)
(0.0007992384 3.48952e-05 0.0002)
(0.0008658416 3.780313333e-05 0.0002)
(0.0009324448 4.071106667e-05 0.0002)
(0.000999048 4.3619e-05 0.0002)
(0 0 0.0003)
(6.66032e-05 -2.907933333e-06 0.0003)
(0.0001332064 -5.815866667e-06 0.0003)
(0.0001998096 -8.7238e-06 0.0003)
(0.0002664128 -1.163173333e-05 0.0003)
(0.000333016 -1.453966667e-05 0.0003)
(0.0003996192 -1.74476e-05 0.0003)
(0.0004662224 -2.035553333e-05 0.0003)
(0.0005328256 -2.326346667e-05 0.0003)
(0.0005994288 -2.61714e-05 0.0003)
(0.000666032 -2.907933333e-05 0.0003)
(0.0007326352 -3.198726667e-05 0.0003)
(0.0007992384 -3.48952e-05 0.0003)
(0.0008658416 -3.780313333e-05 0.0003)
(0.0009324448 -4.071106667e-05 0.0003)
(0.000999048 -4.3619e-05 0.0003)
(6.66032e-05 2.907933333e-06 0.0003)
(0.0001332064 5.815866667e-06 0.0003)
(0.0001998096 8.7238e-06 0.0003)
(0.0002664128 1.163173333e-05 0.0003)
(0.000333016 1.453966667e-05 0.0003)
(0.0003996192 1.74476e-05 0.0003)
(0.0004662224 2.035553333e-05 0.0003)
(0.0005328256 2.326346667e-05 0.0003)
(0.0005994288 2.61714e-05 0.0003)
(0.000666032 2.907933333e-05 0.0003)
(0.0007326352 3.198726667e-05 0.0003)
(0.0007992384 3.48952e-05 0.0003)
(0.0008658416 3.780313333e-05 0.0003)
(0.0009324448 4.071106667e-05 0.0003)
(0.000999048 4.3619e-05 0.0003)
(0 0 0.0004)
(6.66032e-05 -2.907933333e-06 0.0004)
(0.0001332064 -5.815866667e-06 0.0004)
(0.0001998096 -8.7238e-06 0.0004)
(0.0002664128 -1.163173333e-05 0.0004)
(0.000333016 -1.453966667e-05 0.0004)
(0.0003996192 -1.74476e-05 0.0004)
(0.0004662224 -2.035553333e-05 0.0004)
(0.0005328256 -2.326346667e-05 0.0004)
(0.0005994288 -2.61714e-05 0.0004)
(0.000666032 -2.907933333e-05 0.0004)
(0.0007326352 -3.198726667e-05 0.0004)
(0.0007992384 -3.48952e-05 0.0004)
(0.0008658416 -3.780313333e-05 0.0004)
(0.0009324448 -4.071106667e-05 0.0004)
(0.000999048 -4.3619e-05 0.0004)
(6.66032e-05 2.907933333e-06 0.0004)
(0.0001332064 5.815866667e-06 0.0004)
(0.0001998096 8.7238e-06 0.0004)
(0.0002664128 1.163173333e-05 0.0004)
(0.000333016 1.453966667e-05 0.0004)
(0.0003996192 1.74476e-05 0.0004)
(0.0004662224 2.035553333e-05 0.0004)
(0.0005328256 2.326346667e-05 0.0004)
(0.0005994288 2.61714e-05 0.0004)
(0.000666032 2.907933333e-05 0.0004)
(0.0007326352 3.198726667e-05 0.0004)
(0.0007992384 3.48952e-05 0.0004)
(0.0008658416 3.780313333e-05 0.0004)
(0.0009324448 4.071106667e-05 0.0004)
(0.000999048 4.3619e-05 0.0004)
(0 0 0.0005)
(6.66032e-05 -2.907933333e-06 0.0005)
(0.0001332064 -5.815866667e-06 0.0005)
(0.0001998096 -8.7238e-06 0.0005)
(0.0002664128 -1.163173333e-05 0.0005)
(0.000333016 -1.453966667e-05 0.0005)
(0.0003996192 -1.74476e-05 0.0005)
(0.0004662224 -2.035553333e-05 0.0005)
(0.0005328256 -2.326346667e-05 0.0005)
(0.0005994288 -2.61714e-05 0.0005)
(0.000666032 -2.907933333e-05 0.0005)
(0.0007326352 -3.198726667e-05 0.0005)
(0.0007992384 -3.48952e-05 0.0005)
(0.0008658416 -3.780313333e-05 0.0005)
(0.0009324448 -4.071106667e-05 0.0005)
(0.000999048 -4.3619e-05 0.0005)
(6.66032e-05 2.907933333e-06 0.0005)
(0.0001332064 5.815866667e-06 0.0005)
(0.0001998096 8.7238e-06 0.0005)
(0.0002664128 1.163173333e-05 0.0005)
(0.000333016 1.453966667e-05 0.0005)
(0.0003996192 1.74476e-05 0.0005)
(0.0004662224 2.035553333e-05 0.0005)
(0.0005328256 2.326346667e-05 0.0005)
(0.0005994288 2.61714e-05 0.0005)
(0.000666032 2.907933333e-05 0.0005)
(0.0007326352 3.198726667e-05 0.0005)
(0.0007992384 3.48952e-05 0.0005)
(0.0008658416 3.780313333e-05 0.0005)
(0.0009324448 4.071106667e-05 0.0005)
(0.000999048 4.3619e-05 0.0005)
(0 0 0.0006)
(6.66032e-05 -2.907933333e-06 0.0006)
(0.0001332064 -5.815866667e-06 0.0006)
(0.0001998096 -8.7238e-06 0.0006)
(0.0002664128 -1.163173333e-05 0.0006)
(0.000333016 -1.453966667e-05 0.0006)
(0.0003996192 -1.74476e-05 0.0006)
(0.0004662224 -2.035553333e-05 0.0006)
(0.0005328256 -2.326346667e-05 0.0006)
(0.0005994288 -2.61714e-05 0.0006)
(0.000666032 -2.907933333e-05 0.0006)
(0.0007326352 -3.198726667e-05 0.0006)
(0.0007992384 -3.48952e-05 0.0006)
(0.0008658416 -3.780313333e-05 0.0006)
(0.0009324448 -4.071106667e-05 0.0006)
(0.000999048 -4.3619e-05 0.0006)
(6.66032e-05 2.907933333e-06 0.0006)
(0.0001332064 5.815866667e-06 0.0006)
(0.0001998096 8.7238e-06 0.0006)
(0.0002664128 1.163173333e-05 0.0006)
(0.000333016 1.453966667e-05 0.0006)
(0.0003996192 1.74476e-05 0.0006)
(0.0004662224 2.035553333e-05 0.0006)
(0.0005328256 2.326346667e-05 0.0006)
(0.0005994288 2.61714e-05 0.0006)
(0.000666032 2.907933333e-05 0.0006)
(0.0007326352 3.198726667e-05 0.0006)
(0.0007992384 3.48952e-05 0.0006)
(0.0008658416 3.780313333e-05 0.0006)
(0.0009324448 4.071106667e-05 0.0006)
(0.000999048 4.3619e-05 0.0006)
(0 0 0.0007)
(6.66032e-05 -2.907933333e-06 0.0007)
(0.0001332064 -5.815866667e-06 0.0007)
(0.0001998096 -8.7238e-06 0.0007)
(0.0002664128 -1.163173333e-05 0.0007)
(0.000333016 -1.453966667e-05 0.0007)
(0.0003996192 -1.74476e-05 0.0007)
(0.0004662224 -2.035553333e-05 0.0007)
(0.0005328256 -2.326346667e-05 0.0007)
(0.0005994288 -2.61714e-05 0.0007)
(0.000666032 -2.907933333e-05 0.0007)
(0.0007326352 -3.198726667e-05 0.0007)
(0.0007992384 -3.48952e-05 0.0007)
(0.0008658416 -3.780313333e-05 0.0007)
(0.0009324448 -4.071106667e-05 0.0007)
(0.000999048 -4.3619e-05 0.0007)
(6.66032e-05 2.907933333e-06 0.0007)
(0.0001332064 5.815866667e-06 0.0007)
(0.0001998096 8.7238e-06 0.0007)
(0.0002664128 1.163173333e-05 0.0007)
(0.000333016 1.453966667e-05 0.0007)
(0.0003996192 1.74476e-05 0.0007)
(0.0004662224 2.035553333e-05 0.0007)
(0.0005328256 2.326346667e-05 0.0007)
(0.0005994288 2.61714e-05 0.0007)
(0.000666032 2.907933333e-05 0.0007)
(0.0007326352 3.198726667e-05 0.0007)
(0.0007992384 3.48952e-05 0.0007)
(0.0008658416 3.780313333e-05 0.0007)
(0.0009324448 4.071106667e-05 0.0007)
(0.000999048 4.3619e-05 0.0007)
(0 0 0.0008)
(6.66032e-05 -2.907933333e-06 0.0008)
(0.0001332064 -5.815866667e-06 0.0008)
(0.0001998096 -8.7238e-06 0.0008)
(0.0002664128 -1.163173333e-05 0.0008)
(0.000333016 -1.453966667e-05 0.0008)
(0.0003996192 -1.74476e-05 0.0008)
(0.0004662224 -2.035553333e-05 0.0008)
(0.0005328256 -2.326346667e-05 0.0008)
(0.0005994288 -2.61714e-05 0.0008)
(0.000666032 -2.907933333e-05 0.0008)
(0.0007326352 -3.198726667e-05 0.0008)
(0.0007992384 -3.48952e-05 0.0008)
(0.0008658416 -3.780313333e-05 0.0008)
(0.0009324448 -4.071106667e-05 0.0008)
(0.000999048 -4.3619e-05 0.0008)
(6.66032e-05 2.907933333e-06 0.0008)
(0.0001332064 5.815866667e-06 0.0008)
(0.0001998096 8.7238e-06 0.0008)
(0.0002664128 1.163173333e-05 0.0008)
(0.000333016 1.453966667e-05 0.0008)
(0.0003996192 1.74476e-05 0.0008)
(0.0004662224 2.035553333e-05 0.0008)
(0.0005328256 2.326346667e-05 0.0008)
(0.0005994288 2.61714e-05 0.0008)
(0.000666032 2.907933333e-05 0.0008)
(0.0007326352 3.198726667e-05 0.0008)
(0.0007992384 3.48952e-05 0.0008)
(0.0008658416 3.780313333e-05 0.0008)
(0.0009324448 4.071106667e-05 0.0008)
(0.000999048 4.3619e-05 0.0008)
(0 0 0.0009)
(6.66032e-05 -2.907933333e-06 0.0009)
(0.0001332064 -5.815866667e-06 0.0009)
(0.0001998096 -8.7238e-06 0.0009)
(0.0002664128 -1.163173333e-05 0.0009)
(0.000333016 -1.453966667e-05 0.0009)
(0.0003996192 -1.74476e-05 0.0009)
(0.0004662224 -2.035553333e-05 0.0009)
(0.0005328256 -2.326346667e-05 0.0009)
(0.0005994288 -2.61714e-05 0.0009)
(0.000666032 -2.907933333e-05 0.0009)
(0.0007326352 -3.198726667e-05 0.0009)
(0.0007992384 -3.48952e-05 0.0009)
(0.0008658416 -3.780313333e-05 0.0009)
(0.0009324448 -4.071106667e-05 0.0009)
(0.000999048 -4.3619e-05 0.0009)
(6.66032e-05 2.907933333e-06 0.0009)
(0.0001332064 5.815866667e-06 0.0009)
(0.0001998096 8.7238e-06 0.0009)
(0.0002664128 1.163173333e-05 0.0009)
(0.000333016 1.453966667e-05 0.0009)
(0.0003996192 1.74476e-05 0.0009)
(0.0004662224 2.035553333e-05 0.0009)
(0.0005328256 2.326346667e-05 0.0009)
(0.0005994288 2.61714e-05 0.0009)
(0.000666032 2.907933333e-05 0.0009)
(0.0007326352 3.198726667e-05 0.0009)
(0.0007992384 3.48952e-05 0.0009)
(0.0008658416 3.780313333e-05 0.0009)
(0.0009324448 4.071106667e-05 0.0009)
(0.000999048 4.3619e-05 0.0009)
(0 0 0.001)
(6.66032e-05 -2.907933333e-06 0.001)
(0.0001332064 -5.815866667e-06 0.001)
(0.0001998096 -8.7238e-06 0.001)
(0.0002664128 -1.163173333e-05 0.001)
(0.000333016 -1.453966667e-05 0.001)
(0.0003996192 -1.74476e-05 0.001)
(0.0004662224 -2.035553333e-05 0.001)
(0.0005328256 -2.326346667e-05 0.001)
(0.0005994288 -2.61714e-05 0.001)
(0.000666032 -2.907933333e-05 0.001)
(0.0007326352 -3.198726667e-05 0.001)
(0.0007992384 -3.48952e-05 0.001)
(0.0008658416 -3.780313333e-05 0.001)
(0.0009324448 -4.071106667e-05 0.001)
(0.000999048 -4.3619e-05 0.001)
(6.66032e-05 2.907933333e-06 0.001)
(0.0001332064 5.815866667e-06 0.001)
(0.0001998096 8.7238e-06 0.001)
(0.0002664128 1.163173333e-05 0.001)
(0.000333016 1.453966667e-05 0.001)
(0.0003996192 1.74476e-05 0.001)
(0.0004662224 2.035553333e-05 0.001)
(0.0005328256 2.326346667e-05 0.001)
(0.0005994288 2.61714e-05 0.001)
(0.000666032 2.907933333e-05 0.001)
(0.0007326352 3.198726667e-05 0.001)
(0.0007992384 3.48952e-05 0.001)
(0.0008658416 3.780313333e-05 0.001)
(0.0009324448 4.071106667e-05 0.001)
(0.000999048 4.3619e-05 0.001)
(0 0 0.0011)
(6.66032e-05 -2.907933333e-06 0.0011)
(0.0001332064 -5.815866667e-06 0.0011)
(0.0001998096 -8.7238e-06 0.0011)
(0.0002664128 -1.163173333e-05 0.0011)
(0.000333016 -1.453966667e-05 0.0011)
(0.0003996192 -1.74476e-05 0.0011)
(0.0004662224 -2.035553333e-05 0.0011)
(0.0005328256 -2.326346667e-05 0.0011)
(0.0005994288 -2.61714e-05 0.0011)
(0.000666032 -2.907933333e-05 0.0011)
(0.0007326352 -3.198726667e-05 0.0011)
(0.0007992384 -3.48952e-05 0.0011)
(0.0008658416 -3.780313333e-05 0.0011)
(0.0009324448 -4.071106667e-05 0.0011)
(0.000999048 -4.3619e-05 0.0011)
(6.66032e-05 2.907933333e-06 0.0011)
(0.0001332064 5.815866667e-06 0.0011)
(0.0001998096 8.7238e-06 0.0011)
(0.0002664128 1.163173333e-05 0.0011)
(0.000333016 1.453966667e-05 0.0011)
(0.0003996192 1.74476e-05 0.0011)
(0.0004662224 2.035553333e-05 0.0011)
(0.0005328256 2.326346667e-05 0.0011)
(0.0005994288 2.61714e-05 0.0011)
(0.000666032 2.907933333e-05 0.0011)
(0.0007326352 3.198726667e-05 0.0011)
(0.0007992384 3.48952e-05 0.0011)
(0.0008658416 3.780313333e-05 0.0011)
(0.0009324448 4.071106667e-05 0.0011)
(0.000999048 4.3619e-05 0.0011)
(0 0 0.0012)
(6.66032e-05 -2.907933333e-06 0.0012)
(0.0001332064 -5.815866667e-06 0.0012)
(0.0001998096 -8.7238e-06 0.0012)
(0.0002664128 -1.163173333e-05 0.0012)
(0.000333016 -1.453966667e-05 0.0012)
(0.0003996192 -1.74476e-05 0.0012)
(0.0004662224 -2.035553333e-05 0.0012)
(0.0005328256 -2.326346667e-05 0.0012)
(0.0005994288 -2.61714e-05 0.0012)
(0.000666032 -2.907933333e-05 0.0012)
(0.0007326352 -3.198726667e-05 0.0012)
(0.0007992384 -3.48952e-05 0.0012)
(0.0008658416 -3.780313333e-05 0.0012)
(0.0009324448 -4.071106667e-05 0.0012)
(0.000999048 -4.3619e-05 0.0012)
(6.66032e-05 2.907933333e-06 0.0012)
(0.0001332064 5.815866667e-06 0.0012)
(0.0001998096 8.7238e-06 0.0012)
(0.0002664128 1.163173333e-05 0.0012)
(0.000333016 1.453966667e-05 0.0012)
(0.0003996192 1.74476e-05 0.0012)
(0.0004662224 2.035553333e-05 0.0012)
(0.0005328256 2.326346667e-05 0.0012)
(0.0005994288 2.61714e-05 0.0012)
(0.000666032 2.907933333e-05 0.0012)
(0.0007326352 3.198726667e-05 0.0012)
(0.0007992384 3.48952e-05 0.0012)
(0.0008658416 3.780313333e-05 0.0012)
(0.0009324448 4.071106667e-05 0.0012)
(0.000999048 4.3619e-05 0.0012)
(0 0 0.0013)
(6.66032e-05 -2.907933333e-06 0.0013)
(0.0001332064 -5.815866667e-06 0.0013)
(0.0001998096 -8.7238e-06 0.0013)
(0.0002664128 -1.163173333e-05 0.0013)
(0.000333016 -1.453966667e-05 0.0013)
(0.0003996192 -1.74476e-05 0.0013)
(0.0004662224 -2.035553333e-05 0.0013)
(0.0005328256 -2.326346667e-05 0.0013)
(0.0005994288 -2.61714e-05 0.0013)
(0.000666032 -2.907933333e-05 0.0013)
(0.0007326352 -3.198726667e-05 0.0013)
(0.0007992384 -3.48952e-05 0.0013)
(0.0008658416 -3.780313333e-05 0.0013)
(0.0009324448 -4.071106667e-05 0.0013)
(0.000999048 -4.3619e-05 0.0013)
(6.66032e-05 2.907933333e-06 0.0013)
(0.0001332064 5.815866667e-06 0.0013)
(0.0001998096 8.7238e-06 0.0013)
(0.0002664128 1.163173333e-05 0.0013)
(0.000333016 1.453966667e-05 0.0013)
(0.0003996192 1.74476e-05 0.0013)
(0.0004662224 2.035553333e-05 0.0013)
(0.0005328256 2.326346667e-05 0.0013)
(0.0005994288 2.61714e-05 0.0013)
(0.000666032 2.907933333e-05 0.0013)
(0.0007326352 3.198726667e-05 0.0013)
(0.0007992384 3.48952e-05 0.0013)
(0.0008658416 3.780313333e-05 0.0013)
(0.0009324448 4.071106667e-05 0.0013)
(0.000999048 4.3619e-05 0.0013)
(0 0 0.0014)
(6.66032e-05 -2.907933333e-06 0.0014)
(0.0001332064 -5.815866667e-06 0.0014)
(0.0001998096 -8.7238e-06 0.0014)
(0.0002664128 -1.163173333e-05 0.0014)
(0.000333016 -1.453966667e-05 0.0014)
(0.0003996192 -1.74476e-05 0.0014)
(0.0004662224 -2.035553333e-05 0.0014)
(0.0005328256 -2.326346667e-05 0.0014)
(0.0005994288 -2.61714e-05 0.0014)
(0.000666032 -2.907933333e-05 0.0014)
(0.0007326352 -3.198726667e-05 0.0014)
(0.0007992384 -3.48952e-05 0.0014)
(0.0008658416 -3.780313333e-05 0.0014)
(0.0009324448 -4.071106667e-05 0.0014)
(0.000999048 -4.3619e-05 0.0014)
(6.66032e-05 2.907933333e-06 0.0014)
(0.0001332064 5.815866667e-06 0.0014)
(0.0001998096 8.7238e-06 0.0014)
(0.0002664128 1.163173333e-05 0.0014)
(0.000333016 1.453966667e-05 0.0014)
(0.0003996192 1.74476e-05 0.0014)
(0.0004662224 2.035553333e-05 0.0014)
(0.0005328256 2.326346667e-05 0.0014)
(0.0005994288 2.61714e-05 0.0014)
(0.000666032 2.907933333e-05 0.0014)
(0.0007326352 3.198726667e-05 0.0014)
(0.0007992384 3.48952e-05 0.0014)
(0.0008658416 3.780313333e-05 0.0014)
(0.0009324448 4.071106667e-05 0.0014)
(0.000999048 4.3619e-05 0.0014)
(0 0 0.0015)
(6.66032e-05 -2.907933333e-06 0.0015)
(0.0001332064 -5.815866667e-06 0.0015)
(0.0001998096 -8.7238e-06 0.0015)
(0.0002664128 -1.163173333e-05 0.0015)
(0.000333016 -1.453966667e-05 0.0015)
(0.0003996192 -1.74476e-05 0.0015)
(0.0004662224 -2.035553333e-05 0.0015)
(0.0005328256 -2.326346667e-05 0.0015)
(0.0005994288 -2.61714e-05 0.0015)
(0.000666032 -2.907933333e-05 0.0015)
(0.0007326352 -3.198726667e-05 0.0015)
(0.0007992384 -3.48952e-05 0.0015)
(0.0008658416 -3.780313333e-05 0.0015)
(0.0009324448 -4.071106667e-05 0.0015)
(0.000999048 -4.3619e-05 0.0015)
(6.66032e-05 2.907933333e-06 0.0015)
(0.0001332064 5.815866667e-06 0.0015)
(0.0001998096 8.7238e-06 0.0015)
(0.0002664128 1.163173333e-05 0.0015)
(0.000333016 1.453966667e-05 0.0015)
(0.0003996192 1.74476e-05 0.0015)
(0.0004662224 2.035553333e-05 0.0015)
(0.0005328256 2.326346667e-05 0.0015)
(0.0005994288 2.61714e-05 0.0015)
(0.000666032 2.907933333e-05 0.0015)
(0.0007326352 3.198726667e-05 0.0015)
(0.0007992384 3.48952e-05 0.0015)
(0.0008658416 3.780313333e-05 0.0015)
(0.0009324448 4.071106667e-05 0.0015)
(0.000999048 4.3619e-05 0.0015)
(0 0 0.0016)
(6.66032e-05 -2.907933333e-06 0.0016)
(0.0001332064 -5.815866667e-06 0.0016)
(0.0001998096 -8.7238e-06 0.0016)
(0.0002664128 -1.163173333e-05 0.0016)
(0.000333016 -1.453966667e-05 0.0016)
(0.0003996192 -1.74476e-05 0.0016)
(0.0004662224 -2.035553333e-05 0.0016)
(0.0005328256 -2.326346667e-05 0.0016)
(0.0005994288 -2.61714e-05 0.0016)
(0.000666032 -2.907933333e-05 0.0016)
(0.0007326352 -3.198726667e-05 0.0016)
(0.0007992384 -3.48952e-05 0.0016)
(0.0008658416 -3.780313333e-05 0.0016)
(0.0009324448 -4.071106667e-05 0.0016)
(0.000999048 -4.3619e-05 0.0016)
(6.66032e-05 2.907933333e-06 0.0016)
(0.0001332064 5.815866667e-06 0.0016)
(0.0001998096 8.7238e-06 0.0016)
(0.0002664128 1.163173333e-05 0.0016)
(0.000333016 1.453966667e-05 0.0016)
(0.0003996192 1.74476e-05 0.0016)
(0.0004662224 2.035553333e-05 0.0016)
(0.0005328256 2.326346667e-05 0.0016)
(0.0005994288 2.61714e-05 0.0016)
(0.000666032 2.907933333e-05 0.0016)
(0.0007326352 3.198726667e-05 0.0016)
(0.0007992384 3.48952e-05 0.0016)
(0.0008658416 3.780313333e-05 0.0016)
(0.0009324448 4.071106667e-05 0.0016)
(0.000999048 4.3619e-05 0.0016)
(0 0 0.0017)
(6.66032e-05 -2.907933333e-06 0.0017)
(0.0001332064 -5.815866667e-06 0.0017)
(0.0001998096 -8.7238e-06 0.0017)
(0.0002664128 -1.163173333e-05 0.0017)
(0.000333016 -1.453966667e-05 0.0017)
(0.0003996192 -1.74476e-05 0.0017)
(0.0004662224 -2.035553333e-05 0.0017)
(0.0005328256 -2.326346667e-05 0.0017)
(0.0005994288 -2.61714e-05 0.0017)
(0.000666032 -2.907933333e-05 0.0017)
(0.0007326352 -3.198726667e-05 0.0017)
(0.0007992384 -3.48952e-05 0.0017)
(0.0008658416 -3.780313333e-05 0.0017)
(0.0009324448 -4.071106667e-05 0.0017)
(0.000999048 -4.3619e-05 0.0017)
(6.66032e-05 2.907933333e-06 0.0017)
(0.0001332064 5.815866667e-06 0.0017)
(0.0001998096 8.7238e-06 0.0017)
(0.0002664128 1.163173333e-05 0.0017)
(0.000333016 1.453966667e-05 0.0017)
(0.0003996192 1.74476e-05 0.0017)
(0.0004662224 2.035553333e-05 0.0017)
(0.0005328256 2.326346667e-05 0.0017)
(0.0005994288 2.61714e-05 0.0017)
(0.000666032 2.907933333e-05 0.0017)
(0.0007326352 3.198726667e-05 0.0017)
(0.0007992384 3.48952e-05 0.0017)
(0.0008658416 3.780313333e-05 0.0017)
(0.0009324448 4.071106667e-05 0.0017)
(0.000999048 4.3619e-05 0.0017)
(0 0 0.0018)
(6.66032e-05 -2.907933333e-06 0.0018)
(0.0001332064 -5.815866667e-06 0.0018)
(0.0001998096 -8.7238e-06 0.0018)
(0.0002664128 -1.163173333e-05 0.0018)
(0.000333016 -1.453966667e-05 0.0018)
(0.0003996192 -1.74476e-05 0.0018)
(0.0004662224 -2.035553333e-05 0.0018)
(0.0005328256 -2.326346667e-05 0.0018)
(0.0005994288 -2.61714e-05 0.0018)
(0.000666032 -2.907933333e-05 0.0018)
(0.0007326352 -3.198726667e-05 0.0018)
(0.0007992384 -3.48952e-05 0.0018)
(0.0008658416 -3.780313333e-05 0.0018)
(0.0009324448 -4.071106667e-05 0.0018)
(0.000999048 -4.3619e-05 0.0018)
(6.66032e-05 2.907933333e-06 0.0018)
(0.0001332064 5.815866667e-06 0.0018)
(0.0001998096 8.7238e-06 0.0018)
(0.0002664128 1.163173333e-05 0.0018)
(0.000333016 1.453966667e-05 0.0018)
(0.0003996192 1.74476e-05 0.0018)
(0.0004662224 2.035553333e-05 0.0018)
(0.0005328256 2.326346667e-05 0.0018)
(0.0005994288 2.61714e-05 0.0018)
(0.000666032 2.907933333e-05 0.0018)
(0.0007326352 3.198726667e-05 0.0018)
(0.0007992384 3.48952e-05 0.0018)
(0.0008658416 3.780313333e-05 0.0018)
(0.0009324448 4.071106667e-05 0.0018)
(0.000999048 4.3619e-05 0.0018)
(0 0 0.0019)
(6.66032e-05 -2.907933333e-06 0.0019)
(0.0001332064 -5.815866667e-06 0.0019)
(0.0001998096 -8.7238e-06 0.0019)
(0.0002664128 -1.163173333e-05 0.0019)
(0.000333016 -1.453966667e-05 0.0019)
(0.0003996192 -1.74476e-05 0.0019)
(0.0004662224 -2.035553333e-05 0.0019)
(0.0005328256 -2.326346667e-05 0.0019)
(0.0005994288 -2.61714e-05 0.0019)
(0.000666032 -2.907933333e-05 0.0019)
(0.0007326352 -3.198726667e-05 0.0019)
(0.0007992384 -3.48952e-05 0.0019)
(0.0008658416 -3.780313333e-05 0.0019)
(0.0009324448 -4.071106667e-05 0.0019)
(0.000999048 -4.3619e-05 0.0019)
(6.66032e-05 2.907933333e-06 0.0019)
(0.0001332064 5.815866667e-06 0.0019)
(0.0001998096 8.7238e-06 0.0019)
(0.0002664128 1.163173333e-05 0.0019)
(0.000333016 1.453966667e-05 0.0019)
(0.0003996192 1.74476e-05 0.0019)
(0.0004662224 2.035553333e-05 0.0019)
(0.0005328256 2.326346667e-05 0.0019)
(0.0005994288 2.61714e-05 0.0019)
(0.000666032 2.907933333e-05 0.0019)
(0.0007326352 3.198726667e-05 0.0019)
(0.0007992384 3.48952e-05 0.0019)
(0.0008658416 3.780313333e-05 0.0019)
(0.0009324448 4.071106667e-05 0.0019)
(0.000999048 4.3619e-05 0.0019)
(0 0 0.002)
(6.66032e-05 -2.907933333e-06 0.002)
(0.0001332064 -5.815866667e-06 0.002)
(0.0001998096 -8.7238e-06 0.002)
(0.0002664128 -1.163173333e-05 0.002)
(0.000333016 -1.453966667e-05 0.002)
(0.0003996192 -1.74476e-05 0.002)
(0.0004662224 -2.035553333e-05 0.002)
(0.0005328256 -2.326346667e-05 0.002)
(0.0005994288 -2.61714e-05 0.002)
(0.000666032 -2.907933333e-05 0.002)
(0.0007326352 -3.198726667e-05 0.002)
(0.0007992384 -3.48952e-05 0.002)
(0.0008658416 -3.780313333e-05 0.002)
(0.0009324448 -4.071106667e-05 0.002)
(0.000999048 -4.3619e-05 0.002)
(6.66032e-05 2.907933333e-06 0.002)
(0.0001332064 5.815866667e-06 0.002)
(0.0001998096 8.7238e-06 0.002)
(0.0002664128 1.163173333e-05 0.002)
(0.000333016 1.453966667e-05 0.002)
(0.0003996192 1.74476e-05 0.002)
(0.0004662224 2.035553333e-05 0.002)
(0.0005328256 2.326346667e-05 0.002)
(0.0005994288 2.61714e-05 0.002)
(0.000666032 2.907933333e-05 0.002)
(0.0007326352 3.198726667e-05 0.002)
(0.0007992384 3.48952e-05 0.002)
(0.0008658416 3.780313333e-05 0.002)
(0.0009324448 4.071106667e-05 0.002)
(0.000999048 4.3619e-05 0.002)
(0 0 0.0021)
(6.66032e-05 -2.907933333e-06 0.0021)
(0.0001332064 -5.815866667e-06 0.0021)
(0.0001998096 -8.7238e-06 0.0021)
(0.0002664128 -1.163173333e-05 0.0021)
(0.000333016 -1.453966667e-05 0.0021)
(0.0003996192 -1.74476e-05 0.0021)
(0.0004662224 -2.035553333e-05 0.0021)
(0.0005328256 -2.326346667e-05 0.0021)
(0.0005994288 -2.61714e-05 0.0021)
(0.000666032 -2.907933333e-05 0.0021)
(0.0007326352 -3.198726667e-05 0.0021)
(0.0007992384 -3.48952e-05 0.0021)
(0.0008658416 -3.780313333e-05 0.0021)
(0.0009324448 -4.071106667e-05 0.0021)
(0.000999048 -4.3619e-05 0.0021)
(6.66032e-05 2.907933333e-06 0.0021)
(0.0001332064 5.815866667e-06 0.0021)
(0.0001998096 8.7238e-06 0.0021)
(0.0002664128 1.163173333e-05 0.0021)
(0.000333016 1.453966667e-05 0.0021)
(0.0003996192 1.74476e-05 0.0021)
(0.0004662224 2.035553333e-05 0.0021)
(0.0005328256 2.326346667e-05 0.0021)
(0.0005994288 2.61714e-05 0.0021)
(0.000666032 2.907933333e-05 0.0021)
(0.0007326352 3.198726667e-05 0.0021)
(0.0007992384 3.48952e-05 0.0021)
(0.0008658416 3.780313333e-05 0.0021)
(0.0009324448 4.071106667e-05 0.0021)
(0.000999048 4.3619e-05 0.0021)
(0 0 0.0022)
(6.66032e-05 -2.907933333e-06 0.0022)
(0.0001332064 -5.815866667e-06 0.0022)
(0.0001998096 -8.7238e-06 0.0022)
(0.0002664128 -1.163173333e-05 0.0022)
(0.000333016 -1.453966667e-05 0.0022)
(0.0003996192 -1.74476e-05 0.0022)
(0.0004662224 -2.035553333e-05 0.0022)
(0.0005328256 -2.326346667e-05 0.0022)
(0.0005994288 -2.61714e-05 0.0022)
(0.000666032 -2.907933333e-05 0.0022)
(0.0007326352 -3.198726667e-05 0.0022)
(0.0007992384 -3.48952e-05 0.0022)
(0.0008658416 -3.780313333e-05 0.0022)
(0.0009324448 -4.071106667e-05 0.0022)
(0.000999048 -4.3619e-05 0.0022)
(6.66032e-05 2.907933333e-06 0.0022)
(0.0001332064 5.815866667e-06 0.0022)
(0.0001998096 8.7238e-06 0.0022)
(0.0002664128 1.163173333e-05 0.0022)
(0.000333016 1.453966667e-05 0.0022)
(0.0003996192 1.74476e-05 0.0022)
(0.0004662224 2.035553333e-05 0.0022)
(0.0005328256 2.326346667e-05 0.0022)
(0.0005994288 2.61714e-05 0.0022)
(0.000666032 2.907933333e-05 0.0022)
(0.0007326352 3.198726667e-05 0.0022)
(0.0007992384 3.48952e-05 0.0022)
(0.0008658416 3.780313333e-05 0.0022)
(0.0009324448 4.071106667e-05 0.0022)
(0.000999048 4.3619e-05 0.0022)
(0 0 0.0023)
(6.66032e-05 -2.907933333e-06 0.0023)
(0.0001332064 -5.815866667e-06 0.0023)
(0.0001998096 -8.7238e-06 0.0023)
(0.0002664128 -1.163173333e-05 0.0023)
(0.000333016 -1.453966667e-05 0.0023)
(0.0003996192 -1.74476e-05 0.0023)
(0.0004662224 -2.035553333e-05 0.0023)
(0.0005328256 -2.326346667e-05 0.0023)
(0.0005994288 -2.61714e-05 0.0023)
(0.000666032 -2.907933333e-05 0.0023)
(0.0007326352 -3.198726667e-05 0.0023)
(0.0007992384 -3.48952e-05 0.0023)
(0.0008658416 -3.780313333e-05 0.0023)
(0.0009324448 -4.071106667e-05 0.0023)
(0.000999048 -4.3619e-05 0.0023)
(6.66032e-05 2.907933333e-06 0.0023)
(0.0001332064 5.815866667e-06 0.0023)
(0.0001998096 8.7238e-06 0.0023)
(0.0002664128 1.163173333e-05 0.0023)
(0.000333016 1.453966667e-05 0.0023)
(0.0003996192 1.74476e-05 0.0023)
(0.0004662224 2.035553333e-05 0.0023)
(0.0005328256 2.326346667e-05 0.0023)
(0.0005994288 2.61714e-05 0.0023)
(0.000666032 2.907933333e-05 0.0023)
(0.0007326352 3.198726667e-05 0.0023)
(0.0007992384 3.48952e-05 0.0023)
(0.0008658416 3.780313333e-05 0.0023)
(0.0009324448 4.071106667e-05 0.0023)
(0.000999048 4.3619e-05 0.0023)
(0 0 0.0024)
(6.66032e-05 -2.907933333e-06 0.0024)
(0.0001332064 -5.815866667e-06 0.0024)
(0.0001998096 -8.7238e-06 0.0024)
(0.0002664128 -1.163173333e-05 0.0024)
(0.000333016 -1.453966667e-05 0.0024)
(0.0003996192 -1.74476e-05 0.0024)
(0.0004662224 -2.035553333e-05 0.0024)
(0.0005328256 -2.326346667e-05 0.0024)
(0.0005994288 -2.61714e-05 0.0024)
(0.000666032 -2.907933333e-05 0.0024)
(0.0007326352 -3.198726667e-05 0.0024)
(0.0007992384 -3.48952e-05 0.0024)
(0.0008658416 -3.780313333e-05 0.0024)
(0.0009324448 -4.071106667e-05 0.0024)
(0.000999048 -4.3619e-05 0.0024)
(6.66032e-05 2.907933333e-06 0.0024)
(0.0001332064 5.815866667e-06 0.0024)
(0.0001998096 8.7238e-06 0.0024)
(0.0002664128 1.163173333e-05 0.0024)
(0.000333016 1.453966667e-05 0.0024)
(0.0003996192 1.74476e-05 0.0024)
(0.0004662224 2.035553333e-05 0.0024)
(0.0005328256 2.326346667e-05 0.0024)
(0.0005994288 2.61714e-05 0.0024)
(0.000666032 2.907933333e-05 0.0024)
(0.0007326352 3.198726667e-05 0.0024)
(0.0007992384 3.48952e-05 0.0024)
(0.0008658416 3.780313333e-05 0.0024)
(0.0009324448 4.071106667e-05 0.0024)
(0.000999048 4.3619e-05 0.0024)
(0 0 0.0025)
(6.66032e-05 -2.907933333e-06 0.0025)
(0.0001332064 -5.815866667e-06 0.0025)
(0.0001998096 -8.7238e-06 0.0025)
(0.0002664128 -1.163173333e-05 0.0025)
(0.000333016 -1.453966667e-05 0.0025)
(0.0003996192 -1.74476e-05 0.0025)
(0.0004662224 -2.035553333e-05 0.0025)
(0.0005328256 -2.326346667e-05 0.0025)
(0.0005994288 -2.61714e-05 0.0025)
(0.000666032 -2.907933333e-05 0.0025)
(0.0007326352 -3.198726667e-05 0.0025)
(0.0007992384 -3.48952e-05 0.0025)
(0.0008658416 -3.780313333e-05 0.0025)
(0.0009324448 -4.071106667e-05 0.0025)
(0.000999048 -4.3619e-05 0.0025)
(6.66032e-05 2.907933333e-06 0.0025)
(0.0001332064 5.815866667e-06 0.0025)
(0.0001998096 8.7238e-06 0.0025)
(0.0002664128 1.163173333e-05 0.0025)
(0.000333016 1.453966667e-05 0.0025)
(0.0003996192 1.74476e-05 0.0025)
(0.0004662224 2.035553333e-05 0.0025)
(0.0005328256 2.326346667e-05 0.0025)
(0.0005994288 2.61714e-05 0.0025)
(0.000666032 2.907933333e-05 0.0025)
(0.0007326352 3.198726667e-05 0.0025)
(0.0007992384 3.48952e-05 0.0025)
(0.0008658416 3.780313333e-05 0.0025)
(0.0009324448 4.071106667e-05 0.0025)
(0.000999048 4.3619e-05 0.0025)
(0 0 0.0026)
(6.66032e-05 -2.907933333e-06 0.0026)
(0.0001332064 -5.815866667e-06 0.0026)
(0.0001998096 -8.7238e-06 0.0026)
(0.0002664128 -1.163173333e-05 0.0026)
(0.000333016 -1.453966667e-05 0.0026)
(0.0003996192 -1.74476e-05 0.0026)
(0.0004662224 -2.035553333e-05 0.0026)
(0.0005328256 -2.326346667e-05 0.0026)
(0.0005994288 -2.61714e-05 0.0026)
(0.000666032 -2.907933333e-05 0.0026)
(0.0007326352 -3.198726667e-05 0.0026)
(0.0007992384 -3.48952e-05 0.0026)
(0.0008658416 -3.780313333e-05 0.0026)
(0.0009324448 -4.071106667e-05 0.0026)
(0.000999048 -4.3619e-05 0.0026)
(6.66032e-05 2.907933333e-06 0.0026)
(0.0001332064 5.815866667e-06 0.0026)
(0.0001998096 8.7238e-06 0.0026)
(0.0002664128 1.163173333e-05 0.0026)
(0.000333016 1.453966667e-05 0.0026)
(0.0003996192 1.74476e-05 0.0026)
(0.0004662224 2.035553333e-05 0.0026)
(0.0005328256 2.326346667e-05 0.0026)
(0.0005994288 2.61714e-05 0.0026)
(0.000666032 2.907933333e-05 0.0026)
(0.0007326352 3.198726667e-05 0.0026)
(0.0007992384 3.48952e-05 0.0026)
(0.0008658416 3.780313333e-05 0.0026)
(0.0009324448 4.071106667e-05 0.0026)
(0.000999048 4.3619e-05 0.0026)
(0 0 0.0027)
(6.66032e-05 -2.907933333e-06 0.0027)
(0.0001332064 -5.815866667e-06 0.0027)
(0.0001998096 -8.7238e-06 0.0027)
(0.0002664128 -1.163173333e-05 0.0027)
(0.000333016 -1.453966667e-05 0.0027)
(0.0003996192 -1.74476e-05 0.0027)
(0.0004662224 -2.035553333e-05 0.0027)
(0.0005328256 -2.326346667e-05 0.0027)
(0.0005994288 -2.61714e-05 0.0027)
(0.000666032 -2.907933333e-05 0.0027)
(0.0007326352 -3.198726667e-05 0.0027)
(0.0007992384 -3.48952e-05 0.0027)
(0.0008658416 -3.780313333e-05 0.0027)
(0.0009324448 -4.071106667e-05 0.0027)
(0.000999048 -4.3619e-05 0.0027)
(6.66032e-05 2.907933333e-06 0.0027)
(0.0001332064 5.815866667e-06 0.0027)
(0.0001998096 8.7238e-06 0.0027)
(0.0002664128 1.163173333e-05 0.0027)
(0.000333016 1.453966667e-05 0.0027)
(0.0003996192 1.74476e-05 0.0027)
(0.0004662224 2.035553333e-05 0.0027)
(0.0005328256 2.326346667e-05 0.0027)
(0.0005994288 2.61714e-05 0.0027)
(0.000666032 2.907933333e-05 0.0027)
(0.0007326352 3.198726667e-05 0.0027)
(0.0007992384 3.48952e-05 0.0027)
(0.0008658416 3.780313333e-05 0.0027)
(0.0009324448 4.071106667e-05 0.0027)
(0.000999048 4.3619e-05 0.0027)
(0 0 0.0028)
(6.66032e-05 -2.907933333e-06 0.0028)
(0.0001332064 -5.815866667e-06 0.0028)
(0.0001998096 -8.7238e-06 0.0028)
(0.0002664128 -1.163173333e-05 0.0028)
(0.000333016 -1.453966667e-05 0.0028)
(0.0003996192 -1.74476e-05 0.0028)
(0.0004662224 -2.035553333e-05 0.0028)
(0.0005328256 -2.326346667e-05 0.0028)
(0.0005994288 -2.61714e-05 0.0028)
(0.000666032 -2.907933333e-05 0.0028)
(0.0007326352 -3.198726667e-05 0.0028)
(0.0007992384 -3.48952e-05 0.0028)
(0.0008658416 -3.780313333e-05 0.0028)
(0.0009324448 -4.071106667e-05 0.0028)
(0.000999048 -4.3619e-05 0.0028)
(6.66032e-05 2.907933333e-06 0.0028)
(0.0001332064 5.815866667e-06 0.0028)
(0.0001998096 8.7238e-06 0.0028)
(0.0002664128 1.163173333e-05 0.0028)
(0.000333016 1.453966667e-05 0.0028)
(0.0003996192 1.74476e-05 0.0028)
(0.0004662224 2.035553333e-05 0.0028)
(0.0005328256 2.326346667e-05 0.0028)
(0.0005994288 2.61714e-05 0.0028)
(0.000666032 2.907933333e-05 0.0028)
(0.0007326352 3.198726667e-05 0.0028)
(0.0007992384 3.48952e-05 0.0028)
(0.0008658416 3.780313333e-05 0.0028)
(0.0009324448 4.071106667e-05 0.0028)
(0.000999048 4.3619e-05 0.0028)
(0 0 0.0029)
(6.66032e-05 -2.907933333e-06 0.0029)
(0.0001332064 -5.815866667e-06 0.0029)
(0.0001998096 -8.7238e-06 0.0029)
(0.0002664128 -1.163173333e-05 0.0029)
(0.000333016 -1.453966667e-05 0.0029)
(0.0003996192 -1.74476e-05 0.0029)
(0.0004662224 -2.035553333e-05 0.0029)
(0.0005328256 -2.326346667e-05 0.0029)
(0.0005994288 -2.61714e-05 0.0029)
(0.000666032 -2.907933333e-05 0.0029)
(0.0007326352 -3.198726667e-05 0.0029)
(0.0007992384 -3.48952e-05 0.0029)
(0.0008658416 -3.780313333e-05 0.0029)
(0.0009324448 -4.071106667e-05 0.0029)
(0.000999048 -4.3619e-05 0.0029)
(6.66032e-05 2.907933333e-06 0.0029)
(0.0001332064 5.815866667e-06 0.0029)
(0.0001998096 8.7238e-06 0.0029)
(0.0002664128 1.163173333e-05 0.0029)
(0.000333016 1.453966667e-05 0.0029)
(0.0003996192 1.74476e-05 0.0029)
(0.0004662224 2.035553333e-05 0.0029)
(0.0005328256 2.326346667e-05 0.0029)
(0.0005994288 2.61714e-05 0.0029)
(0.000666032 2.907933333e-05 0.0029)
(0.0007326352 3.198726667e-05 0.0029)
(0.0007992384 3.48952e-05 0.0029)
(0.0008658416 3.780313333e-05 0.0029)
(0.0009324448 4.071106667e-05 0.0029)
(0.000999048 4.3619e-05 0.0029)
(0 0 0.003)
(6.66032e-05 -2.907933333e-06 0.003)
(0.0001332064 -5.815866667e-06 0.003)
(0.0001998096 -8.7238e-06 0.003)
(0.0002664128 -1.163173333e-05 0.003)
(0.000333016 -1.453966667e-05 0.003)
(0.0003996192 -1.74476e-05 0.003)
(0.0004662224 -2.035553333e-05 0.003)
(0.0005328256 -2.326346667e-05 0.003)
(0.0005994288 -2.61714e-05 0.003)
(0.000666032 -2.907933333e-05 0.003)
(0.0007326352 -3.198726667e-05 0.003)
(0.0007992384 -3.48952e-05 0.003)
(0.0008658416 -3.780313333e-05 0.003)
(0.0009324448 -4.071106667e-05 0.003)
(0.000999048 -4.3619e-05 0.003)
(6.66032e-05 2.907933333e-06 0.003)
(0.0001332064 5.815866667e-06 0.003)
(0.0001998096 8.7238e-06 0.003)
(0.0002664128 1.163173333e-05 0.003)
(0.000333016 1.453966667e-05 0.003)
(0.0003996192 1.74476e-05 0.003)
(0.0004662224 2.035553333e-05 0.003)
(0.0005328256 2.326346667e-05 0.003)
(0.0005994288 2.61714e-05 0.003)
(0.000666032 2.907933333e-05 0.003)
(0.0007326352 3.198726667e-05 0.003)
(0.0007992384 3.48952e-05 0.003)
(0.0008658416 3.780313333e-05 0.003)
(0.0009324448 4.071106667e-05 0.003)
(0.000999048 4.3619e-05 0.003)
(0 0 0.0031)
(6.66032e-05 -2.907933333e-06 0.0031)
(0.0001332064 -5.815866667e-06 0.0031)
(0.0001998096 -8.7238e-06 0.0031)
(0.0002664128 -1.163173333e-05 0.0031)
(0.000333016 -1.453966667e-05 0.0031)
(0.0003996192 -1.74476e-05 0.0031)
(0.0004662224 -2.035553333e-05 0.0031)
(0.0005328256 -2.326346667e-05 0.0031)
(0.0005994288 -2.61714e-05 0.0031)
(0.000666032 -2.907933333e-05 0.0031)
(0.0007326352 -3.198726667e-05 0.0031)
(0.0007992384 -3.48952e-05 0.0031)
(0.0008658416 -3.780313333e-05 0.0031)
(0.0009324448 -4.071106667e-05 0.0031)
(0.000999048 -4.3619e-05 0.0031)
(6.66032e-05 2.907933333e-06 0.0031)
(0.0001332064 5.815866667e-06 0.0031)
(0.0001998096 8.7238e-06 0.0031)
(0.0002664128 1.163173333e-05 0.0031)
(0.000333016 1.453966667e-05 0.0031)
(0.0003996192 1.74476e-05 0.0031)
(0.0004662224 2.035553333e-05 0.0031)
(0.0005328256 2.326346667e-05 0.0031)
(0.0005994288 2.61714e-05 0.0031)
(0.000666032 2.907933333e-05 0.0031)
(0.0007326352 3.198726667e-05 0.0031)
(0.0007992384 3.48952e-05 0.0031)
(0.0008658416 3.780313333e-05 0.0031)
(0.0009324448 4.071106667e-05 0.0031)
(0.000999048 4.3619e-05 0.0031)
(0 0 0.0032)
(6.66032e-05 -2.907933333e-06 0.0032)
(0.0001332064 -5.815866667e-06 0.0032)
(0.0001998096 -8.7238e-06 0.0032)
(0.0002664128 -1.163173333e-05 0.0032)
(0.000333016 -1.453966667e-05 0.0032)
(0.0003996192 -1.74476e-05 0.0032)
(0.0004662224 -2.035553333e-05 0.0032)
(0.0005328256 -2.326346667e-05 0.0032)
(0.0005994288 -2.61714e-05 0.0032)
(0.000666032 -2.907933333e-05 0.0032)
(0.0007326352 -3.198726667e-05 0.0032)
(0.0007992384 -3.48952e-05 0.0032)
(0.0008658416 -3.780313333e-05 0.0032)
(0.0009324448 -4.071106667e-05 0.0032)
(0.000999048 -4.3619e-05 0.0032)
(6.66032e-05 2.907933333e-06 0.0032)
(0.0001332064 5.815866667e-06 0.0032)
(0.0001998096 8.7238e-06 0.0032)
(0.0002664128 1.163173333e-05 0.0032)
(0.000333016 1.453966667e-05 0.0032)
(0.0003996192 1.74476e-05 0.0032)
(0.0004662224 2.035553333e-05 0.0032)
(0.0005328256 2.326346667e-05 0.0032)
(0.0005994288 2.61714e-05 0.0032)
(0.000666032 2.907933333e-05 0.0032)
(0.0007326352 3.198726667e-05 0.0032)
(0.0007992384 3.48952e-05 0.0032)
(0.0008658416 3.780313333e-05 0.0032)
(0.0009324448 4.071106667e-05 0.0032)
(0.000999048 4.3619e-05 0.0032)
(0 0 0.0033)
(6.66032e-05 -2.907933333e-06 0.0033)
(0.0001332064 -5.815866667e-06 0.0033)
(0.0001998096 -8.7238e-06 0.0033)
(0.0002664128 -1.163173333e-05 0.0033)
(0.000333016 -1.453966667e-05 0.0033)
(0.0003996192 -1.74476e-05 0.0033)
(0.0004662224 -2.035553333e-05 0.0033)
(0.0005328256 -2.326346667e-05 0.0033)
(0.0005994288 -2.61714e-05 0.0033)
(0.000666032 -2.907933333e-05 0.0033)
(0.0007326352 -3.198726667e-05 0.0033)
(0.0007992384 -3.48952e-05 0.0033)
(0.0008658416 -3.780313333e-05 0.0033)
(0.0009324448 -4.071106667e-05 0.0033)
(0.000999048 -4.3619e-05 0.0033)
(6.66032e-05 2.907933333e-06 0.0033)
(0.0001332064 5.815866667e-06 0.0033)
(0.0001998096 8.7238e-06 0.0033)
(0.0002664128 1.163173333e-05 0.0033)
(0.000333016 1.453966667e-05 0.0033)
(0.0003996192 1.74476e-05 0.0033)
(0.0004662224 2.035553333e-05 0.0033)
(0.0005328256 2.326346667e-05 0.0033)
(0.0005994288 2.61714e-05 0.0033)
(0.000666032 2.907933333e-05 0.0033)
(0.0007326352 3.198726667e-05 0.0033)
(0.0007992384 3.48952e-05 0.0033)
(0.0008658416 3.780313333e-05 0.0033)
(0.0009324448 4.071106667e-05 0.0033)
(0.000999048 4.3619e-05 0.0033)
(0 0 0.0034)
(6.66032e-05 -2.907933333e-06 0.0034)
(0.0001332064 -5.815866667e-06 0.0034)
(0.0001998096 -8.7238e-06 0.0034)
(0.0002664128 -1.163173333e-05 0.0034)
(0.000333016 -1.453966667e-05 0.0034)
(0.0003996192 -1.74476e-05 0.0034)
(0.0004662224 -2.035553333e-05 0.0034)
(0.0005328256 -2.326346667e-05 0.0034)
(0.0005994288 -2.61714e-05 0.0034)
(0.000666032 -2.907933333e-05 0.0034)
(0.0007326352 -3.198726667e-05 0.0034)
(0.0007992384 -3.48952e-05 0.0034)
(0.0008658416 -3.780313333e-05 0.0034)
(0.0009324448 -4.071106667e-05 0.0034)
(0.000999048 -4.3619e-05 0.0034)
(6.66032e-05 2.907933333e-06 0.0034)
(0.0001332064 5.815866667e-06 0.0034)
(0.0001998096 8.7238e-06 0.0034)
(0.0002664128 1.163173333e-05 0.0034)
(0.000333016 1.453966667e-05 0.0034)
(0.0003996192 1.74476e-05 0.0034)
(0.0004662224 2.035553333e-05 0.0034)
(0.0005328256 2.326346667e-05 0.0034)
(0.0005994288 2.61714e-05 0.0034)
(0.000666032 2.907933333e-05 0.0034)
(0.0007326352 3.198726667e-05 0.0034)
(0.0007992384 3.48952e-05 0.0034)
(0.0008658416 3.780313333e-05 0.0034)
(0.0009324448 4.071106667e-05 0.0034)
(0.000999048 4.3619e-05 0.0034)
(0 0 0.0035)
(6.66032e-05 -2.907933333e-06 0.0035)
(0.0001332064 -5.815866667e-06 0.0035)
(0.0001998096 -8.7238e-06 0.0035)
(0.0002664128 -1.163173333e-05 0.0035)
(0.000333016 -1.453966667e-05 0.0035)
(0.0003996192 -1.74476e-05 0.0035)
(0.0004662224 -2.035553333e-05 0.0035)
(0.0005328256 -2.326346667e-05 0.0035)
(0.0005994288 -2.61714e-05 0.0035)
(0.000666032 -2.907933333e-05 0.0035)
(0.0007326352 -3.198726667e-05 0.0035)
(0.0007992384 -3.48952e-05 0.0035)
(0.0008658416 -3.780313333e-05 0.0035)
(0.0009324448 -4.071106667e-05 0.0035)
(0.000999048 -4.3619e-05 0.0035)
(6.66032e-05 2.907933333e-06 0.0035)
(0.0001332064 5.815866667e-06 0.0035)
(0.0001998096 8.7238e-06 0.0035)
(0.0002664128 1.163173333e-05 0.0035)
(0.000333016 1.453966667e-05 0.0035)
(0.0003996192 1.74476e-05 0.0035)
(0.0004662224 2.035553333e-05 0.0035)
(0.0005328256 2.326346667e-05 0.0035)
(0.0005994288 2.61714e-05 0.0035)
(0.000666032 2.907933333e-05 0.0035)
(0.0007326352 3.198726667e-05 0.0035)
(0.0007992384 3.48952e-05 0.0035)
(0.0008658416 3.780313333e-05 0.0035)
(0.0009324448 4.071106667e-05 0.0035)
(0.000999048 4.3619e-05 0.0035)
(0 0 0.0036)
(6.66032e-05 -2.907933333e-06 0.0036)
(0.0001332064 -5.815866667e-06 0.0036)
(0.0001998096 -8.7238e-06 0.0036)
(0.0002664128 -1.163173333e-05 0.0036)
(0.000333016 -1.453966667e-05 0.0036)
(0.0003996192 -1.74476e-05 0.0036)
(0.0004662224 -2.035553333e-05 0.0036)
(0.0005328256 -2.326346667e-05 0.0036)
(0.0005994288 -2.61714e-05 0.0036)
(0.000666032 -2.907933333e-05 0.0036)
(0.0007326352 -3.198726667e-05 0.0036)
(0.0007992384 -3.48952e-05 0.0036)
(0.0008658416 -3.780313333e-05 0.0036)
(0.0009324448 -4.071106667e-05 0.0036)
(0.000999048 -4.3619e-05 0.0036)
(6.66032e-05 2.907933333e-06 0.0036)
(0.0001332064 5.815866667e-06 0.0036)
(0.0001998096 8.7238e-06 0.0036)
(0.0002664128 1.163173333e-05 0.0036)
(0.000333016 1.453966667e-05 0.0036)
(0.0003996192 1.74476e-05 0.0036)
(0.0004662224 2.035553333e-05 0.0036)
(0.0005328256 2.326346667e-05 0.0036)
(0.0005994288 2.61714e-05 0.0036)
(0.000666032 2.907933333e-05 0.0036)
(0.0007326352 3.198726667e-05 0.0036)
(0.0007992384 3.48952e-05 0.0036)
(0.0008658416 3.780313333e-05 0.0036)
(0.0009324448 4.071106667e-05 0.0036)
(0.000999048 4.3619e-05 0.0036)
(0 0 0.0037)
(6.66032e-05 -2.907933333e-06 0.0037)
(0.0001332064 -5.815866667e-06 0.0037)
(0.0001998096 -8.7238e-06 0.0037)
(0.0002664128 -1.163173333e-05 0.0037)
(0.000333016 -1.453966667e-05 0.0037)
(0.0003996192 -1.74476e-05 0.0037)
(0.0004662224 -2.035553333e-05 0.0037)
(0.0005328256 -2.326346667e-05 0.0037)
(0.0005994288 -2.61714e-05 0.0037)
(0.000666032 -2.907933333e-05 0.0037)
(0.0007326352 -3.198726667e-05 0.0037)
(0.0007992384 -3.48952e-05 0.0037)
(0.0008658416 -3.780313333e-05 0.0037)
(0.0009324448 -4.071106667e-05 0.0037)
(0.000999048 -4.3619e-05 0.0037)
(6.66032e-05 2.907933333e-06 0.0037)
(0.0001332064 5.815866667e-06 0.0037)
(0.0001998096 8.7238e-06 0.0037)
(0.0002664128 1.163173333e-05 0.0037)
(0.000333016 1.453966667e-05 0.0037)
(0.0003996192 1.74476e-05 0.0037)
(0.0004662224 2.035553333e-05 0.0037)
(0.0005328256 2.326346667e-05 0.0037)
(0.0005994288 2.61714e-05 0.0037)
(0.000666032 2.907933333e-05 0.0037)
(0.0007326352 3.198726667e-05 0.0037)
(0.0007992384 3.48952e-05 0.0037)
(0.0008658416 3.780313333e-05 0.0037)
(0.0009324448 4.071106667e-05 0.0037)
(0.000999048 4.3619e-05 0.0037)
(0 0 0.0038)
(6.66032e-05 -2.907933333e-06 0.0038)
(0.0001332064 -5.815866667e-06 0.0038)
(0.0001998096 -8.7238e-06 0.0038)
(0.0002664128 -1.163173333e-05 0.0038)
(0.000333016 -1.453966667e-05 0.0038)
(0.0003996192 -1.74476e-05 0.0038)
(0.0004662224 -2.035553333e-05 0.0038)
(0.0005328256 -2.326346667e-05 0.0038)
(0.0005994288 -2.61714e-05 0.0038)
(0.000666032 -2.907933333e-05 0.0038)
(0.0007326352 -3.198726667e-05 0.0038)
(0.0007992384 -3.48952e-05 0.0038)
(0.0008658416 -3.780313333e-05 0.0038)
(0.0009324448 -4.071106667e-05 0.0038)
(0.000999048 -4.3619e-05 0.0038)
(6.66032e-05 2.907933333e-06 0.0038)
(0.0001332064 5.815866667e-06 0.0038)
(0.0001998096 8.7238e-06 0.0038)
(0.0002664128 1.163173333e-05 0.0038)
(0.000333016 1.453966667e-05 0.0038)
(0.0003996192 1.74476e-05 0.0038)
(0.0004662224 2.035553333e-05 0.0038)
(0.0005328256 2.326346667e-05 0.0038)
(0.0005994288 2.61714e-05 0.0038)
(0.000666032 2.907933333e-05 0.0038)
(0.0007326352 3.198726667e-05 0.0038)
(0.0007992384 3.48952e-05 0.0038)
(0.0008658416 3.780313333e-05 0.0038)
(0.0009324448 4.071106667e-05 0.0038)
(0.000999048 4.3619e-05 0.0038)
(0 0 0.0039)
(6.66032e-05 -2.907933333e-06 0.0039)
(0.0001332064 -5.815866667e-06 0.0039)
(0.0001998096 -8.7238e-06 0.0039)
(0.0002664128 -1.163173333e-05 0.0039)
(0.000333016 -1.453966667e-05 0.0039)
(0.0003996192 -1.74476e-05 0.0039)
(0.0004662224 -2.035553333e-05 0.0039)
(0.0005328256 -2.326346667e-05 0.0039)
(0.0005994288 -2.61714e-05 0.0039)
(0.000666032 -2.907933333e-05 0.0039)
(0.0007326352 -3.198726667e-05 0.0039)
(0.0007992384 -3.48952e-05 0.0039)
(0.0008658416 -3.780313333e-05 0.0039)
(0.0009324448 -4.071106667e-05 0.0039)
(0.000999048 -4.3619e-05 0.0039)
(6.66032e-05 2.907933333e-06 0.0039)
(0.0001332064 5.815866667e-06 0.0039)
(0.0001998096 8.7238e-06 0.0039)
(0.0002664128 1.163173333e-05 0.0039)
(0.000333016 1.453966667e-05 0.0039)
(0.0003996192 1.74476e-05 0.0039)
(0.0004662224 2.035553333e-05 0.0039)
(0.0005328256 2.326346667e-05 0.0039)
(0.0005994288 2.61714e-05 0.0039)
(0.000666032 2.907933333e-05 0.0039)
(0.0007326352 3.198726667e-05 0.0039)
(0.0007992384 3.48952e-05 0.0039)
(0.0008658416 3.780313333e-05 0.0039)
(0.0009324448 4.071106667e-05 0.0039)
(0.000999048 4.3619e-05 0.0039)
(0 0 0.004)
(6.66032e-05 -2.907933333e-06 0.004)
(0.0001332064 -5.815866667e-06 0.004)
(0.0001998096 -8.7238e-06 0.004)
(0.0002664128 -1.163173333e-05 0.004)
(0.000333016 -1.453966667e-05 0.004)
(0.0003996192 -1.74476e-05 0.004)
(0.0004662224 -2.035553333e-05 0.004)
(0.0005328256 -2.326346667e-05 0.004)
(0.0005994288 -2.61714e-05 0.004)
(0.000666032 -2.907933333e-05 0.004)
(0.0007326352 -3.198726667e-05 0.004)
(0.0007992384 -3.48952e-05 0.004)
(0.0008658416 -3.780313333e-05 0.004)
(0.0009324448 -4.071106667e-05 0.004)
(0.000999048 -4.3619e-05 0.004)
(6.66032e-05 2.907933333e-06 0.004)
(0.0001332064 5.815866667e-06 0.004)
(0.0001998096 8.7238e-06 0.004)
(0.0002664128 1.163173333e-05 0.004)
(0.000333016 1.453966667e-05 0.004)
(0.0003996192 1.74476e-05 0.004)
(0.0004662224 2.035553333e-05 0.004)
(0.0005328256 2.326346667e-05 0.004)
(0.0005994288 2.61714e-05 0.004)
(0.000666032 2.907933333e-05 0.004)
(0.0007326352 3.198726667e-05 0.004)
(0.0007992384 3.48952e-05 0.004)
(0.0008658416 3.780313333e-05 0.004)
(0.0009324448 4.071106667e-05 0.004)
(0.000999048 4.3619e-05 0.004)
(0 0 0.0041)
(6.66032e-05 -2.907933333e-06 0.0041)
(0.0001332064 -5.815866667e-06 0.0041)
(0.0001998096 -8.7238e-06 0.0041)
(0.0002664128 -1.163173333e-05 0.0041)
(0.000333016 -1.453966667e-05 0.0041)
(0.0003996192 -1.74476e-05 0.0041)
(0.0004662224 -2.035553333e-05 0.0041)
(0.0005328256 -2.326346667e-05 0.0041)
(0.0005994288 -2.61714e-05 0.0041)
(0.000666032 -2.907933333e-05 0.0041)
(0.0007326352 -3.198726667e-05 0.0041)
(0.0007992384 -3.48952e-05 0.0041)
(0.0008658416 -3.780313333e-05 0.0041)
(0.0009324448 -4.071106667e-05 0.0041)
(0.000999048 -4.3619e-05 0.0041)
(6.66032e-05 2.907933333e-06 0.0041)
(0.0001332064 5.815866667e-06 0.0041)
(0.0001998096 8.7238e-06 0.0041)
(0.0002664128 1.163173333e-05 0.0041)
(0.000333016 1.453966667e-05 0.0041)
(0.0003996192 1.74476e-05 0.0041)
(0.0004662224 2.035553333e-05 0.0041)
(0.0005328256 2.326346667e-05 0.0041)
(0.0005994288 2.61714e-05 0.0041)
(0.000666032 2.907933333e-05 0.0041)
(0.0007326352 3.198726667e-05 0.0041)
(0.0007992384 3.48952e-05 0.0041)
(0.0008658416 3.780313333e-05 0.0041)
(0.0009324448 4.071106667e-05 0.0041)
(0.000999048 4.3619e-05 0.0041)
(0 0 0.0042)
(6.66032e-05 -2.907933333e-06 0.0042)
(0.0001332064 -5.815866667e-06 0.0042)
(0.0001998096 -8.7238e-06 0.0042)
(0.0002664128 -1.163173333e-05 0.0042)
(0.000333016 -1.453966667e-05 0.0042)
(0.0003996192 -1.74476e-05 0.0042)
(0.0004662224 -2.035553333e-05 0.0042)
(0.0005328256 -2.326346667e-05 0.0042)
(0.0005994288 -2.61714e-05 0.0042)
(0.000666032 -2.907933333e-05 0.0042)
(0.0007326352 -3.198726667e-05 0.0042)
(0.0007992384 -3.48952e-05 0.0042)
(0.0008658416 -3.780313333e-05 0.0042)
(0.0009324448 -4.071106667e-05 0.0042)
(0.000999048 -4.3619e-05 0.0042)
(6.66032e-05 2.907933333e-06 0.0042)
(0.0001332064 5.815866667e-06 0.0042)
(0.0001998096 8.7238e-06 0.0042)
(0.0002664128 1.163173333e-05 0.0042)
(0.000333016 1.453966667e-05 0.0042)
(0.0003996192 1.74476e-05 0.0042)
(0.0004662224 2.035553333e-05 0.0042)
(0.0005328256 2.326346667e-05 0.0042)
(0.0005994288 2.61714e-05 0.0042)
(0.000666032 2.907933333e-05 0.0042)
(0.0007326352 3.198726667e-05 0.0042)
(0.0007992384 3.48952e-05 0.0042)
(0.0008658416 3.780313333e-05 0.0042)
(0.0009324448 4.071106667e-05 0.0042)
(0.000999048 4.3619e-05 0.0042)
(0 0 0.0043)
(6.66032e-05 -2.907933333e-06 0.0043)
(0.0001332064 -5.815866667e-06 0.0043)
(0.0001998096 -8.7238e-06 0.0043)
(0.0002664128 -1.163173333e-05 0.0043)
(0.000333016 -1.453966667e-05 0.0043)
(0.0003996192 -1.74476e-05 0.0043)
(0.0004662224 -2.035553333e-05 0.0043)
(0.0005328256 -2.326346667e-05 0.0043)
(0.0005994288 -2.61714e-05 0.0043)
(0.000666032 -2.907933333e-05 0.0043)
(0.0007326352 -3.198726667e-05 0.0043)
(0.0007992384 -3.48952e-05 0.0043)
(0.0008658416 -3.780313333e-05 0.0043)
(0.0009324448 -4.071106667e-05 0.0043)
(0.000999048 -4.3619e-05 0.0043)
(6.66032e-05 2.907933333e-06 0.0043)
(0.0001332064 5.815866667e-06 0.0043)
(0.0001998096 8.7238e-06 0.0043)
(0.0002664128 1.163173333e-05 0.0043)
(0.000333016 1.453966667e-05 0.0043)
(0.0003996192 1.74476e-05 0.0043)
(0.0004662224 2.035553333e-05 0.0043)
(0.0005328256 2.326346667e-05 0.0043)
(0.0005994288 2.61714e-05 0.0043)
(0.000666032 2.907933333e-05 0.0043)
(0.0007326352 3.198726667e-05 0.0043)
(0.0007992384 3.48952e-05 0.0043)
(0.0008658416 3.780313333e-05 0.0043)
(0.0009324448 4.071106667e-05 0.0043)
(0.000999048 4.3619e-05 0.0043)
(0 0 0.0044)
(6.66032e-05 -2.907933333e-06 0.0044)
(0.0001332064 -5.815866667e-06 0.0044)
(0.0001998096 -8.7238e-06 0.0044)
(0.0002664128 -1.163173333e-05 0.0044)
(0.000333016 -1.453966667e-05 0.0044)
(0.0003996192 -1.74476e-05 0.0044)
(0.0004662224 -2.035553333e-05 0.0044)
(0.0005328256 -2.326346667e-05 0.0044)
(0.0005994288 -2.61714e-05 0.0044)
(0.000666032 -2.907933333e-05 0.0044)
(0.0007326352 -3.198726667e-05 0.0044)
(0.0007992384 -3.48952e-05 0.0044)
(0.0008658416 -3.780313333e-05 0.0044)
(0.0009324448 -4.071106667e-05 0.0044)
(0.000999048 -4.3619e-05 0.0044)
(6.66032e-05 2.907933333e-06 0.0044)
(0.0001332064 5.815866667e-06 0.0044)
(0.0001998096 8.7238e-06 0.0044)
(0.0002664128 1.163173333e-05 0.0044)
(0.000333016 1.453966667e-05 0.0044)
(0.0003996192 1.74476e-05 0.0044)
(0.0004662224 2.035553333e-05 0.0044)
(0.0005328256 2.326346667e-05 0.0044)
(0.0005994288 2.61714e-05 0.0044)
(0.000666032 2.907933333e-05 0.0044)
(0.0007326352 3.198726667e-05 0.0044)
(0.0007992384 3.48952e-05 0.0044)
(0.0008658416 3.780313333e-05 0.0044)
(0.0009324448 4.071106667e-05 0.0044)
(0.000999048 4.3619e-05 0.0044)
(0 0 0.0045)
(6.66032e-05 -2.907933333e-06 0.0045)
(0.0001332064 -5.815866667e-06 0.0045)
(0.0001998096 -8.7238e-06 0.0045)
(0.0002664128 -1.163173333e-05 0.0045)
(0.000333016 -1.453966667e-05 0.0045)
(0.0003996192 -1.74476e-05 0.0045)
(0.0004662224 -2.035553333e-05 0.0045)
(0.0005328256 -2.326346667e-05 0.0045)
(0.0005994288 -2.61714e-05 0.0045)
(0.000666032 -2.907933333e-05 0.0045)
(0.0007326352 -3.198726667e-05 0.0045)
(0.0007992384 -3.48952e-05 0.0045)
(0.0008658416 -3.780313333e-05 0.0045)
(0.0009324448 -4.071106667e-05 0.0045)
(0.000999048 -4.3619e-05 0.0045)
(6.66032e-05 2.907933333e-06 0.0045)
(0.0001332064 5.815866667e-06 0.0045)
(0.0001998096 8.7238e-06 0.0045)
(0.0002664128 1.163173333e-05 0.0045)
(0.000333016 1.453966667e-05 0.0045)
(0.0003996192 1.74476e-05 0.0045)
(0.0004662224 2.035553333e-05 0.0045)
(0.0005328256 2.326346667e-05 0.0045)
(0.0005994288 2.61714e-05 0.0045)
(0.000666032 2.907933333e-05 0.0045)
(0.0007326352 3.198726667e-05 0.0045)
(0.0007992384 3.48952e-05 0.0045)
(0.0008658416 3.780313333e-05 0.0045)
(0.0009324448 4.071106667e-05 0.0045)
(0.000999048 4.3619e-05 0.0045)
(0 0 0.0046)
(6.66032e-05 -2.907933333e-06 0.0046)
(0.0001332064 -5.815866667e-06 0.0046)
(0.0001998096 -8.7238e-06 0.0046)
(0.0002664128 -1.163173333e-05 0.0046)
(0.000333016 -1.453966667e-05 0.0046)
(0.0003996192 -1.74476e-05 0.0046)
(0.0004662224 -2.035553333e-05 0.0046)
(0.0005328256 -2.326346667e-05 0.0046)
(0.0005994288 -2.61714e-05 0.0046)
(0.000666032 -2.907933333e-05 0.0046)
(0.0007326352 -3.198726667e-05 0.0046)
(0.0007992384 -3.48952e-05 0.0046)
(0.0008658416 -3.780313333e-05 0.0046)
(0.0009324448 -4.071106667e-05 0.0046)
(0.000999048 -4.3619e-05 0.0046)
(6.66032e-05 2.907933333e-06 0.0046)
(0.0001332064 5.815866667e-06 0.0046)
(0.0001998096 8.7238e-06 0.0046)
(0.0002664128 1.163173333e-05 0.0046)
(0.000333016 1.453966667e-05 0.0046)
(0.0003996192 1.74476e-05 0.0046)
(0.0004662224 2.035553333e-05 0.0046)
(0.0005328256 2.326346667e-05 0.0046)
(0.0005994288 2.61714e-05 0.0046)
(0.000666032 2.907933333e-05 0.0046)
(0.0007326352 3.198726667e-05 0.0046)
(0.0007992384 3.48952e-05 0.0046)
(0.0008658416 3.780313333e-05 0.0046)
(0.0009324448 4.071106667e-05 0.0046)
(0.000999048 4.3619e-05 0.0046)
(0 0 0.0047)
(6.66032e-05 -2.907933333e-06 0.0047)
(0.0001332064 -5.815866667e-06 0.0047)
(0.0001998096 -8.7238e-06 0.0047)
(0.0002664128 -1.163173333e-05 0.0047)
(0.000333016 -1.453966667e-05 0.0047)
(0.0003996192 -1.74476e-05 0.0047)
(0.0004662224 -2.035553333e-05 0.0047)
(0.0005328256 -2.326346667e-05 0.0047)
(0.0005994288 -2.61714e-05 0.0047)
(0.000666032 -2.907933333e-05 0.0047)
(0.0007326352 -3.198726667e-05 0.0047)
(0.0007992384 -3.48952e-05 0.0047)
(0.0008658416 -3.780313333e-05 0.0047)
(0.0009324448 -4.071106667e-05 0.0047)
(0.000999048 -4.3619e-05 0.0047)
(6.66032e-05 2.907933333e-06 0.0047)
(0.0001332064 5.815866667e-06 0.0047)
(0.0001998096 8.7238e-06 0.0047)
(0.0002664128 1.163173333e-05 0.0047)
(0.000333016 1.453966667e-05 0.0047)
(0.0003996192 1.74476e-05 0.0047)
(0.0004662224 2.035553333e-05 0.0047)
(0.0005328256 2.326346667e-05 0.0047)
(0.0005994288 2.61714e-05 0.0047)
(0.000666032 2.907933333e-05 0.0047)
(0.0007326352 3.198726667e-05 0.0047)
(0.0007992384 3.48952e-05 0.0047)
(0.0008658416 3.780313333e-05 0.0047)
(0.0009324448 4.071106667e-05 0.0047)
(0.000999048 4.3619e-05 0.0047)
(0 0 0.0048)
(6.66032e-05 -2.907933333e-06 0.0048)
(0.0001332064 -5.815866667e-06 0.0048)
(0.0001998096 -8.7238e-06 0.0048)
(0.0002664128 -1.163173333e-05 0.0048)
(0.000333016 -1.453966667e-05 0.0048)
(0.0003996192 -1.74476e-05 0.0048)
(0.0004662224 -2.035553333e-05 0.0048)
(0.0005328256 -2.326346667e-05 0.0048)
(0.0005994288 -2.61714e-05 0.0048)
(0.000666032 -2.907933333e-05 0.0048)
(0.0007326352 -3.198726667e-05 0.0048)
(0.0007992384 -3.48952e-05 0.0048)
(0.0008658416 -3.780313333e-05 0.0048)
(0.0009324448 -4.071106667e-05 0.0048)
(0.000999048 -4.3619e-05 0.0048)
(6.66032e-05 2.907933333e-06 0.0048)
(0.0001332064 5.815866667e-06 0.0048)
(0.0001998096 8.7238e-06 0.0048)
(0.0002664128 1.163173333e-05 0.0048)
(0.000333016 1.453966667e-05 0.0048)
(0.0003996192 1.74476e-05 0.0048)
(0.0004662224 2.035553333e-05 0.0048)
(0.0005328256 2.326346667e-05 0.0048)
(0.0005994288 2.61714e-05 0.0048)
(0.000666032 2.907933333e-05 0.0048)
(0.0007326352 3.198726667e-05 0.0048)
(0.0007992384 3.48952e-05 0.0048)
(0.0008658416 3.780313333e-05 0.0048)
(0.0009324448 4.071106667e-05 0.0048)
(0.000999048 4.3619e-05 0.0048)
(0 0 0.0049)
(6.66032e-05 -2.907933333e-06 0.0049)
(0.0001332064 -5.815866667e-06 0.0049)
(0.0001998096 -8.7238e-06 0.0049)
(0.0002664128 -1.163173333e-05 0.0049)
(0.000333016 -1.453966667e-05 0.0049)
(0.0003996192 -1.74476e-05 0.0049)
(0.0004662224 -2.035553333e-05 0.0049)
(0.0005328256 -2.326346667e-05 0.0049)
(0.0005994288 -2.61714e-05 0.0049)
(0.000666032 -2.907933333e-05 0.0049)
(0.0007326352 -3.198726667e-05 0.0049)
(0.0007992384 -3.48952e-05 0.0049)
(0.0008658416 -3.780313333e-05 0.0049)
(0.0009324448 -4.071106667e-05 0.0049)
(0.000999048 -4.3619e-05 0.0049)
(6.66032e-05 2.907933333e-06 0.0049)
(0.0001332064 5.815866667e-06 0.0049)
(0.0001998096 8.7238e-06 0.0049)
(0.0002664128 1.163173333e-05 0.0049)
(0.000333016 1.453966667e-05 0.0049)
(0.0003996192 1.74476e-05 0.0049)
(0.0004662224 2.035553333e-05 0.0049)
(0.0005328256 2.326346667e-05 0.0049)
(0.0005994288 2.61714e-05 0.0049)
(0.000666032 2.907933333e-05 0.0049)
(0.0007326352 3.198726667e-05 0.0049)
(0.0007992384 3.48952e-05 0.0049)
(0.0008658416 3.780313333e-05 0.0049)
(0.0009324448 4.071106667e-05 0.0049)
(0.000999048 4.3619e-05 0.0049)
(0 0 0.005)
(6.66032e-05 -2.907933333e-06 0.005)
(0.0001332064 -5.815866667e-06 0.005)
(0.0001998096 -8.7238e-06 0.005)
(0.0002664128 -1.163173333e-05 0.005)
(0.000333016 -1.453966667e-05 0.005)
(0.0003996192 -1.74476e-05 0.005)
(0.0004662224 -2.035553333e-05 0.005)
(0.0005328256 -2.326346667e-05 0.005)
(0.0005994288 -2.61714e-05 0.005)
(0.000666032 -2.907933333e-05 0.005)
(0.0007326352 -3.198726667e-05 0.005)
(0.0007992384 -3.48952e-05 0.005)
(0.0008658416 -3.780313333e-05 0.005)
(0.0009324448 -4.071106667e-05 0.005)
(0.000999048 -4.3619e-05 0.005)
(6.66032e-05 2.907933333e-06 0.005)
(0.0001332064 5.815866667e-06 0.005)
(0.0001998096 8.7238e-06 0.005)
(0.0002664128 1.163173333e-05 0.005)
(0.000333016 1.453966667e-05 0.005)
(0.0003996192 1.74476e-05 0.005)
(0.0004662224 2.035553333e-05 0.005)
(0.0005328256 2.326346667e-05 0.005)
(0.0005994288 2.61714e-05 0.005)
(0.000666032 2.907933333e-05 0.005)
(0.0007326352 3.198726667e-05 0.005)
(0.0007992384 3.48952e-05 0.005)
(0.0008658416 3.780313333e-05 0.005)
(0.0009324448 4.071106667e-05 0.005)
(0.000999048 4.3619e-05 0.005)
(0 0 0.0051)
(6.66032e-05 -2.907933333e-06 0.0051)
(0.0001332064 -5.815866667e-06 0.0051)
(0.0001998096 -8.7238e-06 0.0051)
(0.0002664128 -1.163173333e-05 0.0051)
(0.000333016 -1.453966667e-05 0.0051)
(0.0003996192 -1.74476e-05 0.0051)
(0.0004662224 -2.035553333e-05 0.0051)
(0.0005328256 -2.326346667e-05 0.0051)
(0.0005994288 -2.61714e-05 0.0051)
(0.000666032 -2.907933333e-05 0.0051)
(0.0007326352 -3.198726667e-05 0.0051)
(0.0007992384 -3.48952e-05 0.0051)
(0.0008658416 -3.780313333e-05 0.0051)
(0.0009324448 -4.071106667e-05 0.0051)
(0.000999048 -4.3619e-05 0.0051)
(6.66032e-05 2.907933333e-06 0.0051)
(0.0001332064 5.815866667e-06 0.0051)
(0.0001998096 8.7238e-06 0.0051)
(0.0002664128 1.163173333e-05 0.0051)
(0.000333016 1.453966667e-05 0.0051)
(0.0003996192 1.74476e-05 0.0051)
(0.0004662224 2.035553333e-05 0.0051)
(0.0005328256 2.326346667e-05 0.0051)
(0.0005994288 2.61714e-05 0.0051)
(0.000666032 2.907933333e-05 0.0051)
(0.0007326352 3.198726667e-05 0.0051)
(0.0007992384 3.48952e-05 0.0051)
(0.0008658416 3.780313333e-05 0.0051)
(0.0009324448 4.071106667e-05 0.0051)
(0.000999048 4.3619e-05 0.0051)
(0 0 0.0052)
(6.66032e-05 -2.907933333e-06 0.0052)
(0.0001332064 -5.815866667e-06 0.0052)
(0.0001998096 -8.7238e-06 0.0052)
(0.0002664128 -1.163173333e-05 0.0052)
(0.000333016 -1.453966667e-05 0.0052)
(0.0003996192 -1.74476e-05 0.0052)
(0.0004662224 -2.035553333e-05 0.0052)
(0.0005328256 -2.326346667e-05 0.0052)
(0.0005994288 -2.61714e-05 0.0052)
(0.000666032 -2.907933333e-05 0.0052)
(0.0007326352 -3.198726667e-05 0.0052)
(0.0007992384 -3.48952e-05 0.0052)
(0.0008658416 -3.780313333e-05 0.0052)
(0.0009324448 -4.071106667e-05 0.0052)
(0.000999048 -4.3619e-05 0.0052)
(6.66032e-05 2.907933333e-06 0.0052)
(0.0001332064 5.815866667e-06 0.0052)
(0.0001998096 8.7238e-06 0.0052)
(0.0002664128 1.163173333e-05 0.0052)
(0.000333016 1.453966667e-05 0.0052)
(0.0003996192 1.74476e-05 0.0052)
(0.0004662224 2.035553333e-05 0.0052)
(0.0005328256 2.326346667e-05 0.0052)
(0.0005994288 2.61714e-05 0.0052)
(0.000666032 2.907933333e-05 0.0052)
(0.0007326352 3.198726667e-05 0.0052)
(0.0007992384 3.48952e-05 0.0052)
(0.0008658416 3.780313333e-05 0.0052)
(0.0009324448 4.071106667e-05 0.0052)
(0.000999048 4.3619e-05 0.0052)
(0 0 0.0053)
(6.66032e-05 -2.907933333e-06 0.0053)
(0.0001332064 -5.815866667e-06 0.0053)
(0.0001998096 -8.7238e-06 0.0053)
(0.0002664128 -1.163173333e-05 0.0053)
(0.000333016 -1.453966667e-05 0.0053)
(0.0003996192 -1.74476e-05 0.0053)
(0.0004662224 -2.035553333e-05 0.0053)
(0.0005328256 -2.326346667e-05 0.0053)
(0.0005994288 -2.61714e-05 0.0053)
(0.000666032 -2.907933333e-05 0.0053)
(0.0007326352 -3.198726667e-05 0.0053)
(0.0007992384 -3.48952e-05 0.0053)
(0.0008658416 -3.780313333e-05 0.0053)
(0.0009324448 -4.071106667e-05 0.0053)
(0.000999048 -4.3619e-05 0.0053)
(6.66032e-05 2.907933333e-06 0.0053)
(0.0001332064 5.815866667e-06 0.0053)
(0.0001998096 8.7238e-06 0.0053)
(0.0002664128 1.163173333e-05 0.0053)
(0.000333016 1.453966667e-05 0.0053)
(0.0003996192 1.74476e-05 0.0053)
(0.0004662224 2.035553333e-05 0.0053)
(0.0005328256 2.326346667e-05 0.0053)
(0.0005994288 2.61714e-05 0.0053)
(0.000666032 2.907933333e-05 0.0053)
(0.0007326352 3.198726667e-05 0.0053)
(0.0007992384 3.48952e-05 0.0053)
(0.0008658416 3.780313333e-05 0.0053)
(0.0009324448 4.071106667e-05 0.0053)
(0.000999048 4.3619e-05 0.0053)
(0 0 0.0054)
(6.66032e-05 -2.907933333e-06 0.0054)
(0.0001332064 -5.815866667e-06 0.0054)
(0.0001998096 -8.7238e-06 0.0054)
(0.0002664128 -1.163173333e-05 0.0054)
(0.000333016 -1.453966667e-05 0.0054)
(0.0003996192 -1.74476e-05 0.0054)
(0.0004662224 -2.035553333e-05 0.0054)
(0.0005328256 -2.326346667e-05 0.0054)
(0.0005994288 -2.61714e-05 0.0054)
(0.000666032 -2.907933333e-05 0.0054)
(0.0007326352 -3.198726667e-05 0.0054)
(0.0007992384 -3.48952e-05 0.0054)
(0.0008658416 -3.780313333e-05 0.0054)
(0.0009324448 -4.071106667e-05 0.0054)
(0.000999048 -4.3619e-05 0.0054)
(6.66032e-05 2.907933333e-06 0.0054)
(0.0001332064 5.815866667e-06 0.0054)
(0.0001998096 8.7238e-06 0.0054)
(0.0002664128 1.163173333e-05 0.0054)
(0.000333016 1.453966667e-05 0.0054)
(0.0003996192 1.74476e-05 0.0054)
(0.0004662224 2.035553333e-05 0.0054)
(0.0005328256 2.326346667e-05 0.0054)
(0.0005994288 2.61714e-05 0.0054)
(0.000666032 2.907933333e-05 0.0054)
(0.0007326352 3.198726667e-05 0.0054)
(0.0007992384 3.48952e-05 0.0054)
(0.0008658416 3.780313333e-05 0.0054)
(0.0009324448 4.071106667e-05 0.0054)
(0.000999048 4.3619e-05 0.0054)
(0 0 0.0055)
(6.66032e-05 -2.907933333e-06 0.0055)
(0.0001332064 -5.815866667e-06 0.0055)
(0.0001998096 -8.7238e-06 0.0055)
(0.0002664128 -1.163173333e-05 0.0055)
(0.000333016 -1.453966667e-05 0.0055)
(0.0003996192 -1.74476e-05 0.0055)
(0.0004662224 -2.035553333e-05 0.0055)
(0.0005328256 -2.326346667e-05 0.0055)
(0.0005994288 -2.61714e-05 0.0055)
(0.000666032 -2.907933333e-05 0.0055)
(0.0007326352 -3.198726667e-05 0.0055)
(0.0007992384 -3.48952e-05 0.0055)
(0.0008658416 -3.780313333e-05 0.0055)
(0.0009324448 -4.071106667e-05 0.0055)
(0.000999048 -4.3619e-05 0.0055)
(6.66032e-05 2.907933333e-06 0.0055)
(0.0001332064 5.815866667e-06 0.0055)
(0.0001998096 8.7238e-06 0.0055)
(0.0002664128 1.163173333e-05 0.0055)
(0.000333016 1.453966667e-05 0.0055)
(0.0003996192 1.74476e-05 0.0055)
(0.0004662224 2.035553333e-05 0.0055)
(0.0005328256 2.326346667e-05 0.0055)
(0.0005994288 2.61714e-05 0.0055)
(0.000666032 2.907933333e-05 0.0055)
(0.0007326352 3.198726667e-05 0.0055)
(0.0007992384 3.48952e-05 0.0055)
(0.0008658416 3.780313333e-05 0.0055)
(0.0009324448 4.071106667e-05 0.0055)
(0.000999048 4.3619e-05 0.0055)
(0 0 0.0056)
(6.66032e-05 -2.907933333e-06 0.0056)
(0.0001332064 -5.815866667e-06 0.0056)
(0.0001998096 -8.7238e-06 0.0056)
(0.0002664128 -1.163173333e-05 0.0056)
(0.000333016 -1.453966667e-05 0.0056)
(0.0003996192 -1.74476e-05 0.0056)
(0.0004662224 -2.035553333e-05 0.0056)
(0.0005328256 -2.326346667e-05 0.0056)
(0.0005994288 -2.61714e-05 0.0056)
(0.000666032 -2.907933333e-05 0.0056)
(0.0007326352 -3.198726667e-05 0.0056)
(0.0007992384 -3.48952e-05 0.0056)
(0.0008658416 -3.780313333e-05 0.0056)
(0.0009324448 -4.071106667e-05 0.0056)
(0.000999048 -4.3619e-05 0.0056)
(6.66032e-05 2.907933333e-06 0.0056)
(0.0001332064 5.815866667e-06 0.0056)
(0.0001998096 8.7238e-06 0.0056)
(0.0002664128 1.163173333e-05 0.0056)
(0.000333016 1.453966667e-05 0.0056)
(0.0003996192 1.74476e-05 0.0056)
(0.0004662224 2.035553333e-05 0.0056)
(0.0005328256 2.326346667e-05 0.0056)
(0.0005994288 2.61714e-05 0.0056)
(0.000666032 2.907933333e-05 0.0056)
(0.0007326352 3.198726667e-05 0.0056)
(0.0007992384 3.48952e-05 0.0056)
(0.0008658416 3.780313333e-05 0.0056)
(0.0009324448 4.071106667e-05 0.0056)
(0.000999048 4.3619e-05 0.0056)
(0 0 0.0057)
(6.66032e-05 -2.907933333e-06 0.0057)
(0.0001332064 -5.815866667e-06 0.0057)
(0.0001998096 -8.7238e-06 0.0057)
(0.0002664128 -1.163173333e-05 0.0057)
(0.000333016 -1.453966667e-05 0.0057)
(0.0003996192 -1.74476e-05 0.0057)
(0.0004662224 -2.035553333e-05 0.0057)
(0.0005328256 -2.326346667e-05 0.0057)
(0.0005994288 -2.61714e-05 0.0057)
(0.000666032 -2.907933333e-05 0.0057)
(0.0007326352 -3.198726667e-05 0.0057)
(0.0007992384 -3.48952e-05 0.0057)
(0.0008658416 -3.780313333e-05 0.0057)
(0.0009324448 -4.071106667e-05 0.0057)
(0.000999048 -4.3619e-05 0.0057)
(6.66032e-05 2.907933333e-06 0.0057)
(0.0001332064 5.815866667e-06 0.0057)
(0.0001998096 8.7238e-06 0.0057)
(0.0002664128 1.163173333e-05 0.0057)
(0.000333016 1.453966667e-05 0.0057)
(0.0003996192 1.74476e-05 0.0057)
(0.0004662224 2.035553333e-05 0.0057)
(0.0005328256 2.326346667e-05 0.0057)
(0.0005994288 2.61714e-05 0.0057)
(0.000666032 2.907933333e-05 0.0057)
(0.0007326352 3.198726667e-05 0.0057)
(0.0007992384 3.48952e-05 0.0057)
(0.0008658416 3.780313333e-05 0.0057)
(0.0009324448 4.071106667e-05 0.0057)
(0.000999048 4.3619e-05 0.0057)
(0 0 0.0058)
(6.66032e-05 -2.907933333e-06 0.0058)
(0.0001332064 -5.815866667e-06 0.0058)
(0.0001998096 -8.7238e-06 0.0058)
(0.0002664128 -1.163173333e-05 0.0058)
(0.000333016 -1.453966667e-05 0.0058)
(0.0003996192 -1.74476e-05 0.0058)
(0.0004662224 -2.035553333e-05 0.0058)
(0.0005328256 -2.326346667e-05 0.0058)
(0.0005994288 -2.61714e-05 0.0058)
(0.000666032 -2.907933333e-05 0.0058)
(0.0007326352 -3.198726667e-05 0.0058)
(0.0007992384 -3.48952e-05 0.0058)
(0.0008658416 -3.780313333e-05 0.0058)
(0.0009324448 -4.071106667e-05 0.0058)
(0.000999048 -4.3619e-05 0.0058)
(6.66032e-05 2.907933333e-06 0.0058)
(0.0001332064 5.815866667e-06 0.0058)
(0.0001998096 8.7238e-06 0.0058)
(0.0002664128 1.163173333e-05 0.0058)
(0.000333016 1.453966667e-05 0.0058)
(0.0003996192 1.74476e-05 0.0058)
(0.0004662224 2.035553333e-05 0.0058)
(0.0005328256 2.326346667e-05 0.0058)
(0.0005994288 2.61714e-05 0.0058)
(0.000666032 2.907933333e-05 0.0058)
(0.0007326352 3.198726667e-05 0.0058)
(0.0007992384 3.48952e-05 0.0058)
(0.0008658416 3.780313333e-05 0.0058)
(0.0009324448 4.071106667e-05 0.0058)
(0.000999048 4.3619e-05 0.0058)
(0 0 0.0059)
(6.66032e-05 -2.907933333e-06 0.0059)
(0.0001332064 -5.815866667e-06 0.0059)
(0.0001998096 -8.7238e-06 0.0059)
(0.0002664128 -1.163173333e-05 0.0059)
(0.000333016 -1.453966667e-05 0.0059)
(0.0003996192 -1.74476e-05 0.0059)
(0.0004662224 -2.035553333e-05 0.0059)
(0.0005328256 -2.326346667e-05 0.0059)
(0.0005994288 -2.61714e-05 0.0059)
(0.000666032 -2.907933333e-05 0.0059)
(0.0007326352 -3.198726667e-05 0.0059)
(0.0007992384 -3.48952e-05 0.0059)
(0.0008658416 -3.780313333e-05 0.0059)
(0.0009324448 -4.071106667e-05 0.0059)
(0.000999048 -4.3619e-05 0.0059)
(6.66032e-05 2.907933333e-06 0.0059)
(0.0001332064 5.815866667e-06 0.0059)
(0.0001998096 8.7238e-06 0.0059)
(0.0002664128 1.163173333e-05 0.0059)
(0.000333016 1.453966667e-05 0.0059)
(0.0003996192 1.74476e-05 0.0059)
(0.0004662224 2.035553333e-05 0.0059)
(0.0005328256 2.326346667e-05 0.0059)
(0.0005994288 2.61714e-05 0.0059)
(0.000666032 2.907933333e-05 0.0059)
(0.0007326352 3.198726667e-05 0.0059)
(0.0007992384 3.48952e-05 0.0059)
(0.0008658416 3.780313333e-05 0.0059)
(0.0009324448 4.071106667e-05 0.0059)
(0.000999048 4.3619e-05 0.0059)
(0 0 0.006)
(6.66032e-05 -2.907933333e-06 0.006)
(0.0001332064 -5.815866667e-06 0.006)
(0.0001998096 -8.7238e-06 0.006)
(0.0002664128 -1.163173333e-05 0.006)
(0.000333016 -1.453966667e-05 0.006)
(0.0003996192 -1.74476e-05 0.006)
(0.0004662224 -2.035553333e-05 0.006)
(0.0005328256 -2.326346667e-05 0.006)
(0.0005994288 -2.61714e-05 0.006)
(0.000666032 -2.907933333e-05 0.006)
(0.0007326352 -3.198726667e-05 0.006)
(0.0007992384 -3.48952e-05 0.006)
(0.0008658416 -3.780313333e-05 0.006)
(0.0009324448 -4.071106667e-05 0.006)
(0.000999048 -4.3619e-05 0.006)
(6.66032e-05 2.907933333e-06 0.006)
(0.0001332064 5.815866667e-06 0.006)
(0.0001998096 8.7238e-06 0.006)
(0.0002664128 1.163173333e-05 0.006)
(0.000333016 1.453966667e-05 0.006)
(0.0003996192 1.74476e-05 0.006)
(0.0004662224 2.035553333e-05 0.006)
(0.0005328256 2.326346667e-05 0.006)
(0.0005994288 2.61714e-05 0.006)
(0.000666032 2.907933333e-05 0.006)
(0.0007326352 3.198726667e-05 0.006)
(0.0007992384 3.48952e-05 0.006)
(0.0008658416 3.780313333e-05 0.006)
(0.0009324448 4.071106667e-05 0.006)
(0.000999048 4.3619e-05 0.006)
(0 0 0.0061)
(6.66032e-05 -2.907933333e-06 0.0061)
(0.0001332064 -5.815866667e-06 0.0061)
(0.0001998096 -8.7238e-06 0.0061)
(0.0002664128 -1.163173333e-05 0.0061)
(0.000333016 -1.453966667e-05 0.0061)
(0.0003996192 -1.74476e-05 0.0061)
(0.0004662224 -2.035553333e-05 0.0061)
(0.0005328256 -2.326346667e-05 0.0061)
(0.0005994288 -2.61714e-05 0.0061)
(0.000666032 -2.907933333e-05 0.0061)
(0.0007326352 -3.198726667e-05 0.0061)
(0.0007992384 -3.48952e-05 0.0061)
(0.0008658416 -3.780313333e-05 0.0061)
(0.0009324448 -4.071106667e-05 0.0061)
(0.000999048 -4.3619e-05 0.0061)
(6.66032e-05 2.907933333e-06 0.0061)
(0.0001332064 5.815866667e-06 0.0061)
(0.0001998096 8.7238e-06 0.0061)
(0.0002664128 1.163173333e-05 0.0061)
(0.000333016 1.453966667e-05 0.0061)
(0.0003996192 1.74476e-05 0.0061)
(0.0004662224 2.035553333e-05 0.0061)
(0.0005328256 2.326346667e-05 0.0061)
(0.0005994288 2.61714e-05 0.0061)
(0.000666032 2.907933333e-05 0.0061)
(0.0007326352 3.198726667e-05 0.0061)
(0.0007992384 3.48952e-05 0.0061)
(0.0008658416 3.780313333e-05 0.0061)
(0.0009324448 4.071106667e-05 0.0061)
(0.000999048 4.3619e-05 0.0061)
(0 0 0.0062)
(6.66032e-05 -2.907933333e-06 0.0062)
(0.0001332064 -5.815866667e-06 0.0062)
(0.0001998096 -8.7238e-06 0.0062)
(0.0002664128 -1.163173333e-05 0.0062)
(0.000333016 -1.453966667e-05 0.0062)
(0.0003996192 -1.74476e-05 0.0062)
(0.0004662224 -2.035553333e-05 0.0062)
(0.0005328256 -2.326346667e-05 0.0062)
(0.0005994288 -2.61714e-05 0.0062)
(0.000666032 -2.907933333e-05 0.0062)
(0.0007326352 -3.198726667e-05 0.0062)
(0.0007992384 -3.48952e-05 0.0062)
(0.0008658416 -3.780313333e-05 0.0062)
(0.0009324448 -4.071106667e-05 0.0062)
(0.000999048 -4.3619e-05 0.0062)
(6.66032e-05 2.907933333e-06 0.0062)
(0.0001332064 5.815866667e-06 0.0062)
(0.0001998096 8.7238e-06 0.0062)
(0.0002664128 1.163173333e-05 0.0062)
(0.000333016 1.453966667e-05 0.0062)
(0.0003996192 1.74476e-05 0.0062)
(0.0004662224 2.035553333e-05 0.0062)
(0.0005328256 2.326346667e-05 0.0062)
(0.0005994288 2.61714e-05 0.0062)
(0.000666032 2.907933333e-05 0.0062)
(0.0007326352 3.198726667e-05 0.0062)
(0.0007992384 3.48952e-05 0.0062)
(0.0008658416 3.780313333e-05 0.0062)
(0.0009324448 4.071106667e-05 0.0062)
(0.000999048 4.3619e-05 0.0062)
(0 0 0.0063)
(6.66032e-05 -2.907933333e-06 0.0063)
(0.0001332064 -5.815866667e-06 0.0063)
(0.0001998096 -8.7238e-06 0.0063)
(0.0002664128 -1.163173333e-05 0.0063)
(0.000333016 -1.453966667e-05 0.0063)
(0.0003996192 -1.74476e-05 0.0063)
(0.0004662224 -2.035553333e-05 0.0063)
(0.0005328256 -2.326346667e-05 0.0063)
(0.0005994288 -2.61714e-05 0.0063)
(0.000666032 -2.907933333e-05 0.0063)
(0.0007326352 -3.198726667e-05 0.0063)
(0.0007992384 -3.48952e-05 0.0063)
(0.0008658416 -3.780313333e-05 0.0063)
(0.0009324448 -4.071106667e-05 0.0063)
(0.000999048 -4.3619e-05 0.0063)
(6.66032e-05 2.907933333e-06 0.0063)
(0.0001332064 5.815866667e-06 0.0063)
(0.0001998096 8.7238e-06 0.0063)
(0.0002664128 1.163173333e-05 0.0063)
(0.000333016 1.453966667e-05 0.0063)
(0.0003996192 1.74476e-05 0.0063)
(0.0004662224 2.035553333e-05 0.0063)
(0.0005328256 2.326346667e-05 0.0063)
(0.0005994288 2.61714e-05 0.0063)
(0.000666032 2.907933333e-05 0.0063)
(0.0007326352 3.198726667e-05 0.0063)
(0.0007992384 3.48952e-05 0.0063)
(0.0008658416 3.780313333e-05 0.0063)
(0.0009324448 4.071106667e-05 0.0063)
(0.000999048 4.3619e-05 0.0063)
(0 0 0.0064)
(6.66032e-05 -2.907933333e-06 0.0064)
(0.0001332064 -5.815866667e-06 0.0064)
(0.0001998096 -8.7238e-06 0.0064)
(0.0002664128 -1.163173333e-05 0.0064)
(0.000333016 -1.453966667e-05 0.0064)
(0.0003996192 -1.74476e-05 0.0064)
(0.0004662224 -2.035553333e-05 0.0064)
(0.0005328256 -2.326346667e-05 0.0064)
(0.0005994288 -2.61714e-05 0.0064)
(0.000666032 -2.907933333e-05 0.0064)
(0.0007326352 -3.198726667e-05 0.0064)
(0.0007992384 -3.48952e-05 0.0064)
(0.0008658416 -3.780313333e-05 0.0064)
(0.0009324448 -4.071106667e-05 0.0064)
(0.000999048 -4.3619e-05 0.0064)
(6.66032e-05 2.907933333e-06 0.0064)
(0.0001332064 5.815866667e-06 0.0064)
(0.0001998096 8.7238e-06 0.0064)
(0.0002664128 1.163173333e-05 0.0064)
(0.000333016 1.453966667e-05 0.0064)
(0.0003996192 1.74476e-05 0.0064)
(0.0004662224 2.035553333e-05 0.0064)
(0.0005328256 2.326346667e-05 0.0064)
(0.0005994288 2.61714e-05 0.0064)
(0.000666032 2.907933333e-05 0.0064)
(0.0007326352 3.198726667e-05 0.0064)
(0.0007992384 3.48952e-05 0.0064)
(0.0008658416 3.780313333e-05 0.0064)
(0.0009324448 4.071106667e-05 0.0064)
(0.000999048 4.3619e-05 0.0064)
(0 0 0.0065)
(6.66032e-05 -2.907933333e-06 0.0065)
(0.0001332064 -5.815866667e-06 0.0065)
(0.0001998096 -8.7238e-06 0.0065)
(0.0002664128 -1.163173333e-05 0.0065)
(0.000333016 -1.453966667e-05 0.0065)
(0.0003996192 -1.74476e-05 0.0065)
(0.0004662224 -2.035553333e-05 0.0065)
(0.0005328256 -2.326346667e-05 0.0065)
(0.0005994288 -2.61714e-05 0.0065)
(0.000666032 -2.907933333e-05 0.0065)
(0.0007326352 -3.198726667e-05 0.0065)
(0.0007992384 -3.48952e-05 0.0065)
(0.0008658416 -3.780313333e-05 0.0065)
(0.0009324448 -4.071106667e-05 0.0065)
(0.000999048 -4.3619e-05 0.0065)
(6.66032e-05 2.907933333e-06 0.0065)
(0.0001332064 5.815866667e-06 0.0065)
(0.0001998096 8.7238e-06 0.0065)
(0.0002664128 1.163173333e-05 0.0065)
(0.000333016 1.453966667e-05 0.0065)
(0.0003996192 1.74476e-05 0.0065)
(0.0004662224 2.035553333e-05 0.0065)
(0.0005328256 2.326346667e-05 0.0065)
(0.0005994288 2.61714e-05 0.0065)
(0.000666032 2.907933333e-05 0.0065)
(0.0007326352 3.198726667e-05 0.0065)
(0.0007992384 3.48952e-05 0.0065)
(0.0008658416 3.780313333e-05 0.0065)
(0.0009324448 4.071106667e-05 0.0065)
(0.000999048 4.3619e-05 0.0065)
(0 0 0.0066)
(6.66032e-05 -2.907933333e-06 0.0066)
(0.0001332064 -5.815866667e-06 0.0066)
(0.0001998096 -8.7238e-06 0.0066)
(0.0002664128 -1.163173333e-05 0.0066)
(0.000333016 -1.453966667e-05 0.0066)
(0.0003996192 -1.74476e-05 0.0066)
(0.0004662224 -2.035553333e-05 0.0066)
(0.0005328256 -2.326346667e-05 0.0066)
(0.0005994288 -2.61714e-05 0.0066)
(0.000666032 -2.907933333e-05 0.0066)
(0.0007326352 -3.198726667e-05 0.0066)
(0.0007992384 -3.48952e-05 0.0066)
(0.0008658416 -3.780313333e-05 0.0066)
(0.0009324448 -4.071106667e-05 0.0066)
(0.000999048 -4.3619e-05 0.0066)
(6.66032e-05 2.907933333e-06 0.0066)
(0.0001332064 5.815866667e-06 0.0066)
(0.0001998096 8.7238e-06 0.0066)
(0.0002664128 1.163173333e-05 0.0066)
(0.000333016 1.453966667e-05 0.0066)
(0.0003996192 1.74476e-05 0.0066)
(0.0004662224 2.035553333e-05 0.0066)
(0.0005328256 2.326346667e-05 0.0066)
(0.0005994288 2.61714e-05 0.0066)
(0.000666032 2.907933333e-05 0.0066)
(0.0007326352 3.198726667e-05 0.0066)
(0.0007992384 3.48952e-05 0.0066)
(0.0008658416 3.780313333e-05 0.0066)
(0.0009324448 4.071106667e-05 0.0066)
(0.000999048 4.3619e-05 0.0066)
(0 0 0.0067)
(6.66032e-05 -2.907933333e-06 0.0067)
(0.0001332064 -5.815866667e-06 0.0067)
(0.0001998096 -8.7238e-06 0.0067)
(0.0002664128 -1.163173333e-05 0.0067)
(0.000333016 -1.453966667e-05 0.0067)
(0.0003996192 -1.74476e-05 0.0067)
(0.0004662224 -2.035553333e-05 0.0067)
(0.0005328256 -2.326346667e-05 0.0067)
(0.0005994288 -2.61714e-05 0.0067)
(0.000666032 -2.907933333e-05 0.0067)
(0.0007326352 -3.198726667e-05 0.0067)
(0.0007992384 -3.48952e-05 0.0067)
(0.0008658416 -3.780313333e-05 0.0067)
(0.0009324448 -4.071106667e-05 0.0067)
(0.000999048 -4.3619e-05 0.0067)
(6.66032e-05 2.907933333e-06 0.0067)
(0.0001332064 5.815866667e-06 0.0067)
(0.0001998096 8.7238e-06 0.0067)
(0.0002664128 1.163173333e-05 0.0067)
(0.000333016 1.453966667e-05 0.0067)
(0.0003996192 1.74476e-05 0.0067)
(0.0004662224 2.035553333e-05 0.0067)
(0.0005328256 2.326346667e-05 0.0067)
(0.0005994288 2.61714e-05 0.0067)
(0.000666032 2.907933333e-05 0.0067)
(0.0007326352 3.198726667e-05 0.0067)
(0.0007992384 3.48952e-05 0.0067)
(0.0008658416 3.780313333e-05 0.0067)
(0.0009324448 4.071106667e-05 0.0067)
(0.000999048 4.3619e-05 0.0067)
(0 0 0.0068)
(6.66032e-05 -2.907933333e-06 0.0068)
(0.0001332064 -5.815866667e-06 0.0068)
(0.0001998096 -8.7238e-06 0.0068)
(0.0002664128 -1.163173333e-05 0.0068)
(0.000333016 -1.453966667e-05 0.0068)
(0.0003996192 -1.74476e-05 0.0068)
(0.0004662224 -2.035553333e-05 0.0068)
(0.0005328256 -2.326346667e-05 0.0068)
(0.0005994288 -2.61714e-05 0.0068)
(0.000666032 -2.907933333e-05 0.0068)
(0.0007326352 -3.198726667e-05 0.0068)
(0.0007992384 -3.48952e-05 0.0068)
(0.0008658416 -3.780313333e-05 0.0068)
(0.0009324448 -4.071106667e-05 0.0068)
(0.000999048 -4.3619e-05 0.0068)
(6.66032e-05 2.907933333e-06 0.0068)
(0.0001332064 5.815866667e-06 0.0068)
(0.0001998096 8.7238e-06 0.0068)
(0.0002664128 1.163173333e-05 0.0068)
(0.000333016 1.453966667e-05 0.0068)
(0.0003996192 1.74476e-05 0.0068)
(0.0004662224 2.035553333e-05 0.0068)
(0.0005328256 2.326346667e-05 0.0068)
(0.0005994288 2.61714e-05 0.0068)
(0.000666032 2.907933333e-05 0.0068)
(0.0007326352 3.198726667e-05 0.0068)
(0.0007992384 3.48952e-05 0.0068)
(0.0008658416 3.780313333e-05 0.0068)
(0.0009324448 4.071106667e-05 0.0068)
(0.000999048 4.3619e-05 0.0068)
(0 0 0.0069)
(6.66032e-05 -2.907933333e-06 0.0069)
(0.0001332064 -5.815866667e-06 0.0069)
(0.0001998096 -8.7238e-06 0.0069)
(0.0002664128 -1.163173333e-05 0.0069)
(0.000333016 -1.453966667e-05 0.0069)
(0.0003996192 -1.74476e-05 0.0069)
(0.0004662224 -2.035553333e-05 0.0069)
(0.0005328256 -2.326346667e-05 0.0069)
(0.0005994288 -2.61714e-05 0.0069)
(0.000666032 -2.907933333e-05 0.0069)
(0.0007326352 -3.198726667e-05 0.0069)
(0.0007992384 -3.48952e-05 0.0069)
(0.0008658416 -3.780313333e-05 0.0069)
(0.0009324448 -4.071106667e-05 0.0069)
(0.000999048 -4.3619e-05 0.0069)
(6.66032e-05 2.907933333e-06 0.0069)
(0.0001332064 5.815866667e-06 0.0069)
(0.0001998096 8.7238e-06 0.0069)
(0.0002664128 1.163173333e-05 0.0069)
(0.000333016 1.453966667e-05 0.0069)
(0.0003996192 1.74476e-05 0.0069)
(0.0004662224 2.035553333e-05 0.0069)
(0.0005328256 2.326346667e-05 0.0069)
(0.0005994288 2.61714e-05 0.0069)
(0.000666032 2.907933333e-05 0.0069)
(0.0007326352 3.198726667e-05 0.0069)
(0.0007992384 3.48952e-05 0.0069)
(0.0008658416 3.780313333e-05 0.0069)
(0.0009324448 4.071106667e-05 0.0069)
(0.000999048 4.3619e-05 0.0069)
(0 0 0.007)
(6.66032e-05 -2.907933333e-06 0.007)
(0.0001332064 -5.815866667e-06 0.007)
(0.0001998096 -8.7238e-06 0.007)
(0.0002664128 -1.163173333e-05 0.007)
(0.000333016 -1.453966667e-05 0.007)
(0.0003996192 -1.74476e-05 0.007)
(0.0004662224 -2.035553333e-05 0.007)
(0.0005328256 -2.326346667e-05 0.007)
(0.0005994288 -2.61714e-05 0.007)
(0.000666032 -2.907933333e-05 0.007)
(0.0007326352 -3.198726667e-05 0.007)
(0.0007992384 -3.48952e-05 0.007)
(0.0008658416 -3.780313333e-05 0.007)
(0.0009324448 -4.071106667e-05 0.007)
(0.000999048 -4.3619e-05 0.007)
(6.66032e-05 2.907933333e-06 0.007)
(0.0001332064 5.815866667e-06 0.007)
(0.0001998096 8.7238e-06 0.007)
(0.0002664128 1.163173333e-05 0.007)
(0.000333016 1.453966667e-05 0.007)
(0.0003996192 1.74476e-05 0.007)
(0.0004662224 2.035553333e-05 0.007)
(0.0005328256 2.326346667e-05 0.007)
(0.0005994288 2.61714e-05 0.007)
(0.000666032 2.907933333e-05 0.007)
(0.0007326352 3.198726667e-05 0.007)
(0.0007992384 3.48952e-05 0.007)
(0.0008658416 3.780313333e-05 0.007)
(0.0009324448 4.071106667e-05 0.007)
(0.000999048 4.3619e-05 0.007)
(0 0 0.0071)
(6.66032e-05 -2.907933333e-06 0.0071)
(0.0001332064 -5.815866667e-06 0.0071)
(0.0001998096 -8.7238e-06 0.0071)
(0.0002664128 -1.163173333e-05 0.0071)
(0.000333016 -1.453966667e-05 0.0071)
(0.0003996192 -1.74476e-05 0.0071)
(0.0004662224 -2.035553333e-05 0.0071)
(0.0005328256 -2.326346667e-05 0.0071)
(0.0005994288 -2.61714e-05 0.0071)
(0.000666032 -2.907933333e-05 0.0071)
(0.0007326352 -3.198726667e-05 0.0071)
(0.0007992384 -3.48952e-05 0.0071)
(0.0008658416 -3.780313333e-05 0.0071)
(0.0009324448 -4.071106667e-05 0.0071)
(0.000999048 -4.3619e-05 0.0071)
(6.66032e-05 2.907933333e-06 0.0071)
(0.0001332064 5.815866667e-06 0.0071)
(0.0001998096 8.7238e-06 0.0071)
(0.0002664128 1.163173333e-05 0.0071)
(0.000333016 1.453966667e-05 0.0071)
(0.0003996192 1.74476e-05 0.0071)
(0.0004662224 2.035553333e-05 0.0071)
(0.0005328256 2.326346667e-05 0.0071)
(0.0005994288 2.61714e-05 0.0071)
(0.000666032 2.907933333e-05 0.0071)
(0.0007326352 3.198726667e-05 0.0071)
(0.0007992384 3.48952e-05 0.0071)
(0.0008658416 3.780313333e-05 0.0071)
(0.0009324448 4.071106667e-05 0.0071)
(0.000999048 4.3619e-05 0.0071)
(0 0 0.0072)
(6.66032e-05 -2.907933333e-06 0.0072)
(0.0001332064 -5.815866667e-06 0.0072)
(0.0001998096 -8.7238e-06 0.0072)
(0.0002664128 -1.163173333e-05 0.0072)
(0.000333016 -1.453966667e-05 0.0072)
(0.0003996192 -1.74476e-05 0.0072)
(0.0004662224 -2.035553333e-05 0.0072)
(0.0005328256 -2.326346667e-05 0.0072)
(0.0005994288 -2.61714e-05 0.0072)
(0.000666032 -2.907933333e-05 0.0072)
(0.0007326352 -3.198726667e-05 0.0072)
(0.0007992384 -3.48952e-05 0.0072)
(0.0008658416 -3.780313333e-05 0.0072)
(0.0009324448 -4.071106667e-05 0.0072)
(0.000999048 -4.3619e-05 0.0072)
(6.66032e-05 2.907933333e-06 0.0072)
(0.0001332064 5.815866667e-06 0.0072)
(0.0001998096 8.7238e-06 0.0072)
(0.0002664128 1.163173333e-05 0.0072)
(0.000333016 1.453966667e-05 0.0072)
(0.0003996192 1.74476e-05 0.0072)
(0.0004662224 2.035553333e-05 0.0072)
(0.0005328256 2.326346667e-05 0.0072)
(0.0005994288 2.61714e-05 0.0072)
(0.000666032 2.907933333e-05 0.0072)
(0.0007326352 3.198726667e-05 0.0072)
(0.0007992384 3.48952e-05 0.0072)
(0.0008658416 3.780313333e-05 0.0072)
(0.0009324448 4.071106667e-05 0.0072)
(0.000999048 4.3619e-05 0.0072)
(0 0 0.0073)
(6.66032e-05 -2.907933333e-06 0.0073)
(0.0001332064 -5.815866667e-06 0.0073)
(0.0001998096 -8.7238e-06 0.0073)
(0.0002664128 -1.163173333e-05 0.0073)
(0.000333016 -1.453966667e-05 0.0073)
(0.0003996192 -1.74476e-05 0.0073)
(0.0004662224 -2.035553333e-05 0.0073)
(0.0005328256 -2.326346667e-05 0.0073)
(0.0005994288 -2.61714e-05 0.0073)
(0.000666032 -2.907933333e-05 0.0073)
(0.0007326352 -3.198726667e-05 0.0073)
(0.0007992384 -3.48952e-05 0.0073)
(0.0008658416 -3.780313333e-05 0.0073)
(0.0009324448 -4.071106667e-05 0.0073)
(0.000999048 -4.3619e-05 0.0073)
(6.66032e-05 2.907933333e-06 0.0073)
(0.0001332064 5.815866667e-06 0.0073)
(0.0001998096 8.7238e-06 0.0073)
(0.0002664128 1.163173333e-05 0.0073)
(0.000333016 1.453966667e-05 0.0073)
(0.0003996192 1.74476e-05 0.0073)
(0.0004662224 2.035553333e-05 0.0073)
(0.0005328256 2.326346667e-05 0.0073)
(0.0005994288 2.61714e-05 0.0073)
(0.000666032 2.907933333e-05 0.0073)
(0.0007326352 3.198726667e-05 0.0073)
(0.0007992384 3.48952e-05 0.0073)
(0.0008658416 3.780313333e-05 0.0073)
(0.0009324448 4.071106667e-05 0.0073)
(0.000999048 4.3619e-05 0.0073)
(0 0 0.0074)
(6.66032e-05 -2.907933333e-06 0.0074)
(0.0001332064 -5.815866667e-06 0.0074)
(0.0001998096 -8.7238e-06 0.0074)
(0.0002664128 -1.163173333e-05 0.0074)
(0.000333016 -1.453966667e-05 0.0074)
(0.0003996192 -1.74476e-05 0.0074)
(0.0004662224 -2.035553333e-05 0.0074)
(0.0005328256 -2.326346667e-05 0.0074)
(0.0005994288 -2.61714e-05 0.0074)
(0.000666032 -2.907933333e-05 0.0074)
(0.0007326352 -3.198726667e-05 0.0074)
(0.0007992384 -3.48952e-05 0.0074)
(0.0008658416 -3.780313333e-05 0.0074)
(0.0009324448 -4.071106667e-05 0.0074)
(0.000999048 -4.3619e-05 0.0074)
(6.66032e-05 2.907933333e-06 0.0074)
(0.0001332064 5.815866667e-06 0.0074)
(0.0001998096 8.7238e-06 0.0074)
(0.0002664128 1.163173333e-05 0.0074)
(0.000333016 1.453966667e-05 0.0074)
(0.0003996192 1.74476e-05 0.0074)
(0.0004662224 2.035553333e-05 0.0074)
(0.0005328256 2.326346667e-05 0.0074)
(0.0005994288 2.61714e-05 0.0074)
(0.000666032 2.907933333e-05 0.0074)
(0.0007326352 3.198726667e-05 0.0074)
(0.0007992384 3.48952e-05 0.0074)
(0.0008658416 3.780313333e-05 0.0074)
(0.0009324448 4.071106667e-05 0.0074)
(0.000999048 4.3619e-05 0.0074)
(0 0 0.0075)
(6.66032e-05 -2.907933333e-06 0.0075)
(0.0001332064 -5.815866667e-06 0.0075)
(0.0001998096 -8.7238e-06 0.0075)
(0.0002664128 -1.163173333e-05 0.0075)
(0.000333016 -1.453966667e-05 0.0075)
(0.0003996192 -1.74476e-05 0.0075)
(0.0004662224 -2.035553333e-05 0.0075)
(0.0005328256 -2.326346667e-05 0.0075)
(0.0005994288 -2.61714e-05 0.0075)
(0.000666032 -2.907933333e-05 0.0075)
(0.0007326352 -3.198726667e-05 0.0075)
(0.0007992384 -3.48952e-05 0.0075)
(0.0008658416 -3.780313333e-05 0.0075)
(0.0009324448 -4.071106667e-05 0.0075)
(0.000999048 -4.3619e-05 0.0075)
(6.66032e-05 2.907933333e-06 0.0075)
(0.0001332064 5.815866667e-06 0.0075)
(0.0001998096 8.7238e-06 0.0075)
(0.0002664128 1.163173333e-05 0.0075)
(0.000333016 1.453966667e-05 0.0075)
(0.0003996192 1.74476e-05 0.0075)
(0.0004662224 2.035553333e-05 0.0075)
(0.0005328256 2.326346667e-05 0.0075)
(0.0005994288 2.61714e-05 0.0075)
(0.000666032 2.907933333e-05 0.0075)
(0.0007326352 3.198726667e-05 0.0075)
(0.0007992384 3.48952e-05 0.0075)
(0.0008658416 3.780313333e-05 0.0075)
(0.0009324448 4.071106667e-05 0.0075)
(0.000999048 4.3619e-05 0.0075)
(0 0 0.0076)
(6.66032e-05 -2.907933333e-06 0.0076)
(0.0001332064 -5.815866667e-06 0.0076)
(0.0001998096 -8.7238e-06 0.0076)
(0.0002664128 -1.163173333e-05 0.0076)
(0.000333016 -1.453966667e-05 0.0076)
(0.0003996192 -1.74476e-05 0.0076)
(0.0004662224 -2.035553333e-05 0.0076)
(0.0005328256 -2.326346667e-05 0.0076)
(0.0005994288 -2.61714e-05 0.0076)
(0.000666032 -2.907933333e-05 0.0076)
(0.0007326352 -3.198726667e-05 0.0076)
(0.0007992384 -3.48952e-05 0.0076)
(0.0008658416 -3.780313333e-05 0.0076)
(0.0009324448 -4.071106667e-05 0.0076)
(0.000999048 -4.3619e-05 0.0076)
(6.66032e-05 2.907933333e-06 0.0076)
(0.0001332064 5.815866667e-06 0.0076)
(0.0001998096 8.7238e-06 0.0076)
(0.0002664128 1.163173333e-05 0.0076)
(0.000333016 1.453966667e-05 0.0076)
(0.0003996192 1.74476e-05 0.0076)
(0.0004662224 2.035553333e-05 0.0076)
(0.0005328256 2.326346667e-05 0.0076)
(0.0005994288 2.61714e-05 0.0076)
(0.000666032 2.907933333e-05 0.0076)
(0.0007326352 3.198726667e-05 0.0076)
(0.0007992384 3.48952e-05 0.0076)
(0.0008658416 3.780313333e-05 0.0076)
(0.0009324448 4.071106667e-05 0.0076)
(0.000999048 4.3619e-05 0.0076)
(0 0 0.0077)
(6.66032e-05 -2.907933333e-06 0.0077)
(0.0001332064 -5.815866667e-06 0.0077)
(0.0001998096 -8.7238e-06 0.0077)
(0.0002664128 -1.163173333e-05 0.0077)
(0.000333016 -1.453966667e-05 0.0077)
(0.0003996192 -1.74476e-05 0.0077)
(0.0004662224 -2.035553333e-05 0.0077)
(0.0005328256 -2.326346667e-05 0.0077)
(0.0005994288 -2.61714e-05 0.0077)
(0.000666032 -2.907933333e-05 0.0077)
(0.0007326352 -3.198726667e-05 0.0077)
(0.0007992384 -3.48952e-05 0.0077)
(0.0008658416 -3.780313333e-05 0.0077)
(0.0009324448 -4.071106667e-05 0.0077)
(0.000999048 -4.3619e-05 0.0077)
(6.66032e-05 2.907933333e-06 0.0077)
(0.0001332064 5.815866667e-06 0.0077)
(0.0001998096 8.7238e-06 0.0077)
(0.0002664128 1.163173333e-05 0.0077)
(0.000333016 1.453966667e-05 0.0077)
(0.0003996192 1.74476e-05 0.0077)
(0.0004662224 2.035553333e-05 0.0077)
(0.0005328256 2.326346667e-05 0.0077)
(0.0005994288 2.61714e-05 0.0077)
(0.000666032 2.907933333e-05 0.0077)
(0.0007326352 3.198726667e-05 0.0077)
(0.0007992384 3.48952e-05 0.0077)
(0.0008658416 3.780313333e-05 0.0077)
(0.0009324448 4.071106667e-05 0.0077)
(0.000999048 4.3619e-05 0.0077)
(0 0 0.0078)
(6.66032e-05 -2.907933333e-06 0.0078)
(0.0001332064 -5.815866667e-06 0.0078)
(0.0001998096 -8.7238e-06 0.0078)
(0.0002664128 -1.163173333e-05 0.0078)
(0.000333016 -1.453966667e-05 0.0078)
(0.0003996192 -1.74476e-05 0.0078)
(0.0004662224 -2.035553333e-05 0.0078)
(0.0005328256 -2.326346667e-05 0.0078)
(0.0005994288 -2.61714e-05 0.0078)
(0.000666032 -2.907933333e-05 0.0078)
(0.0007326352 -3.198726667e-05 0.0078)
(0.0007992384 -3.48952e-05 0.0078)
(0.0008658416 -3.780313333e-05 0.0078)
(0.0009324448 -4.071106667e-05 0.0078)
(0.000999048 -4.3619e-05 0.0078)
(6.66032e-05 2.907933333e-06 0.0078)
(0.0001332064 5.815866667e-06 0.0078)
(0.0001998096 8.7238e-06 0.0078)
(0.0002664128 1.163173333e-05 0.0078)
(0.000333016 1.453966667e-05 0.0078)
(0.0003996192 1.74476e-05 0.0078)
(0.0004662224 2.035553333e-05 0.0078)
(0.0005328256 2.326346667e-05 0.0078)
(0.0005994288 2.61714e-05 0.0078)
(0.000666032 2.907933333e-05 0.0078)
(0.0007326352 3.198726667e-05 0.0078)
(0.0007992384 3.48952e-05 0.0078)
(0.0008658416 3.780313333e-05 0.0078)
(0.0009324448 4.071106667e-05 0.0078)
(0.000999048 4.3619e-05 0.0078)
(0 0 0.0079)
(6.66032e-05 -2.907933333e-06 0.0079)
(0.0001332064 -5.815866667e-06 0.0079)
(0.0001998096 -8.7238e-06 0.0079)
(0.0002664128 -1.163173333e-05 0.0079)
(0.000333016 -1.453966667e-05 0.0079)
(0.0003996192 -1.74476e-05 0.0079)
(0.0004662224 -2.035553333e-05 0.0079)
(0.0005328256 -2.326346667e-05 0.0079)
(0.0005994288 -2.61714e-05 0.0079)
(0.000666032 -2.907933333e-05 0.0079)
(0.0007326352 -3.198726667e-05 0.0079)
(0.0007992384 -3.48952e-05 0.0079)
(0.0008658416 -3.780313333e-05 0.0079)
(0.0009324448 -4.071106667e-05 0.0079)
(0.000999048 -4.3619e-05 0.0079)
(6.66032e-05 2.907933333e-06 0.0079)
(0.0001332064 5.815866667e-06 0.0079)
(0.0001998096 8.7238e-06 0.0079)
(0.0002664128 1.163173333e-05 0.0079)
(0.000333016 1.453966667e-05 0.0079)
(0.0003996192 1.74476e-05 0.0079)
(0.0004662224 2.035553333e-05 0.0079)
(0.0005328256 2.326346667e-05 0.0079)
(0.0005994288 2.61714e-05 0.0079)
(0.000666032 2.907933333e-05 0.0079)
(0.0007326352 3.198726667e-05 0.0079)
(0.0007992384 3.48952e-05 0.0079)
(0.0008658416 3.780313333e-05 0.0079)
(0.0009324448 4.071106667e-05 0.0079)
(0.000999048 4.3619e-05 0.0079)
(0 0 0.008)
(6.66032e-05 -2.907933333e-06 0.008)
(0.0001332064 -5.815866667e-06 0.008)
(0.0001998096 -8.7238e-06 0.008)
(0.0002664128 -1.163173333e-05 0.008)
(0.000333016 -1.453966667e-05 0.008)
(0.0003996192 -1.74476e-05 0.008)
(0.0004662224 -2.035553333e-05 0.008)
(0.0005328256 -2.326346667e-05 0.008)
(0.0005994288 -2.61714e-05 0.008)
(0.000666032 -2.907933333e-05 0.008)
(0.0007326352 -3.198726667e-05 0.008)
(0.0007992384 -3.48952e-05 0.008)
(0.0008658416 -3.780313333e-05 0.008)
(0.0009324448 -4.071106667e-05 0.008)
(0.000999048 -4.3619e-05 0.008)
(6.66032e-05 2.907933333e-06 0.008)
(0.0001332064 5.815866667e-06 0.008)
(0.0001998096 8.7238e-06 0.008)
(0.0002664128 1.163173333e-05 0.008)
(0.000333016 1.453966667e-05 0.008)
(0.0003996192 1.74476e-05 0.008)
(0.0004662224 2.035553333e-05 0.008)
(0.0005328256 2.326346667e-05 0.008)
(0.0005994288 2.61714e-05 0.008)
(0.000666032 2.907933333e-05 0.008)
(0.0007326352 3.198726667e-05 0.008)
(0.0007992384 3.48952e-05 0.008)
(0.0008658416 3.780313333e-05 0.008)
(0.0009324448 4.071106667e-05 0.008)
(0.000999048 4.3619e-05 0.008)
(0 0 0.0081)
(6.66032e-05 -2.907933333e-06 0.0081)
(0.0001332064 -5.815866667e-06 0.0081)
(0.0001998096 -8.7238e-06 0.0081)
(0.0002664128 -1.163173333e-05 0.0081)
(0.000333016 -1.453966667e-05 0.0081)
(0.0003996192 -1.74476e-05 0.0081)
(0.0004662224 -2.035553333e-05 0.0081)
(0.0005328256 -2.326346667e-05 0.0081)
(0.0005994288 -2.61714e-05 0.0081)
(0.000666032 -2.907933333e-05 0.0081)
(0.0007326352 -3.198726667e-05 0.0081)
(0.0007992384 -3.48952e-05 0.0081)
(0.0008658416 -3.780313333e-05 0.0081)
(0.0009324448 -4.071106667e-05 0.0081)
(0.000999048 -4.3619e-05 0.0081)
(6.66032e-05 2.907933333e-06 0.0081)
(0.0001332064 5.815866667e-06 0.0081)
(0.0001998096 8.7238e-06 0.0081)
(0.0002664128 1.163173333e-05 0.0081)
(0.000333016 1.453966667e-05 0.0081)
(0.0003996192 1.74476e-05 0.0081)
(0.0004662224 2.035553333e-05 0.0081)
(0.0005328256 2.326346667e-05 0.0081)
(0.0005994288 2.61714e-05 0.0081)
(0.000666032 2.907933333e-05 0.0081)
(0.0007326352 3.198726667e-05 0.0081)
(0.0007992384 3.48952e-05 0.0081)
(0.0008658416 3.780313333e-05 0.0081)
(0.0009324448 4.071106667e-05 0.0081)
(0.000999048 4.3619e-05 0.0081)
(0 0 0.0082)
(6.66032e-05 -2.907933333e-06 0.0082)
(0.0001332064 -5.815866667e-06 0.0082)
(0.0001998096 -8.7238e-06 0.0082)
(0.0002664128 -1.163173333e-05 0.0082)
(0.000333016 -1.453966667e-05 0.0082)
(0.0003996192 -1.74476e-05 0.0082)
(0.0004662224 -2.035553333e-05 0.0082)
(0.0005328256 -2.326346667e-05 0.0082)
(0.0005994288 -2.61714e-05 0.0082)
(0.000666032 -2.907933333e-05 0.0082)
(0.0007326352 -3.198726667e-05 0.0082)
(0.0007992384 -3.48952e-05 0.0082)
(0.0008658416 -3.780313333e-05 0.0082)
(0.0009324448 -4.071106667e-05 0.0082)
(0.000999048 -4.3619e-05 0.0082)
(6.66032e-05 2.907933333e-06 0.0082)
(0.0001332064 5.815866667e-06 0.0082)
(0.0001998096 8.7238e-06 0.0082)
(0.0002664128 1.163173333e-05 0.0082)
(0.000333016 1.453966667e-05 0.0082)
(0.0003996192 1.74476e-05 0.0082)
(0.0004662224 2.035553333e-05 0.0082)
(0.0005328256 2.326346667e-05 0.0082)
(0.0005994288 2.61714e-05 0.0082)
(0.000666032 2.907933333e-05 0.0082)
(0.0007326352 3.198726667e-05 0.0082)
(0.0007992384 3.48952e-05 0.0082)
(0.0008658416 3.780313333e-05 0.0082)
(0.0009324448 4.071106667e-05 0.0082)
(0.000999048 4.3619e-05 0.0082)
(0 0 0.0083)
(6.66032e-05 -2.907933333e-06 0.0083)
(0.0001332064 -5.815866667e-06 0.0083)
(0.0001998096 -8.7238e-06 0.0083)
(0.0002664128 -1.163173333e-05 0.0083)
(0.000333016 -1.453966667e-05 0.0083)
(0.0003996192 -1.74476e-05 0.0083)
(0.0004662224 -2.035553333e-05 0.0083)
(0.0005328256 -2.326346667e-05 0.0083)
(0.0005994288 -2.61714e-05 0.0083)
(0.000666032 -2.907933333e-05 0.0083)
(0.0007326352 -3.198726667e-05 0.0083)
(0.0007992384 -3.48952e-05 0.0083)
(0.0008658416 -3.780313333e-05 0.0083)
(0.0009324448 -4.071106667e-05 0.0083)
(0.000999048 -4.3619e-05 0.0083)
(6.66032e-05 2.907933333e-06 0.0083)
(0.0001332064 5.815866667e-06 0.0083)
(0.0001998096 8.7238e-06 0.0083)
(0.0002664128 1.163173333e-05 0.0083)
(0.000333016 1.453966667e-05 0.0083)
(0.0003996192 1.74476e-05 0.0083)
(0.0004662224 2.035553333e-05 0.0083)
(0.0005328256 2.326346667e-05 0.0083)
(0.0005994288 2.61714e-05 0.0083)
(0.000666032 2.907933333e-05 0.0083)
(0.0007326352 3.198726667e-05 0.0083)
(0.0007992384 3.48952e-05 0.0083)
(0.0008658416 3.780313333e-05 0.0083)
(0.0009324448 4.071106667e-05 0.0083)
(0.000999048 4.3619e-05 0.0083)
(0 0 0.0084)
(6.66032e-05 -2.907933333e-06 0.0084)
(0.0001332064 -5.815866667e-06 0.0084)
(0.0001998096 -8.7238e-06 0.0084)
(0.0002664128 -1.163173333e-05 0.0084)
(0.000333016 -1.453966667e-05 0.0084)
(0.0003996192 -1.74476e-05 0.0084)
(0.0004662224 -2.035553333e-05 0.0084)
(0.0005328256 -2.326346667e-05 0.0084)
(0.0005994288 -2.61714e-05 0.0084)
(0.000666032 -2.907933333e-05 0.0084)
(0.0007326352 -3.198726667e-05 0.0084)
(0.0007992384 -3.48952e-05 0.0084)
(0.0008658416 -3.780313333e-05 0.0084)
(0.0009324448 -4.071106667e-05 0.0084)
(0.000999048 -4.3619e-05 0.0084)
(6.66032e-05 2.907933333e-06 0.0084)
(0.0001332064 5.815866667e-06 0.0084)
(0.0001998096 8.7238e-06 0.0084)
(0.0002664128 1.163173333e-05 0.0084)
(0.000333016 1.453966667e-05 0.0084)
(0.0003996192 1.74476e-05 0.0084)
(0.0004662224 2.035553333e-05 0.0084)
(0.0005328256 2.326346667e-05 0.0084)
(0.0005994288 2.61714e-05 0.0084)
(0.000666032 2.907933333e-05 0.0084)
(0.0007326352 3.198726667e-05 0.0084)
(0.0007992384 3.48952e-05 0.0084)
(0.0008658416 3.780313333e-05 0.0084)
(0.0009324448 4.071106667e-05 0.0084)
(0.000999048 4.3619e-05 0.0084)
(0 0 0.0085)
(6.66032e-05 -2.907933333e-06 0.0085)
(0.0001332064 -5.815866667e-06 0.0085)
(0.0001998096 -8.7238e-06 0.0085)
(0.0002664128 -1.163173333e-05 0.0085)
(0.000333016 -1.453966667e-05 0.0085)
(0.0003996192 -1.74476e-05 0.0085)
(0.0004662224 -2.035553333e-05 0.0085)
(0.0005328256 -2.326346667e-05 0.0085)
(0.0005994288 -2.61714e-05 0.0085)
(0.000666032 -2.907933333e-05 0.0085)
(0.0007326352 -3.198726667e-05 0.0085)
(0.0007992384 -3.48952e-05 0.0085)
(0.0008658416 -3.780313333e-05 0.0085)
(0.0009324448 -4.071106667e-05 0.0085)
(0.000999048 -4.3619e-05 0.0085)
(6.66032e-05 2.907933333e-06 0.0085)
(0.0001332064 5.815866667e-06 0.0085)
(0.0001998096 8.7238e-06 0.0085)
(0.0002664128 1.163173333e-05 0.0085)
(0.000333016 1.453966667e-05 0.0085)
(0.0003996192 1.74476e-05 0.0085)
(0.0004662224 2.035553333e-05 0.0085)
(0.0005328256 2.326346667e-05 0.0085)
(0.0005994288 2.61714e-05 0.0085)
(0.000666032 2.907933333e-05 0.0085)
(0.0007326352 3.198726667e-05 0.0085)
(0.0007992384 3.48952e-05 0.0085)
(0.0008658416 3.780313333e-05 0.0085)
(0.0009324448 4.071106667e-05 0.0085)
(0.000999048 4.3619e-05 0.0085)
(0 0 0.0086)
(6.66032e-05 -2.907933333e-06 0.0086)
(0.0001332064 -5.815866667e-06 0.0086)
(0.0001998096 -8.7238e-06 0.0086)
(0.0002664128 -1.163173333e-05 0.0086)
(0.000333016 -1.453966667e-05 0.0086)
(0.0003996192 -1.74476e-05 0.0086)
(0.0004662224 -2.035553333e-05 0.0086)
(0.0005328256 -2.326346667e-05 0.0086)
(0.0005994288 -2.61714e-05 0.0086)
(0.000666032 -2.907933333e-05 0.0086)
(0.0007326352 -3.198726667e-05 0.0086)
(0.0007992384 -3.48952e-05 0.0086)
(0.0008658416 -3.780313333e-05 0.0086)
(0.0009324448 -4.071106667e-05 0.0086)
(0.000999048 -4.3619e-05 0.0086)
(6.66032e-05 2.907933333e-06 0.0086)
(0.0001332064 5.815866667e-06 0.0086)
(0.0001998096 8.7238e-06 0.0086)
(0.0002664128 1.163173333e-05 0.0086)
(0.000333016 1.453966667e-05 0.0086)
(0.0003996192 1.74476e-05 0.0086)
(0.0004662224 2.035553333e-05 0.0086)
(0.0005328256 2.326346667e-05 0.0086)
(0.0005994288 2.61714e-05 0.0086)
(0.000666032 2.907933333e-05 0.0086)
(0.0007326352 3.198726667e-05 0.0086)
(0.0007992384 3.48952e-05 0.0086)
(0.0008658416 3.780313333e-05 0.0086)
(0.0009324448 4.071106667e-05 0.0086)
(0.000999048 4.3619e-05 0.0086)
(0 0 0.0087)
(6.66032e-05 -2.907933333e-06 0.0087)
(0.0001332064 -5.815866667e-06 0.0087)
(0.0001998096 -8.7238e-06 0.0087)
(0.0002664128 -1.163173333e-05 0.0087)
(0.000333016 -1.453966667e-05 0.0087)
(0.0003996192 -1.74476e-05 0.0087)
(0.0004662224 -2.035553333e-05 0.0087)
(0.0005328256 -2.326346667e-05 0.0087)
(0.0005994288 -2.61714e-05 0.0087)
(0.000666032 -2.907933333e-05 0.0087)
(0.0007326352 -3.198726667e-05 0.0087)
(0.0007992384 -3.48952e-05 0.0087)
(0.0008658416 -3.780313333e-05 0.0087)
(0.0009324448 -4.071106667e-05 0.0087)
(0.000999048 -4.3619e-05 0.0087)
(6.66032e-05 2.907933333e-06 0.0087)
(0.0001332064 5.815866667e-06 0.0087)
(0.0001998096 8.7238e-06 0.0087)
(0.0002664128 1.163173333e-05 0.0087)
(0.000333016 1.453966667e-05 0.0087)
(0.0003996192 1.74476e-05 0.0087)
(0.0004662224 2.035553333e-05 0.0087)
(0.0005328256 2.326346667e-05 0.0087)
(0.0005994288 2.61714e-05 0.0087)
(0.000666032 2.907933333e-05 0.0087)
(0.0007326352 3.198726667e-05 0.0087)
(0.0007992384 3.48952e-05 0.0087)
(0.0008658416 3.780313333e-05 0.0087)
(0.0009324448 4.071106667e-05 0.0087)
(0.000999048 4.3619e-05 0.0087)
(0 0 0.0088)
(6.66032e-05 -2.907933333e-06 0.0088)
(0.0001332064 -5.815866667e-06 0.0088)
(0.0001998096 -8.7238e-06 0.0088)
(0.0002664128 -1.163173333e-05 0.0088)
(0.000333016 -1.453966667e-05 0.0088)
(0.0003996192 -1.74476e-05 0.0088)
(0.0004662224 -2.035553333e-05 0.0088)
(0.0005328256 -2.326346667e-05 0.0088)
(0.0005994288 -2.61714e-05 0.0088)
(0.000666032 -2.907933333e-05 0.0088)
(0.0007326352 -3.198726667e-05 0.0088)
(0.0007992384 -3.48952e-05 0.0088)
(0.0008658416 -3.780313333e-05 0.0088)
(0.0009324448 -4.071106667e-05 0.0088)
(0.000999048 -4.3619e-05 0.0088)
(6.66032e-05 2.907933333e-06 0.0088)
(0.0001332064 5.815866667e-06 0.0088)
(0.0001998096 8.7238e-06 0.0088)
(0.0002664128 1.163173333e-05 0.0088)
(0.000333016 1.453966667e-05 0.0088)
(0.0003996192 1.74476e-05 0.0088)
(0.0004662224 2.035553333e-05 0.0088)
(0.0005328256 2.326346667e-05 0.0088)
(0.0005994288 2.61714e-05 0.0088)
(0.000666032 2.907933333e-05 0.0088)
(0.0007326352 3.198726667e-05 0.0088)
(0.0007992384 3.48952e-05 0.0088)
(0.0008658416 3.780313333e-05 0.0088)
(0.0009324448 4.071106667e-05 0.0088)
(0.000999048 4.3619e-05 0.0088)
(0 0 0.0089)
(6.66032e-05 -2.907933333e-06 0.0089)
(0.0001332064 -5.815866667e-06 0.0089)
(0.0001998096 -8.7238e-06 0.0089)
(0.0002664128 -1.163173333e-05 0.0089)
(0.000333016 -1.453966667e-05 0.0089)
(0.0003996192 -1.74476e-05 0.0089)
(0.0004662224 -2.035553333e-05 0.0089)
(0.0005328256 -2.326346667e-05 0.0089)
(0.0005994288 -2.61714e-05 0.0089)
(0.000666032 -2.907933333e-05 0.0089)
(0.0007326352 -3.198726667e-05 0.0089)
(0.0007992384 -3.48952e-05 0.0089)
(0.0008658416 -3.780313333e-05 0.0089)
(0.0009324448 -4.071106667e-05 0.0089)
(0.000999048 -4.3619e-05 0.0089)
(6.66032e-05 2.907933333e-06 0.0089)
(0.0001332064 5.815866667e-06 0.0089)
(0.0001998096 8.7238e-06 0.0089)
(0.0002664128 1.163173333e-05 0.0089)
(0.000333016 1.453966667e-05 0.0089)
(0.0003996192 1.74476e-05 0.0089)
(0.0004662224 2.035553333e-05 0.0089)
(0.0005328256 2.326346667e-05 0.0089)
(0.0005994288 2.61714e-05 0.0089)
(0.000666032 2.907933333e-05 0.0089)
(0.0007326352 3.198726667e-05 0.0089)
(0.0007992384 3.48952e-05 0.0089)
(0.0008658416 3.780313333e-05 0.0089)
(0.0009324448 4.071106667e-05 0.0089)
(0.000999048 4.3619e-05 0.0089)
(0 0 0.009)
(6.66032e-05 -2.907933333e-06 0.009)
(0.0001332064 -5.815866667e-06 0.009)
(0.0001998096 -8.7238e-06 0.009)
(0.0002664128 -1.163173333e-05 0.009)
(0.000333016 -1.453966667e-05 0.009)
(0.0003996192 -1.74476e-05 0.009)
(0.0004662224 -2.035553333e-05 0.009)
(0.0005328256 -2.326346667e-05 0.009)
(0.0005994288 -2.61714e-05 0.009)
(0.000666032 -2.907933333e-05 0.009)
(0.0007326352 -3.198726667e-05 0.009)
(0.0007992384 -3.48952e-05 0.009)
(0.0008658416 -3.780313333e-05 0.009)
(0.0009324448 -4.071106667e-05 0.009)
(0.000999048 -4.3619e-05 0.009)
(6.66032e-05 2.907933333e-06 0.009)
(0.0001332064 5.815866667e-06 0.009)
(0.0001998096 8.7238e-06 0.009)
(0.0002664128 1.163173333e-05 0.009)
(0.000333016 1.453966667e-05 0.009)
(0.0003996192 1.74476e-05 0.009)
(0.0004662224 2.035553333e-05 0.009)
(0.0005328256 2.326346667e-05 0.009)
(0.0005994288 2.61714e-05 0.009)
(0.000666032 2.907933333e-05 0.009)
(0.0007326352 3.198726667e-05 0.009)
(0.0007992384 3.48952e-05 0.009)
(0.0008658416 3.780313333e-05 0.009)
(0.0009324448 4.071106667e-05 0.009)
(0.000999048 4.3619e-05 0.009)
(0 0 0.0091)
(6.66032e-05 -2.907933333e-06 0.0091)
(0.0001332064 -5.815866667e-06 0.0091)
(0.0001998096 -8.7238e-06 0.0091)
(0.0002664128 -1.163173333e-05 0.0091)
(0.000333016 -1.453966667e-05 0.0091)
(0.0003996192 -1.74476e-05 0.0091)
(0.0004662224 -2.035553333e-05 0.0091)
(0.0005328256 -2.326346667e-05 0.0091)
(0.0005994288 -2.61714e-05 0.0091)
(0.000666032 -2.907933333e-05 0.0091)
(0.0007326352 -3.198726667e-05 0.0091)
(0.0007992384 -3.48952e-05 0.0091)
(0.0008658416 -3.780313333e-05 0.0091)
(0.0009324448 -4.071106667e-05 0.0091)
(0.000999048 -4.3619e-05 0.0091)
(6.66032e-05 2.907933333e-06 0.0091)
(0.0001332064 5.815866667e-06 0.0091)
(0.0001998096 8.7238e-06 0.0091)
(0.0002664128 1.163173333e-05 0.0091)
(0.000333016 1.453966667e-05 0.0091)
(0.0003996192 1.74476e-05 0.0091)
(0.0004662224 2.035553333e-05 0.0091)
(0.0005328256 2.326346667e-05 0.0091)
(0.0005994288 2.61714e-05 0.0091)
(0.000666032 2.907933333e-05 0.0091)
(0.0007326352 3.198726667e-05 0.0091)
(0.0007992384 3.48952e-05 0.0091)
(0.0008658416 3.780313333e-05 0.0091)
(0.0009324448 4.071106667e-05 0.0091)
(0.000999048 4.3619e-05 0.0091)
(0 0 0.0092)
(6.66032e-05 -2.907933333e-06 0.0092)
(0.0001332064 -5.815866667e-06 0.0092)
(0.0001998096 -8.7238e-06 0.0092)
(0.0002664128 -1.163173333e-05 0.0092)
(0.000333016 -1.453966667e-05 0.0092)
(0.0003996192 -1.74476e-05 0.0092)
(0.0004662224 -2.035553333e-05 0.0092)
(0.0005328256 -2.326346667e-05 0.0092)
(0.0005994288 -2.61714e-05 0.0092)
(0.000666032 -2.907933333e-05 0.0092)
(0.0007326352 -3.198726667e-05 0.0092)
(0.0007992384 -3.48952e-05 0.0092)
(0.0008658416 -3.780313333e-05 0.0092)
(0.0009324448 -4.071106667e-05 0.0092)
(0.000999048 -4.3619e-05 0.0092)
(6.66032e-05 2.907933333e-06 0.0092)
(0.0001332064 5.815866667e-06 0.0092)
(0.0001998096 8.7238e-06 0.0092)
(0.0002664128 1.163173333e-05 0.0092)
(0.000333016 1.453966667e-05 0.0092)
(0.0003996192 1.74476e-05 0.0092)
(0.0004662224 2.035553333e-05 0.0092)
(0.0005328256 2.326346667e-05 0.0092)
(0.0005994288 2.61714e-05 0.0092)
(0.000666032 2.907933333e-05 0.0092)
(0.0007326352 3.198726667e-05 0.0092)
(0.0007992384 3.48952e-05 0.0092)
(0.0008658416 3.780313333e-05 0.0092)
(0.0009324448 4.071106667e-05 0.0092)
(0.000999048 4.3619e-05 0.0092)
(0 0 0.0093)
(6.66032e-05 -2.907933333e-06 0.0093)
(0.0001332064 -5.815866667e-06 0.0093)
(0.0001998096 -8.7238e-06 0.0093)
(0.0002664128 -1.163173333e-05 0.0093)
(0.000333016 -1.453966667e-05 0.0093)
(0.0003996192 -1.74476e-05 0.0093)
(0.0004662224 -2.035553333e-05 0.0093)
(0.0005328256 -2.326346667e-05 0.0093)
(0.0005994288 -2.61714e-05 0.0093)
(0.000666032 -2.907933333e-05 0.0093)
(0.0007326352 -3.198726667e-05 0.0093)
(0.0007992384 -3.48952e-05 0.0093)
(0.0008658416 -3.780313333e-05 0.0093)
(0.0009324448 -4.071106667e-05 0.0093)
(0.000999048 -4.3619e-05 0.0093)
(6.66032e-05 2.907933333e-06 0.0093)
(0.0001332064 5.815866667e-06 0.0093)
(0.0001998096 8.7238e-06 0.0093)
(0.0002664128 1.163173333e-05 0.0093)
(0.000333016 1.453966667e-05 0.0093)
(0.0003996192 1.74476e-05 0.0093)
(0.0004662224 2.035553333e-05 0.0093)
(0.0005328256 2.326346667e-05 0.0093)
(0.0005994288 2.61714e-05 0.0093)
(0.000666032 2.907933333e-05 0.0093)
(0.0007326352 3.198726667e-05 0.0093)
(0.0007992384 3.48952e-05 0.0093)
(0.0008658416 3.780313333e-05 0.0093)
(0.0009324448 4.071106667e-05 0.0093)
(0.000999048 4.3619e-05 0.0093)
(0 0 0.0094)
(6.66032e-05 -2.907933333e-06 0.0094)
(0.0001332064 -5.815866667e-06 0.0094)
(0.0001998096 -8.7238e-06 0.0094)
(0.0002664128 -1.163173333e-05 0.0094)
(0.000333016 -1.453966667e-05 0.0094)
(0.0003996192 -1.74476e-05 0.0094)
(0.0004662224 -2.035553333e-05 0.0094)
(0.0005328256 -2.326346667e-05 0.0094)
(0.0005994288 -2.61714e-05 0.0094)
(0.000666032 -2.907933333e-05 0.0094)
(0.0007326352 -3.198726667e-05 0.0094)
(0.0007992384 -3.48952e-05 0.0094)
(0.0008658416 -3.780313333e-05 0.0094)
(0.0009324448 -4.071106667e-05 0.0094)
(0.000999048 -4.3619e-05 0.0094)
(6.66032e-05 2.907933333e-06 0.0094)
(0.0001332064 5.815866667e-06 0.0094)
(0.0001998096 8.7238e-06 0.0094)
(0.0002664128 1.163173333e-05 0.0094)
(0.000333016 1.453966667e-05 0.0094)
(0.0003996192 1.74476e-05 0.0094)
(0.0004662224 2.035553333e-05 0.0094)
(0.0005328256 2.326346667e-05 0.0094)
(0.0005994288 2.61714e-05 0.0094)
(0.000666032 2.907933333e-05 0.0094)
(0.0007326352 3.198726667e-05 0.0094)
(0.0007992384 3.48952e-05 0.0094)
(0.0008658416 3.780313333e-05 0.0094)
(0.0009324448 4.071106667e-05 0.0094)
(0.000999048 4.3619e-05 0.0094)
(0 0 0.0095)
(6.66032e-05 -2.907933333e-06 0.0095)
(0.0001332064 -5.815866667e-06 0.0095)
(0.0001998096 -8.7238e-06 0.0095)
(0.0002664128 -1.163173333e-05 0.0095)
(0.000333016 -1.453966667e-05 0.0095)
(0.0003996192 -1.74476e-05 0.0095)
(0.0004662224 -2.035553333e-05 0.0095)
(0.0005328256 -2.326346667e-05 0.0095)
(0.0005994288 -2.61714e-05 0.0095)
(0.000666032 -2.907933333e-05 0.0095)
(0.0007326352 -3.198726667e-05 0.0095)
(0.0007992384 -3.48952e-05 0.0095)
(0.0008658416 -3.780313333e-05 0.0095)
(0.0009324448 -4.071106667e-05 0.0095)
(0.000999048 -4.3619e-05 0.0095)
(6.66032e-05 2.907933333e-06 0.0095)
(0.0001332064 5.815866667e-06 0.0095)
(0.0001998096 8.7238e-06 0.0095)
(0.0002664128 1.163173333e-05 0.0095)
(0.000333016 1.453966667e-05 0.0095)
(0.0003996192 1.74476e-05 0.0095)
(0.0004662224 2.035553333e-05 0.0095)
(0.0005328256 2.326346667e-05 0.0095)
(0.0005994288 2.61714e-05 0.0095)
(0.000666032 2.907933333e-05 0.0095)
(0.0007326352 3.198726667e-05 0.0095)
(0.0007992384 3.48952e-05 0.0095)
(0.0008658416 3.780313333e-05 0.0095)
(0.0009324448 4.071106667e-05 0.0095)
(0.000999048 4.3619e-05 0.0095)
(0 0 0.0096)
(6.66032e-05 -2.907933333e-06 0.0096)
(0.0001332064 -5.815866667e-06 0.0096)
(0.0001998096 -8.7238e-06 0.0096)
(0.0002664128 -1.163173333e-05 0.0096)
(0.000333016 -1.453966667e-05 0.0096)
(0.0003996192 -1.74476e-05 0.0096)
(0.0004662224 -2.035553333e-05 0.0096)
(0.0005328256 -2.326346667e-05 0.0096)
(0.0005994288 -2.61714e-05 0.0096)
(0.000666032 -2.907933333e-05 0.0096)
(0.0007326352 -3.198726667e-05 0.0096)
(0.0007992384 -3.48952e-05 0.0096)
(0.0008658416 -3.780313333e-05 0.0096)
(0.0009324448 -4.071106667e-05 0.0096)
(0.000999048 -4.3619e-05 0.0096)
(6.66032e-05 2.907933333e-06 0.0096)
(0.0001332064 5.815866667e-06 0.0096)
(0.0001998096 8.7238e-06 0.0096)
(0.0002664128 1.163173333e-05 0.0096)
(0.000333016 1.453966667e-05 0.0096)
(0.0003996192 1.74476e-05 0.0096)
(0.0004662224 2.035553333e-05 0.0096)
(0.0005328256 2.326346667e-05 0.0096)
(0.0005994288 2.61714e-05 0.0096)
(0.000666032 2.907933333e-05 0.0096)
(0.0007326352 3.198726667e-05 0.0096)
(0.0007992384 3.48952e-05 0.0096)
(0.0008658416 3.780313333e-05 0.0096)
(0.0009324448 4.071106667e-05 0.0096)
(0.000999048 4.3619e-05 0.0096)
(0 0 0.0097)
(6.66032e-05 -2.907933333e-06 0.0097)
(0.0001332064 -5.815866667e-06 0.0097)
(0.0001998096 -8.7238e-06 0.0097)
(0.0002664128 -1.163173333e-05 0.0097)
(0.000333016 -1.453966667e-05 0.0097)
(0.0003996192 -1.74476e-05 0.0097)
(0.0004662224 -2.035553333e-05 0.0097)
(0.0005328256 -2.326346667e-05 0.0097)
(0.0005994288 -2.61714e-05 0.0097)
(0.000666032 -2.907933333e-05 0.0097)
(0.0007326352 -3.198726667e-05 0.0097)
(0.0007992384 -3.48952e-05 0.0097)
(0.0008658416 -3.780313333e-05 0.0097)
(0.0009324448 -4.071106667e-05 0.0097)
(0.000999048 -4.3619e-05 0.0097)
(6.66032e-05 2.907933333e-06 0.0097)
(0.0001332064 5.815866667e-06 0.0097)
(0.0001998096 8.7238e-06 0.0097)
(0.0002664128 1.163173333e-05 0.0097)
(0.000333016 1.453966667e-05 0.0097)
(0.0003996192 1.74476e-05 0.0097)
(0.0004662224 2.035553333e-05 0.0097)
(0.0005328256 2.326346667e-05 0.0097)
(0.0005994288 2.61714e-05 0.0097)
(0.000666032 2.907933333e-05 0.0097)
(0.0007326352 3.198726667e-05 0.0097)
(0.0007992384 3.48952e-05 0.0097)
(0.0008658416 3.780313333e-05 0.0097)
(0.0009324448 4.071106667e-05 0.0097)
(0.000999048 4.3619e-05 0.0097)
(0 0 0.0098)
(6.66032e-05 -2.907933333e-06 0.0098)
(0.0001332064 -5.815866667e-06 0.0098)
(0.0001998096 -8.7238e-06 0.0098)
(0.0002664128 -1.163173333e-05 0.0098)
(0.000333016 -1.453966667e-05 0.0098)
(0.0003996192 -1.74476e-05 0.0098)
(0.0004662224 -2.035553333e-05 0.0098)
(0.0005328256 -2.326346667e-05 0.0098)
(0.0005994288 -2.61714e-05 0.0098)
(0.000666032 -2.907933333e-05 0.0098)
(0.0007326352 -3.198726667e-05 0.0098)
(0.0007992384 -3.48952e-05 0.0098)
(0.0008658416 -3.780313333e-05 0.0098)
(0.0009324448 -4.071106667e-05 0.0098)
(0.000999048 -4.3619e-05 0.0098)
(6.66032e-05 2.907933333e-06 0.0098)
(0.0001332064 5.815866667e-06 0.0098)
(0.0001998096 8.7238e-06 0.0098)
(0.0002664128 1.163173333e-05 0.0098)
(0.000333016 1.453966667e-05 0.0098)
(0.0003996192 1.74476e-05 0.0098)
(0.0004662224 2.035553333e-05 0.0098)
(0.0005328256 2.326346667e-05 0.0098)
(0.0005994288 2.61714e-05 0.0098)
(0.000666032 2.907933333e-05 0.0098)
(0.0007326352 3.198726667e-05 0.0098)
(0.0007992384 3.48952e-05 0.0098)
(0.0008658416 3.780313333e-05 0.0098)
(0.0009324448 4.071106667e-05 0.0098)
(0.000999048 4.3619e-05 0.0098)
(0 0 0.0099)
(6.66032e-05 -2.907933333e-06 0.0099)
(0.0001332064 -5.815866667e-06 0.0099)
(0.0001998096 -8.7238e-06 0.0099)
(0.0002664128 -1.163173333e-05 0.0099)
(0.000333016 -1.453966667e-05 0.0099)
(0.0003996192 -1.74476e-05 0.0099)
(0.0004662224 -2.035553333e-05 0.0099)
(0.0005328256 -2.326346667e-05 0.0099)
(0.0005994288 -2.61714e-05 0.0099)
(0.000666032 -2.907933333e-05 0.0099)
(0.0007326352 -3.198726667e-05 0.0099)
(0.0007992384 -3.48952e-05 0.0099)
(0.0008658416 -3.780313333e-05 0.0099)
(0.0009324448 -4.071106667e-05 0.0099)
(0.000999048 -4.3619e-05 0.0099)
(6.66032e-05 2.907933333e-06 0.0099)
(0.0001332064 5.815866667e-06 0.0099)
(0.0001998096 8.7238e-06 0.0099)
(0.0002664128 1.163173333e-05 0.0099)
(0.000333016 1.453966667e-05 0.0099)
(0.0003996192 1.74476e-05 0.0099)
(0.0004662224 2.035553333e-05 0.0099)
(0.0005328256 2.326346667e-05 0.0099)
(0.0005994288 2.61714e-05 0.0099)
(0.000666032 2.907933333e-05 0.0099)
(0.0007326352 3.198726667e-05 0.0099)
(0.0007992384 3.48952e-05 0.0099)
(0.0008658416 3.780313333e-05 0.0099)
(0.0009324448 4.071106667e-05 0.0099)
(0.000999048 4.3619e-05 0.0099)
(0 0 0.01)
(6.66032e-05 -2.907933333e-06 0.01)
(0.0001332064 -5.815866667e-06 0.01)
(0.0001998096 -8.7238e-06 0.01)
(0.0002664128 -1.163173333e-05 0.01)
(0.000333016 -1.453966667e-05 0.01)
(0.0003996192 -1.74476e-05 0.01)
(0.0004662224 -2.035553333e-05 0.01)
(0.0005328256 -2.326346667e-05 0.01)
(0.0005994288 -2.61714e-05 0.01)
(0.000666032 -2.907933333e-05 0.01)
(0.0007326352 -3.198726667e-05 0.01)
(0.0007992384 -3.48952e-05 0.01)
(0.0008658416 -3.780313333e-05 0.01)
(0.0009324448 -4.071106667e-05 0.01)
(0.000999048 -4.3619e-05 0.01)
(6.66032e-05 2.907933333e-06 0.01)
(0.0001332064 5.815866667e-06 0.01)
(0.0001998096 8.7238e-06 0.01)
(0.0002664128 1.163173333e-05 0.01)
(0.000333016 1.453966667e-05 0.01)
(0.0003996192 1.74476e-05 0.01)
(0.0004662224 2.035553333e-05 0.01)
(0.0005328256 2.326346667e-05 0.01)
(0.0005994288 2.61714e-05 0.01)
(0.000666032 2.907933333e-05 0.01)
(0.0007326352 3.198726667e-05 0.01)
(0.0007992384 3.48952e-05 0.01)
(0.0008658416 3.780313333e-05 0.01)
(0.0009324448 4.071106667e-05 0.01)
(0.000999048 4.3619e-05 0.01)
(0 0 0.0101)
(6.66032e-05 -2.907933333e-06 0.0101)
(0.0001332064 -5.815866667e-06 0.0101)
(0.0001998096 -8.7238e-06 0.0101)
(0.0002664128 -1.163173333e-05 0.0101)
(0.000333016 -1.453966667e-05 0.0101)
(0.0003996192 -1.74476e-05 0.0101)
(0.0004662224 -2.035553333e-05 0.0101)
(0.0005328256 -2.326346667e-05 0.0101)
(0.0005994288 -2.61714e-05 0.0101)
(0.000666032 -2.907933333e-05 0.0101)
(0.0007326352 -3.198726667e-05 0.0101)
(0.0007992384 -3.48952e-05 0.0101)
(0.0008658416 -3.780313333e-05 0.0101)
(0.0009324448 -4.071106667e-05 0.0101)
(0.000999048 -4.3619e-05 0.0101)
(6.66032e-05 2.907933333e-06 0.0101)
(0.0001332064 5.815866667e-06 0.0101)
(0.0001998096 8.7238e-06 0.0101)
(0.0002664128 1.163173333e-05 0.0101)
(0.000333016 1.453966667e-05 0.0101)
(0.0003996192 1.74476e-05 0.0101)
(0.0004662224 2.035553333e-05 0.0101)
(0.0005328256 2.326346667e-05 0.0101)
(0.0005994288 2.61714e-05 0.0101)
(0.000666032 2.907933333e-05 0.0101)
(0.0007326352 3.198726667e-05 0.0101)
(0.0007992384 3.48952e-05 0.0101)
(0.0008658416 3.780313333e-05 0.0101)
(0.0009324448 4.071106667e-05 0.0101)
(0.000999048 4.3619e-05 0.0101)
(0 0 0.0102)
(6.66032e-05 -2.907933333e-06 0.0102)
(0.0001332064 -5.815866667e-06 0.0102)
(0.0001998096 -8.7238e-06 0.0102)
(0.0002664128 -1.163173333e-05 0.0102)
(0.000333016 -1.453966667e-05 0.0102)
(0.0003996192 -1.74476e-05 0.0102)
(0.0004662224 -2.035553333e-05 0.0102)
(0.0005328256 -2.326346667e-05 0.0102)
(0.0005994288 -2.61714e-05 0.0102)
(0.000666032 -2.907933333e-05 0.0102)
(0.0007326352 -3.198726667e-05 0.0102)
(0.0007992384 -3.48952e-05 0.0102)
(0.0008658416 -3.780313333e-05 0.0102)
(0.0009324448 -4.071106667e-05 0.0102)
(0.000999048 -4.3619e-05 0.0102)
(6.66032e-05 2.907933333e-06 0.0102)
(0.0001332064 5.815866667e-06 0.0102)
(0.0001998096 8.7238e-06 0.0102)
(0.0002664128 1.163173333e-05 0.0102)
(0.000333016 1.453966667e-05 0.0102)
(0.0003996192 1.74476e-05 0.0102)
(0.0004662224 2.035553333e-05 0.0102)
(0.0005328256 2.326346667e-05 0.0102)
(0.0005994288 2.61714e-05 0.0102)
(0.000666032 2.907933333e-05 0.0102)
(0.0007326352 3.198726667e-05 0.0102)
(0.0007992384 3.48952e-05 0.0102)
(0.0008658416 3.780313333e-05 0.0102)
(0.0009324448 4.071106667e-05 0.0102)
(0.000999048 4.3619e-05 0.0102)
(0 0 0.0103)
(6.66032e-05 -2.907933333e-06 0.0103)
(0.0001332064 -5.815866667e-06 0.0103)
(0.0001998096 -8.7238e-06 0.0103)
(0.0002664128 -1.163173333e-05 0.0103)
(0.000333016 -1.453966667e-05 0.0103)
(0.0003996192 -1.74476e-05 0.0103)
(0.0004662224 -2.035553333e-05 0.0103)
(0.0005328256 -2.326346667e-05 0.0103)
(0.0005994288 -2.61714e-05 0.0103)
(0.000666032 -2.907933333e-05 0.0103)
(0.0007326352 -3.198726667e-05 0.0103)
(0.0007992384 -3.48952e-05 0.0103)
(0.0008658416 -3.780313333e-05 0.0103)
(0.0009324448 -4.071106667e-05 0.0103)
(0.000999048 -4.3619e-05 0.0103)
(6.66032e-05 2.907933333e-06 0.0103)
(0.0001332064 5.815866667e-06 0.0103)
(0.0001998096 8.7238e-06 0.0103)
(0.0002664128 1.163173333e-05 0.0103)
(0.000333016 1.453966667e-05 0.0103)
(0.0003996192 1.74476e-05 0.0103)
(0.0004662224 2.035553333e-05 0.0103)
(0.0005328256 2.326346667e-05 0.0103)
(0.0005994288 2.61714e-05 0.0103)
(0.000666032 2.907933333e-05 0.0103)
(0.0007326352 3.198726667e-05 0.0103)
(0.0007992384 3.48952e-05 0.0103)
(0.0008658416 3.780313333e-05 0.0103)
(0.0009324448 4.071106667e-05 0.0103)
(0.000999048 4.3619e-05 0.0103)
(0 0 0.0104)
(6.66032e-05 -2.907933333e-06 0.0104)
(0.0001332064 -5.815866667e-06 0.0104)
(0.0001998096 -8.7238e-06 0.0104)
(0.0002664128 -1.163173333e-05 0.0104)
(0.000333016 -1.453966667e-05 0.0104)
(0.0003996192 -1.74476e-05 0.0104)
(0.0004662224 -2.035553333e-05 0.0104)
(0.0005328256 -2.326346667e-05 0.0104)
(0.0005994288 -2.61714e-05 0.0104)
(0.000666032 -2.907933333e-05 0.0104)
(0.0007326352 -3.198726667e-05 0.0104)
(0.0007992384 -3.48952e-05 0.0104)
(0.0008658416 -3.780313333e-05 0.0104)
(0.0009324448 -4.071106667e-05 0.0104)
(0.000999048 -4.3619e-05 0.0104)
(6.66032e-05 2.907933333e-06 0.0104)
(0.0001332064 5.815866667e-06 0.0104)
(0.0001998096 8.7238e-06 0.0104)
(0.0002664128 1.163173333e-05 0.0104)
(0.000333016 1.453966667e-05 0.0104)
(0.0003996192 1.74476e-05 0.0104)
(0.0004662224 2.035553333e-05 0.0104)
(0.0005328256 2.326346667e-05 0.0104)
(0.0005994288 2.61714e-05 0.0104)
(0.000666032 2.907933333e-05 0.0104)
(0.0007326352 3.198726667e-05 0.0104)
(0.0007992384 3.48952e-05 0.0104)
(0.0008658416 3.780313333e-05 0.0104)
(0.0009324448 4.071106667e-05 0.0104)
(0.000999048 4.3619e-05 0.0104)
(0 0 0.0105)
(6.66032e-05 -2.907933333e-06 0.0105)
(0.0001332064 -5.815866667e-06 0.0105)
(0.0001998096 -8.7238e-06 0.0105)
(0.0002664128 -1.163173333e-05 0.0105)
(0.000333016 -1.453966667e-05 0.0105)
(0.0003996192 -1.74476e-05 0.0105)
(0.0004662224 -2.035553333e-05 0.0105)
(0.0005328256 -2.326346667e-05 0.0105)
(0.0005994288 -2.61714e-05 0.0105)
(0.000666032 -2.907933333e-05 0.0105)
(0.0007326352 -3.198726667e-05 0.0105)
(0.0007992384 -3.48952e-05 0.0105)
(0.0008658416 -3.780313333e-05 0.0105)
(0.0009324448 -4.071106667e-05 0.0105)
(0.000999048 -4.3619e-05 0.0105)
(6.66032e-05 2.907933333e-06 0.0105)
(0.0001332064 5.815866667e-06 0.0105)
(0.0001998096 8.7238e-06 0.0105)
(0.0002664128 1.163173333e-05 0.0105)
(0.000333016 1.453966667e-05 0.0105)
(0.0003996192 1.74476e-05 0.0105)
(0.0004662224 2.035553333e-05 0.0105)
(0.0005328256 2.326346667e-05 0.0105)
(0.0005994288 2.61714e-05 0.0105)
(0.000666032 2.907933333e-05 0.0105)
(0.0007326352 3.198726667e-05 0.0105)
(0.0007992384 3.48952e-05 0.0105)
(0.0008658416 3.780313333e-05 0.0105)
(0.0009324448 4.071106667e-05 0.0105)
(0.000999048 4.3619e-05 0.0105)
(0 0 0.0106)
(6.66032e-05 -2.907933333e-06 0.0106)
(0.0001332064 -5.815866667e-06 0.0106)
(0.0001998096 -8.7238e-06 0.0106)
(0.0002664128 -1.163173333e-05 0.0106)
(0.000333016 -1.453966667e-05 0.0106)
(0.0003996192 -1.74476e-05 0.0106)
(0.0004662224 -2.035553333e-05 0.0106)
(0.0005328256 -2.326346667e-05 0.0106)
(0.0005994288 -2.61714e-05 0.0106)
(0.000666032 -2.907933333e-05 0.0106)
(0.0007326352 -3.198726667e-05 0.0106)
(0.0007992384 -3.48952e-05 0.0106)
(0.0008658416 -3.780313333e-05 0.0106)
(0.0009324448 -4.071106667e-05 0.0106)
(0.000999048 -4.3619e-05 0.0106)
(6.66032e-05 2.907933333e-06 0.0106)
(0.0001332064 5.815866667e-06 0.0106)
(0.0001998096 8.7238e-06 0.0106)
(0.0002664128 1.163173333e-05 0.0106)
(0.000333016 1.453966667e-05 0.0106)
(0.0003996192 1.74476e-05 0.0106)
(0.0004662224 2.035553333e-05 0.0106)
(0.0005328256 2.326346667e-05 0.0106)
(0.0005994288 2.61714e-05 0.0106)
(0.000666032 2.907933333e-05 0.0106)
(0.0007326352 3.198726667e-05 0.0106)
(0.0007992384 3.48952e-05 0.0106)
(0.0008658416 3.780313333e-05 0.0106)
(0.0009324448 4.071106667e-05 0.0106)
(0.000999048 4.3619e-05 0.0106)
(0 0 0.0107)
(6.66032e-05 -2.907933333e-06 0.0107)
(0.0001332064 -5.815866667e-06 0.0107)
(0.0001998096 -8.7238e-06 0.0107)
(0.0002664128 -1.163173333e-05 0.0107)
(0.000333016 -1.453966667e-05 0.0107)
(0.0003996192 -1.74476e-05 0.0107)
(0.0004662224 -2.035553333e-05 0.0107)
(0.0005328256 -2.326346667e-05 0.0107)
(0.0005994288 -2.61714e-05 0.0107)
(0.000666032 -2.907933333e-05 0.0107)
(0.0007326352 -3.198726667e-05 0.0107)
(0.0007992384 -3.48952e-05 0.0107)
(0.0008658416 -3.780313333e-05 0.0107)
(0.0009324448 -4.071106667e-05 0.0107)
(0.000999048 -4.3619e-05 0.0107)
(6.66032e-05 2.907933333e-06 0.0107)
(0.0001332064 5.815866667e-06 0.0107)
(0.0001998096 8.7238e-06 0.0107)
(0.0002664128 1.163173333e-05 0.0107)
(0.000333016 1.453966667e-05 0.0107)
(0.0003996192 1.74476e-05 0.0107)
(0.0004662224 2.035553333e-05 0.0107)
(0.0005328256 2.326346667e-05 0.0107)
(0.0005994288 2.61714e-05 0.0107)
(0.000666032 2.907933333e-05 0.0107)
(0.0007326352 3.198726667e-05 0.0107)
(0.0007992384 3.48952e-05 0.0107)
(0.0008658416 3.780313333e-05 0.0107)
(0.0009324448 4.071106667e-05 0.0107)
(0.000999048 4.3619e-05 0.0107)
(0 0 0.0108)
(6.66032e-05 -2.907933333e-06 0.0108)
(0.0001332064 -5.815866667e-06 0.0108)
(0.0001998096 -8.7238e-06 0.0108)
(0.0002664128 -1.163173333e-05 0.0108)
(0.000333016 -1.453966667e-05 0.0108)
(0.0003996192 -1.74476e-05 0.0108)
(0.0004662224 -2.035553333e-05 0.0108)
(0.0005328256 -2.326346667e-05 0.0108)
(0.0005994288 -2.61714e-05 0.0108)
(0.000666032 -2.907933333e-05 0.0108)
(0.0007326352 -3.198726667e-05 0.0108)
(0.0007992384 -3.48952e-05 0.0108)
(0.0008658416 -3.780313333e-05 0.0108)
(0.0009324448 -4.071106667e-05 0.0108)
(0.000999048 -4.3619e-05 0.0108)
(6.66032e-05 2.907933333e-06 0.0108)
(0.0001332064 5.815866667e-06 0.0108)
(0.0001998096 8.7238e-06 0.0108)
(0.0002664128 1.163173333e-05 0.0108)
(0.000333016 1.453966667e-05 0.0108)
(0.0003996192 1.74476e-05 0.0108)
(0.0004662224 2.035553333e-05 0.0108)
(0.0005328256 2.326346667e-05 0.0108)
(0.0005994288 2.61714e-05 0.0108)
(0.000666032 2.907933333e-05 0.0108)
(0.0007326352 3.198726667e-05 0.0108)
(0.0007992384 3.48952e-05 0.0108)
(0.0008658416 3.780313333e-05 0.0108)
(0.0009324448 4.071106667e-05 0.0108)
(0.000999048 4.3619e-05 0.0108)
(0 0 0.0109)
(6.66032e-05 -2.907933333e-06 0.0109)
(0.0001332064 -5.815866667e-06 0.0109)
(0.0001998096 -8.7238e-06 0.0109)
(0.0002664128 -1.163173333e-05 0.0109)
(0.000333016 -1.453966667e-05 0.0109)
(0.0003996192 -1.74476e-05 0.0109)
(0.0004662224 -2.035553333e-05 0.0109)
(0.0005328256 -2.326346667e-05 0.0109)
(0.0005994288 -2.61714e-05 0.0109)
(0.000666032 -2.907933333e-05 0.0109)
(0.0007326352 -3.198726667e-05 0.0109)
(0.0007992384 -3.48952e-05 0.0109)
(0.0008658416 -3.780313333e-05 0.0109)
(0.0009324448 -4.071106667e-05 0.0109)
(0.000999048 -4.3619e-05 0.0109)
(6.66032e-05 2.907933333e-06 0.0109)
(0.0001332064 5.815866667e-06 0.0109)
(0.0001998096 8.7238e-06 0.0109)
(0.0002664128 1.163173333e-05 0.0109)
(0.000333016 1.453966667e-05 0.0109)
(0.0003996192 1.74476e-05 0.0109)
(0.0004662224 2.035553333e-05 0.0109)
(0.0005328256 2.326346667e-05 0.0109)
(0.0005994288 2.61714e-05 0.0109)
(0.000666032 2.907933333e-05 0.0109)
(0.0007326352 3.198726667e-05 0.0109)
(0.0007992384 3.48952e-05 0.0109)
(0.0008658416 3.780313333e-05 0.0109)
(0.0009324448 4.071106667e-05 0.0109)
(0.000999048 4.3619e-05 0.0109)
(0 0 0.011)
(6.66032e-05 -2.907933333e-06 0.011)
(0.0001332064 -5.815866667e-06 0.011)
(0.0001998096 -8.7238e-06 0.011)
(0.0002664128 -1.163173333e-05 0.011)
(0.000333016 -1.453966667e-05 0.011)
(0.0003996192 -1.74476e-05 0.011)
(0.0004662224 -2.035553333e-05 0.011)
(0.0005328256 -2.326346667e-05 0.011)
(0.0005994288 -2.61714e-05 0.011)
(0.000666032 -2.907933333e-05 0.011)
(0.0007326352 -3.198726667e-05 0.011)
(0.0007992384 -3.48952e-05 0.011)
(0.0008658416 -3.780313333e-05 0.011)
(0.0009324448 -4.071106667e-05 0.011)
(0.000999048 -4.3619e-05 0.011)
(6.66032e-05 2.907933333e-06 0.011)
(0.0001332064 5.815866667e-06 0.011)
(0.0001998096 8.7238e-06 0.011)
(0.0002664128 1.163173333e-05 0.011)
(0.000333016 1.453966667e-05 0.011)
(0.0003996192 1.74476e-05 0.011)
(0.0004662224 2.035553333e-05 0.011)
(0.0005328256 2.326346667e-05 0.011)
(0.0005994288 2.61714e-05 0.011)
(0.000666032 2.907933333e-05 0.011)
(0.0007326352 3.198726667e-05 0.011)
(0.0007992384 3.48952e-05 0.011)
(0.0008658416 3.780313333e-05 0.011)
(0.0009324448 4.071106667e-05 0.011)
(0.000999048 4.3619e-05 0.011)
(0 0 0.0111)
(6.66032e-05 -2.907933333e-06 0.0111)
(0.0001332064 -5.815866667e-06 0.0111)
(0.0001998096 -8.7238e-06 0.0111)
(0.0002664128 -1.163173333e-05 0.0111)
(0.000333016 -1.453966667e-05 0.0111)
(0.0003996192 -1.74476e-05 0.0111)
(0.0004662224 -2.035553333e-05 0.0111)
(0.0005328256 -2.326346667e-05 0.0111)
(0.0005994288 -2.61714e-05 0.0111)
(0.000666032 -2.907933333e-05 0.0111)
(0.0007326352 -3.198726667e-05 0.0111)
(0.0007992384 -3.48952e-05 0.0111)
(0.0008658416 -3.780313333e-05 0.0111)
(0.0009324448 -4.071106667e-05 0.0111)
(0.000999048 -4.3619e-05 0.0111)
(6.66032e-05 2.907933333e-06 0.0111)
(0.0001332064 5.815866667e-06 0.0111)
(0.0001998096 8.7238e-06 0.0111)
(0.0002664128 1.163173333e-05 0.0111)
(0.000333016 1.453966667e-05 0.0111)
(0.0003996192 1.74476e-05 0.0111)
(0.0004662224 2.035553333e-05 0.0111)
(0.0005328256 2.326346667e-05 0.0111)
(0.0005994288 2.61714e-05 0.0111)
(0.000666032 2.907933333e-05 0.0111)
(0.0007326352 3.198726667e-05 0.0111)
(0.0007992384 3.48952e-05 0.0111)
(0.0008658416 3.780313333e-05 0.0111)
(0.0009324448 4.071106667e-05 0.0111)
(0.000999048 4.3619e-05 0.0111)
(0 0 0.0112)
(6.66032e-05 -2.907933333e-06 0.0112)
(0.0001332064 -5.815866667e-06 0.0112)
(0.0001998096 -8.7238e-06 0.0112)
(0.0002664128 -1.163173333e-05 0.0112)
(0.000333016 -1.453966667e-05 0.0112)
(0.0003996192 -1.74476e-05 0.0112)
(0.0004662224 -2.035553333e-05 0.0112)
(0.0005328256 -2.326346667e-05 0.0112)
(0.0005994288 -2.61714e-05 0.0112)
(0.000666032 -2.907933333e-05 0.0112)
(0.0007326352 -3.198726667e-05 0.0112)
(0.0007992384 -3.48952e-05 0.0112)
(0.0008658416 -3.780313333e-05 0.0112)
(0.0009324448 -4.071106667e-05 0.0112)
(0.000999048 -4.3619e-05 0.0112)
(6.66032e-05 2.907933333e-06 0.0112)
(0.0001332064 5.815866667e-06 0.0112)
(0.0001998096 8.7238e-06 0.0112)
(0.0002664128 1.163173333e-05 0.0112)
(0.000333016 1.453966667e-05 0.0112)
(0.0003996192 1.74476e-05 0.0112)
(0.0004662224 2.035553333e-05 0.0112)
(0.0005328256 2.326346667e-05 0.0112)
(0.0005994288 2.61714e-05 0.0112)
(0.000666032 2.907933333e-05 0.0112)
(0.0007326352 3.198726667e-05 0.0112)
(0.0007992384 3.48952e-05 0.0112)
(0.0008658416 3.780313333e-05 0.0112)
(0.0009324448 4.071106667e-05 0.0112)
(0.000999048 4.3619e-05 0.0112)
(0 0 0.0113)
(6.66032e-05 -2.907933333e-06 0.0113)
(0.0001332064 -5.815866667e-06 0.0113)
(0.0001998096 -8.7238e-06 0.0113)
(0.0002664128 -1.163173333e-05 0.0113)
(0.000333016 -1.453966667e-05 0.0113)
(0.0003996192 -1.74476e-05 0.0113)
(0.0004662224 -2.035553333e-05 0.0113)
(0.0005328256 -2.326346667e-05 0.0113)
(0.0005994288 -2.61714e-05 0.0113)
(0.000666032 -2.907933333e-05 0.0113)
(0.0007326352 -3.198726667e-05 0.0113)
(0.0007992384 -3.48952e-05 0.0113)
(0.0008658416 -3.780313333e-05 0.0113)
(0.0009324448 -4.071106667e-05 0.0113)
(0.000999048 -4.3619e-05 0.0113)
(6.66032e-05 2.907933333e-06 0.0113)
(0.0001332064 5.815866667e-06 0.0113)
(0.0001998096 8.7238e-06 0.0113)
(0.0002664128 1.163173333e-05 0.0113)
(0.000333016 1.453966667e-05 0.0113)
(0.0003996192 1.74476e-05 0.0113)
(0.0004662224 2.035553333e-05 0.0113)
(0.0005328256 2.326346667e-05 0.0113)
(0.0005994288 2.61714e-05 0.0113)
(0.000666032 2.907933333e-05 0.0113)
(0.0007326352 3.198726667e-05 0.0113)
(0.0007992384 3.48952e-05 0.0113)
(0.0008658416 3.780313333e-05 0.0113)
(0.0009324448 4.071106667e-05 0.0113)
(0.000999048 4.3619e-05 0.0113)
(0 0 0.0114)
(6.66032e-05 -2.907933333e-06 0.0114)
(0.0001332064 -5.815866667e-06 0.0114)
(0.0001998096 -8.7238e-06 0.0114)
(0.0002664128 -1.163173333e-05 0.0114)
(0.000333016 -1.453966667e-05 0.0114)
(0.0003996192 -1.74476e-05 0.0114)
(0.0004662224 -2.035553333e-05 0.0114)
(0.0005328256 -2.326346667e-05 0.0114)
(0.0005994288 -2.61714e-05 0.0114)
(0.000666032 -2.907933333e-05 0.0114)
(0.0007326352 -3.198726667e-05 0.0114)
(0.0007992384 -3.48952e-05 0.0114)
(0.0008658416 -3.780313333e-05 0.0114)
(0.0009324448 -4.071106667e-05 0.0114)
(0.000999048 -4.3619e-05 0.0114)
(6.66032e-05 2.907933333e-06 0.0114)
(0.0001332064 5.815866667e-06 0.0114)
(0.0001998096 8.7238e-06 0.0114)
(0.0002664128 1.163173333e-05 0.0114)
(0.000333016 1.453966667e-05 0.0114)
(0.0003996192 1.74476e-05 0.0114)
(0.0004662224 2.035553333e-05 0.0114)
(0.0005328256 2.326346667e-05 0.0114)
(0.0005994288 2.61714e-05 0.0114)
(0.000666032 2.907933333e-05 0.0114)
(0.0007326352 3.198726667e-05 0.0114)
(0.0007992384 3.48952e-05 0.0114)
(0.0008658416 3.780313333e-05 0.0114)
(0.0009324448 4.071106667e-05 0.0114)
(0.000999048 4.3619e-05 0.0114)
(0 0 0.0115)
(6.66032e-05 -2.907933333e-06 0.0115)
(0.0001332064 -5.815866667e-06 0.0115)
(0.0001998096 -8.7238e-06 0.0115)
(0.0002664128 -1.163173333e-05 0.0115)
(0.000333016 -1.453966667e-05 0.0115)
(0.0003996192 -1.74476e-05 0.0115)
(0.0004662224 -2.035553333e-05 0.0115)
(0.0005328256 -2.326346667e-05 0.0115)
(0.0005994288 -2.61714e-05 0.0115)
(0.000666032 -2.907933333e-05 0.0115)
(0.0007326352 -3.198726667e-05 0.0115)
(0.0007992384 -3.48952e-05 0.0115)
(0.0008658416 -3.780313333e-05 0.0115)
(0.0009324448 -4.071106667e-05 0.0115)
(0.000999048 -4.3619e-05 0.0115)
(6.66032e-05 2.907933333e-06 0.0115)
(0.0001332064 5.815866667e-06 0.0115)
(0.0001998096 8.7238e-06 0.0115)
(0.0002664128 1.163173333e-05 0.0115)
(0.000333016 1.453966667e-05 0.0115)
(0.0003996192 1.74476e-05 0.0115)
(0.0004662224 2.035553333e-05 0.0115)
(0.0005328256 2.326346667e-05 0.0115)
(0.0005994288 2.61714e-05 0.0115)
(0.000666032 2.907933333e-05 0.0115)
(0.0007326352 3.198726667e-05 0.0115)
(0.0007992384 3.48952e-05 0.0115)
(0.0008658416 3.780313333e-05 0.0115)
(0.0009324448 4.071106667e-05 0.0115)
(0.000999048 4.3619e-05 0.0115)
(0 0 0.0116)
(6.66032e-05 -2.907933333e-06 0.0116)
(0.0001332064 -5.815866667e-06 0.0116)
(0.0001998096 -8.7238e-06 0.0116)
(0.0002664128 -1.163173333e-05 0.0116)
(0.000333016 -1.453966667e-05 0.0116)
(0.0003996192 -1.74476e-05 0.0116)
(0.0004662224 -2.035553333e-05 0.0116)
(0.0005328256 -2.326346667e-05 0.0116)
(0.0005994288 -2.61714e-05 0.0116)
(0.000666032 -2.907933333e-05 0.0116)
(0.0007326352 -3.198726667e-05 0.0116)
(0.0007992384 -3.48952e-05 0.0116)
(0.0008658416 -3.780313333e-05 0.0116)
(0.0009324448 -4.071106667e-05 0.0116)
(0.000999048 -4.3619e-05 0.0116)
(6.66032e-05 2.907933333e-06 0.0116)
(0.0001332064 5.815866667e-06 0.0116)
(0.0001998096 8.7238e-06 0.0116)
(0.0002664128 1.163173333e-05 0.0116)
(0.000333016 1.453966667e-05 0.0116)
(0.0003996192 1.74476e-05 0.0116)
(0.0004662224 2.035553333e-05 0.0116)
(0.0005328256 2.326346667e-05 0.0116)
(0.0005994288 2.61714e-05 0.0116)
(0.000666032 2.907933333e-05 0.0116)
(0.0007326352 3.198726667e-05 0.0116)
(0.0007992384 3.48952e-05 0.0116)
(0.0008658416 3.780313333e-05 0.0116)
(0.0009324448 4.071106667e-05 0.0116)
(0.000999048 4.3619e-05 0.0116)
(0 0 0.0117)
(6.66032e-05 -2.907933333e-06 0.0117)
(0.0001332064 -5.815866667e-06 0.0117)
(0.0001998096 -8.7238e-06 0.0117)
(0.0002664128 -1.163173333e-05 0.0117)
(0.000333016 -1.453966667e-05 0.0117)
(0.0003996192 -1.74476e-05 0.0117)
(0.0004662224 -2.035553333e-05 0.0117)
(0.0005328256 -2.326346667e-05 0.0117)
(0.0005994288 -2.61714e-05 0.0117)
(0.000666032 -2.907933333e-05 0.0117)
(0.0007326352 -3.198726667e-05 0.0117)
(0.0007992384 -3.48952e-05 0.0117)
(0.0008658416 -3.780313333e-05 0.0117)
(0.0009324448 -4.071106667e-05 0.0117)
(0.000999048 -4.3619e-05 0.0117)
(6.66032e-05 2.907933333e-06 0.0117)
(0.0001332064 5.815866667e-06 0.0117)
(0.0001998096 8.7238e-06 0.0117)
(0.0002664128 1.163173333e-05 0.0117)
(0.000333016 1.453966667e-05 0.0117)
(0.0003996192 1.74476e-05 0.0117)
(0.0004662224 2.035553333e-05 0.0117)
(0.0005328256 2.326346667e-05 0.0117)
(0.0005994288 2.61714e-05 0.0117)
(0.000666032 2.907933333e-05 0.0117)
(0.0007326352 3.198726667e-05 0.0117)
(0.0007992384 3.48952e-05 0.0117)
(0.0008658416 3.780313333e-05 0.0117)
(0.0009324448 4.071106667e-05 0.0117)
(0.000999048 4.3619e-05 0.0117)
(0 0 0.0118)
(6.66032e-05 -2.907933333e-06 0.0118)
(0.0001332064 -5.815866667e-06 0.0118)
(0.0001998096 -8.7238e-06 0.0118)
(0.0002664128 -1.163173333e-05 0.0118)
(0.000333016 -1.453966667e-05 0.0118)
(0.0003996192 -1.74476e-05 0.0118)
(0.0004662224 -2.035553333e-05 0.0118)
(0.0005328256 -2.326346667e-05 0.0118)
(0.0005994288 -2.61714e-05 0.0118)
(0.000666032 -2.907933333e-05 0.0118)
(0.0007326352 -3.198726667e-05 0.0118)
(0.0007992384 -3.48952e-05 0.0118)
(0.0008658416 -3.780313333e-05 0.0118)
(0.0009324448 -4.071106667e-05 0.0118)
(0.000999048 -4.3619e-05 0.0118)
(6.66032e-05 2.907933333e-06 0.0118)
(0.0001332064 5.815866667e-06 0.0118)
(0.0001998096 8.7238e-06 0.0118)
(0.0002664128 1.163173333e-05 0.0118)
(0.000333016 1.453966667e-05 0.0118)
(0.0003996192 1.74476e-05 0.0118)
(0.0004662224 2.035553333e-05 0.0118)
(0.0005328256 2.326346667e-05 0.0118)
(0.0005994288 2.61714e-05 0.0118)
(0.000666032 2.907933333e-05 0.0118)
(0.0007326352 3.198726667e-05 0.0118)
(0.0007992384 3.48952e-05 0.0118)
(0.0008658416 3.780313333e-05 0.0118)
(0.0009324448 4.071106667e-05 0.0118)
(0.000999048 4.3619e-05 0.0118)
(0 0 0.0119)
(6.66032e-05 -2.907933333e-06 0.0119)
(0.0001332064 -5.815866667e-06 0.0119)
(0.0001998096 -8.7238e-06 0.0119)
(0.0002664128 -1.163173333e-05 0.0119)
(0.000333016 -1.453966667e-05 0.0119)
(0.0003996192 -1.74476e-05 0.0119)
(0.0004662224 -2.035553333e-05 0.0119)
(0.0005328256 -2.326346667e-05 0.0119)
(0.0005994288 -2.61714e-05 0.0119)
(0.000666032 -2.907933333e-05 0.0119)
(0.0007326352 -3.198726667e-05 0.0119)
(0.0007992384 -3.48952e-05 0.0119)
(0.0008658416 -3.780313333e-05 0.0119)
(0.0009324448 -4.071106667e-05 0.0119)
(0.000999048 -4.3619e-05 0.0119)
(6.66032e-05 2.907933333e-06 0.0119)
(0.0001332064 5.815866667e-06 0.0119)
(0.0001998096 8.7238e-06 0.0119)
(0.0002664128 1.163173333e-05 0.0119)
(0.000333016 1.453966667e-05 0.0119)
(0.0003996192 1.74476e-05 0.0119)
(0.0004662224 2.035553333e-05 0.0119)
(0.0005328256 2.326346667e-05 0.0119)
(0.0005994288 2.61714e-05 0.0119)
(0.000666032 2.907933333e-05 0.0119)
(0.0007326352 3.198726667e-05 0.0119)
(0.0007992384 3.48952e-05 0.0119)
(0.0008658416 3.780313333e-05 0.0119)
(0.0009324448 4.071106667e-05 0.0119)
(0.000999048 4.3619e-05 0.0119)
(0 0 0.012)
(6.66032e-05 -2.907933333e-06 0.012)
(0.0001332064 -5.815866667e-06 0.012)
(0.0001998096 -8.7238e-06 0.012)
(0.0002664128 -1.163173333e-05 0.012)
(0.000333016 -1.453966667e-05 0.012)
(0.0003996192 -1.74476e-05 0.012)
(0.0004662224 -2.035553333e-05 0.012)
(0.0005328256 -2.326346667e-05 0.012)
(0.0005994288 -2.61714e-05 0.012)
(0.000666032 -2.907933333e-05 0.012)
(0.0007326352 -3.198726667e-05 0.012)
(0.0007992384 -3.48952e-05 0.012)
(0.0008658416 -3.780313333e-05 0.012)
(0.0009324448 -4.071106667e-05 0.012)
(0.000999048 -4.3619e-05 0.012)
(6.66032e-05 2.907933333e-06 0.012)
(0.0001332064 5.815866667e-06 0.012)
(0.0001998096 8.7238e-06 0.012)
(0.0002664128 1.163173333e-05 0.012)
(0.000333016 1.453966667e-05 0.012)
(0.0003996192 1.74476e-05 0.012)
(0.0004662224 2.035553333e-05 0.012)
(0.0005328256 2.326346667e-05 0.012)
(0.0005994288 2.61714e-05 0.012)
(0.000666032 2.907933333e-05 0.012)
(0.0007326352 3.198726667e-05 0.012)
(0.0007992384 3.48952e-05 0.012)
(0.0008658416 3.780313333e-05 0.012)
(0.0009324448 4.071106667e-05 0.012)
(0.000999048 4.3619e-05 0.012)
(0 0 0.0121)
(6.66032e-05 -2.907933333e-06 0.0121)
(0.0001332064 -5.815866667e-06 0.0121)
(0.0001998096 -8.7238e-06 0.0121)
(0.0002664128 -1.163173333e-05 0.0121)
(0.000333016 -1.453966667e-05 0.0121)
(0.0003996192 -1.74476e-05 0.0121)
(0.0004662224 -2.035553333e-05 0.0121)
(0.0005328256 -2.326346667e-05 0.0121)
(0.0005994288 -2.61714e-05 0.0121)
(0.000666032 -2.907933333e-05 0.0121)
(0.0007326352 -3.198726667e-05 0.0121)
(0.0007992384 -3.48952e-05 0.0121)
(0.0008658416 -3.780313333e-05 0.0121)
(0.0009324448 -4.071106667e-05 0.0121)
(0.000999048 -4.3619e-05 0.0121)
(6.66032e-05 2.907933333e-06 0.0121)
(0.0001332064 5.815866667e-06 0.0121)
(0.0001998096 8.7238e-06 0.0121)
(0.0002664128 1.163173333e-05 0.0121)
(0.000333016 1.453966667e-05 0.0121)
(0.0003996192 1.74476e-05 0.0121)
(0.0004662224 2.035553333e-05 0.0121)
(0.0005328256 2.326346667e-05 0.0121)
(0.0005994288 2.61714e-05 0.0121)
(0.000666032 2.907933333e-05 0.0121)
(0.0007326352 3.198726667e-05 0.0121)
(0.0007992384 3.48952e-05 0.0121)
(0.0008658416 3.780313333e-05 0.0121)
(0.0009324448 4.071106667e-05 0.0121)
(0.000999048 4.3619e-05 0.0121)
(0 0 0.0122)
(6.66032e-05 -2.907933333e-06 0.0122)
(0.0001332064 -5.815866667e-06 0.0122)
(0.0001998096 -8.7238e-06 0.0122)
(0.0002664128 -1.163173333e-05 0.0122)
(0.000333016 -1.453966667e-05 0.0122)
(0.0003996192 -1.74476e-05 0.0122)
(0.0004662224 -2.035553333e-05 0.0122)
(0.0005328256 -2.326346667e-05 0.0122)
(0.0005994288 -2.61714e-05 0.0122)
(0.000666032 -2.907933333e-05 0.0122)
(0.0007326352 -3.198726667e-05 0.0122)
(0.0007992384 -3.48952e-05 0.0122)
(0.0008658416 -3.780313333e-05 0.0122)
(0.0009324448 -4.071106667e-05 0.0122)
(0.000999048 -4.3619e-05 0.0122)
(6.66032e-05 2.907933333e-06 0.0122)
(0.0001332064 5.815866667e-06 0.0122)
(0.0001998096 8.7238e-06 0.0122)
(0.0002664128 1.163173333e-05 0.0122)
(0.000333016 1.453966667e-05 0.0122)
(0.0003996192 1.74476e-05 0.0122)
(0.0004662224 2.035553333e-05 0.0122)
(0.0005328256 2.326346667e-05 0.0122)
(0.0005994288 2.61714e-05 0.0122)
(0.000666032 2.907933333e-05 0.0122)
(0.0007326352 3.198726667e-05 0.0122)
(0.0007992384 3.48952e-05 0.0122)
(0.0008658416 3.780313333e-05 0.0122)
(0.0009324448 4.071106667e-05 0.0122)
(0.000999048 4.3619e-05 0.0122)
(0 0 0.0123)
(6.66032e-05 -2.907933333e-06 0.0123)
(0.0001332064 -5.815866667e-06 0.0123)
(0.0001998096 -8.7238e-06 0.0123)
(0.0002664128 -1.163173333e-05 0.0123)
(0.000333016 -1.453966667e-05 0.0123)
(0.0003996192 -1.74476e-05 0.0123)
(0.0004662224 -2.035553333e-05 0.0123)
(0.0005328256 -2.326346667e-05 0.0123)
(0.0005994288 -2.61714e-05 0.0123)
(0.000666032 -2.907933333e-05 0.0123)
(0.0007326352 -3.198726667e-05 0.0123)
(0.0007992384 -3.48952e-05 0.0123)
(0.0008658416 -3.780313333e-05 0.0123)
(0.0009324448 -4.071106667e-05 0.0123)
(0.000999048 -4.3619e-05 0.0123)
(6.66032e-05 2.907933333e-06 0.0123)
(0.0001332064 5.815866667e-06 0.0123)
(0.0001998096 8.7238e-06 0.0123)
(0.0002664128 1.163173333e-05 0.0123)
(0.000333016 1.453966667e-05 0.0123)
(0.0003996192 1.74476e-05 0.0123)
(0.0004662224 2.035553333e-05 0.0123)
(0.0005328256 2.326346667e-05 0.0123)
(0.0005994288 2.61714e-05 0.0123)
(0.000666032 2.907933333e-05 0.0123)
(0.0007326352 3.198726667e-05 0.0123)
(0.0007992384 3.48952e-05 0.0123)
(0.0008658416 3.780313333e-05 0.0123)
(0.0009324448 4.071106667e-05 0.0123)
(0.000999048 4.3619e-05 0.0123)
(0 0 0.0124)
(6.66032e-05 -2.907933333e-06 0.0124)
(0.0001332064 -5.815866667e-06 0.0124)
(0.0001998096 -8.7238e-06 0.0124)
(0.0002664128 -1.163173333e-05 0.0124)
(0.000333016 -1.453966667e-05 0.0124)
(0.0003996192 -1.74476e-05 0.0124)
(0.0004662224 -2.035553333e-05 0.0124)
(0.0005328256 -2.326346667e-05 0.0124)
(0.0005994288 -2.61714e-05 0.0124)
(0.000666032 -2.907933333e-05 0.0124)
(0.0007326352 -3.198726667e-05 0.0124)
(0.0007992384 -3.48952e-05 0.0124)
(0.0008658416 -3.780313333e-05 0.0124)
(0.0009324448 -4.071106667e-05 0.0124)
(0.000999048 -4.3619e-05 0.0124)
(6.66032e-05 2.907933333e-06 0.0124)
(0.0001332064 5.815866667e-06 0.0124)
(0.0001998096 8.7238e-06 0.0124)
(0.0002664128 1.163173333e-05 0.0124)
(0.000333016 1.453966667e-05 0.0124)
(0.0003996192 1.74476e-05 0.0124)
(0.0004662224 2.035553333e-05 0.0124)
(0.0005328256 2.326346667e-05 0.0124)
(0.0005994288 2.61714e-05 0.0124)
(0.000666032 2.907933333e-05 0.0124)
(0.0007326352 3.198726667e-05 0.0124)
(0.0007992384 3.48952e-05 0.0124)
(0.0008658416 3.780313333e-05 0.0124)
(0.0009324448 4.071106667e-05 0.0124)
(0.000999048 4.3619e-05 0.0124)
(0 0 0.0125)
(6.66032e-05 -2.907933333e-06 0.0125)
(0.0001332064 -5.815866667e-06 0.0125)
(0.0001998096 -8.7238e-06 0.0125)
(0.0002664128 -1.163173333e-05 0.0125)
(0.000333016 -1.453966667e-05 0.0125)
(0.0003996192 -1.74476e-05 0.0125)
(0.0004662224 -2.035553333e-05 0.0125)
(0.0005328256 -2.326346667e-05 0.0125)
(0.0005994288 -2.61714e-05 0.0125)
(0.000666032 -2.907933333e-05 0.0125)
(0.0007326352 -3.198726667e-05 0.0125)
(0.0007992384 -3.48952e-05 0.0125)
(0.0008658416 -3.780313333e-05 0.0125)
(0.0009324448 -4.071106667e-05 0.0125)
(0.000999048 -4.3619e-05 0.0125)
(6.66032e-05 2.907933333e-06 0.0125)
(0.0001332064 5.815866667e-06 0.0125)
(0.0001998096 8.7238e-06 0.0125)
(0.0002664128 1.163173333e-05 0.0125)
(0.000333016 1.453966667e-05 0.0125)
(0.0003996192 1.74476e-05 0.0125)
(0.0004662224 2.035553333e-05 0.0125)
(0.0005328256 2.326346667e-05 0.0125)
(0.0005994288 2.61714e-05 0.0125)
(0.000666032 2.907933333e-05 0.0125)
(0.0007326352 3.198726667e-05 0.0125)
(0.0007992384 3.48952e-05 0.0125)
(0.0008658416 3.780313333e-05 0.0125)
(0.0009324448 4.071106667e-05 0.0125)
(0.000999048 4.3619e-05 0.0125)
(0 0 0.0126)
(6.66032e-05 -2.907933333e-06 0.0126)
(0.0001332064 -5.815866667e-06 0.0126)
(0.0001998096 -8.7238e-06 0.0126)
(0.0002664128 -1.163173333e-05 0.0126)
(0.000333016 -1.453966667e-05 0.0126)
(0.0003996192 -1.74476e-05 0.0126)
(0.0004662224 -2.035553333e-05 0.0126)
(0.0005328256 -2.326346667e-05 0.0126)
(0.0005994288 -2.61714e-05 0.0126)
(0.000666032 -2.907933333e-05 0.0126)
(0.0007326352 -3.198726667e-05 0.0126)
(0.0007992384 -3.48952e-05 0.0126)
(0.0008658416 -3.780313333e-05 0.0126)
(0.0009324448 -4.071106667e-05 0.0126)
(0.000999048 -4.3619e-05 0.0126)
(6.66032e-05 2.907933333e-06 0.0126)
(0.0001332064 5.815866667e-06 0.0126)
(0.0001998096 8.7238e-06 0.0126)
(0.0002664128 1.163173333e-05 0.0126)
(0.000333016 1.453966667e-05 0.0126)
(0.0003996192 1.74476e-05 0.0126)
(0.0004662224 2.035553333e-05 0.0126)
(0.0005328256 2.326346667e-05 0.0126)
(0.0005994288 2.61714e-05 0.0126)
(0.000666032 2.907933333e-05 0.0126)
(0.0007326352 3.198726667e-05 0.0126)
(0.0007992384 3.48952e-05 0.0126)
(0.0008658416 3.780313333e-05 0.0126)
(0.0009324448 4.071106667e-05 0.0126)
(0.000999048 4.3619e-05 0.0126)
(0 0 0.0127)
(6.66032e-05 -2.907933333e-06 0.0127)
(0.0001332064 -5.815866667e-06 0.0127)
(0.0001998096 -8.7238e-06 0.0127)
(0.0002664128 -1.163173333e-05 0.0127)
(0.000333016 -1.453966667e-05 0.0127)
(0.0003996192 -1.74476e-05 0.0127)
(0.0004662224 -2.035553333e-05 0.0127)
(0.0005328256 -2.326346667e-05 0.0127)
(0.0005994288 -2.61714e-05 0.0127)
(0.000666032 -2.907933333e-05 0.0127)
(0.0007326352 -3.198726667e-05 0.0127)
(0.0007992384 -3.48952e-05 0.0127)
(0.0008658416 -3.780313333e-05 0.0127)
(0.0009324448 -4.071106667e-05 0.0127)
(0.000999048 -4.3619e-05 0.0127)
(6.66032e-05 2.907933333e-06 0.0127)
(0.0001332064 5.815866667e-06 0.0127)
(0.0001998096 8.7238e-06 0.0127)
(0.0002664128 1.163173333e-05 0.0127)
(0.000333016 1.453966667e-05 0.0127)
(0.0003996192 1.74476e-05 0.0127)
(0.0004662224 2.035553333e-05 0.0127)
(0.0005328256 2.326346667e-05 0.0127)
(0.0005994288 2.61714e-05 0.0127)
(0.000666032 2.907933333e-05 0.0127)
(0.0007326352 3.198726667e-05 0.0127)
(0.0007992384 3.48952e-05 0.0127)
(0.0008658416 3.780313333e-05 0.0127)
(0.0009324448 4.071106667e-05 0.0127)
(0.000999048 4.3619e-05 0.0127)
(0 0 0.0128)
(6.66032e-05 -2.907933333e-06 0.0128)
(0.0001332064 -5.815866667e-06 0.0128)
(0.0001998096 -8.7238e-06 0.0128)
(0.0002664128 -1.163173333e-05 0.0128)
(0.000333016 -1.453966667e-05 0.0128)
(0.0003996192 -1.74476e-05 0.0128)
(0.0004662224 -2.035553333e-05 0.0128)
(0.0005328256 -2.326346667e-05 0.0128)
(0.0005994288 -2.61714e-05 0.0128)
(0.000666032 -2.907933333e-05 0.0128)
(0.0007326352 -3.198726667e-05 0.0128)
(0.0007992384 -3.48952e-05 0.0128)
(0.0008658416 -3.780313333e-05 0.0128)
(0.0009324448 -4.071106667e-05 0.0128)
(0.000999048 -4.3619e-05 0.0128)
(6.66032e-05 2.907933333e-06 0.0128)
(0.0001332064 5.815866667e-06 0.0128)
(0.0001998096 8.7238e-06 0.0128)
(0.0002664128 1.163173333e-05 0.0128)
(0.000333016 1.453966667e-05 0.0128)
(0.0003996192 1.74476e-05 0.0128)
(0.0004662224 2.035553333e-05 0.0128)
(0.0005328256 2.326346667e-05 0.0128)
(0.0005994288 2.61714e-05 0.0128)
(0.000666032 2.907933333e-05 0.0128)
(0.0007326352 3.198726667e-05 0.0128)
(0.0007992384 3.48952e-05 0.0128)
(0.0008658416 3.780313333e-05 0.0128)
(0.0009324448 4.071106667e-05 0.0128)
(0.000999048 4.3619e-05 0.0128)
(0 0 0.0129)
(6.66032e-05 -2.907933333e-06 0.0129)
(0.0001332064 -5.815866667e-06 0.0129)
(0.0001998096 -8.7238e-06 0.0129)
(0.0002664128 -1.163173333e-05 0.0129)
(0.000333016 -1.453966667e-05 0.0129)
(0.0003996192 -1.74476e-05 0.0129)
(0.0004662224 -2.035553333e-05 0.0129)
(0.0005328256 -2.326346667e-05 0.0129)
(0.0005994288 -2.61714e-05 0.0129)
(0.000666032 -2.907933333e-05 0.0129)
(0.0007326352 -3.198726667e-05 0.0129)
(0.0007992384 -3.48952e-05 0.0129)
(0.0008658416 -3.780313333e-05 0.0129)
(0.0009324448 -4.071106667e-05 0.0129)
(0.000999048 -4.3619e-05 0.0129)
(6.66032e-05 2.907933333e-06 0.0129)
(0.0001332064 5.815866667e-06 0.0129)
(0.0001998096 8.7238e-06 0.0129)
(0.0002664128 1.163173333e-05 0.0129)
(0.000333016 1.453966667e-05 0.0129)
(0.0003996192 1.74476e-05 0.0129)
(0.0004662224 2.035553333e-05 0.0129)
(0.0005328256 2.326346667e-05 0.0129)
(0.0005994288 2.61714e-05 0.0129)
(0.000666032 2.907933333e-05 0.0129)
(0.0007326352 3.198726667e-05 0.0129)
(0.0007992384 3.48952e-05 0.0129)
(0.0008658416 3.780313333e-05 0.0129)
(0.0009324448 4.071106667e-05 0.0129)
(0.000999048 4.3619e-05 0.0129)
(0 0 0.013)
(6.66032e-05 -2.907933333e-06 0.013)
(0.0001332064 -5.815866667e-06 0.013)
(0.0001998096 -8.7238e-06 0.013)
(0.0002664128 -1.163173333e-05 0.013)
(0.000333016 -1.453966667e-05 0.013)
(0.0003996192 -1.74476e-05 0.013)
(0.0004662224 -2.035553333e-05 0.013)
(0.0005328256 -2.326346667e-05 0.013)
(0.0005994288 -2.61714e-05 0.013)
(0.000666032 -2.907933333e-05 0.013)
(0.0007326352 -3.198726667e-05 0.013)
(0.0007992384 -3.48952e-05 0.013)
(0.0008658416 -3.780313333e-05 0.013)
(0.0009324448 -4.071106667e-05 0.013)
(0.000999048 -4.3619e-05 0.013)
(6.66032e-05 2.907933333e-06 0.013)
(0.0001332064 5.815866667e-06 0.013)
(0.0001998096 8.7238e-06 0.013)
(0.0002664128 1.163173333e-05 0.013)
(0.000333016 1.453966667e-05 0.013)
(0.0003996192 1.74476e-05 0.013)
(0.0004662224 2.035553333e-05 0.013)
(0.0005328256 2.326346667e-05 0.013)
(0.0005994288 2.61714e-05 0.013)
(0.000666032 2.907933333e-05 0.013)
(0.0007326352 3.198726667e-05 0.013)
(0.0007992384 3.48952e-05 0.013)
(0.0008658416 3.780313333e-05 0.013)
(0.0009324448 4.071106667e-05 0.013)
(0.000999048 4.3619e-05 0.013)
(0 0 0.0131)
(6.66032e-05 -2.907933333e-06 0.0131)
(0.0001332064 -5.815866667e-06 0.0131)
(0.0001998096 -8.7238e-06 0.0131)
(0.0002664128 -1.163173333e-05 0.0131)
(0.000333016 -1.453966667e-05 0.0131)
(0.0003996192 -1.74476e-05 0.0131)
(0.0004662224 -2.035553333e-05 0.0131)
(0.0005328256 -2.326346667e-05 0.0131)
(0.0005994288 -2.61714e-05 0.0131)
(0.000666032 -2.907933333e-05 0.0131)
(0.0007326352 -3.198726667e-05 0.0131)
(0.0007992384 -3.48952e-05 0.0131)
(0.0008658416 -3.780313333e-05 0.0131)
(0.0009324448 -4.071106667e-05 0.0131)
(0.000999048 -4.3619e-05 0.0131)
(6.66032e-05 2.907933333e-06 0.0131)
(0.0001332064 5.815866667e-06 0.0131)
(0.0001998096 8.7238e-06 0.0131)
(0.0002664128 1.163173333e-05 0.0131)
(0.000333016 1.453966667e-05 0.0131)
(0.0003996192 1.74476e-05 0.0131)
(0.0004662224 2.035553333e-05 0.0131)
(0.0005328256 2.326346667e-05 0.0131)
(0.0005994288 2.61714e-05 0.0131)
(0.000666032 2.907933333e-05 0.0131)
(0.0007326352 3.198726667e-05 0.0131)
(0.0007992384 3.48952e-05 0.0131)
(0.0008658416 3.780313333e-05 0.0131)
(0.0009324448 4.071106667e-05 0.0131)
(0.000999048 4.3619e-05 0.0131)
(0 0 0.0132)
(6.66032e-05 -2.907933333e-06 0.0132)
(0.0001332064 -5.815866667e-06 0.0132)
(0.0001998096 -8.7238e-06 0.0132)
(0.0002664128 -1.163173333e-05 0.0132)
(0.000333016 -1.453966667e-05 0.0132)
(0.0003996192 -1.74476e-05 0.0132)
(0.0004662224 -2.035553333e-05 0.0132)
(0.0005328256 -2.326346667e-05 0.0132)
(0.0005994288 -2.61714e-05 0.0132)
(0.000666032 -2.907933333e-05 0.0132)
(0.0007326352 -3.198726667e-05 0.0132)
(0.0007992384 -3.48952e-05 0.0132)
(0.0008658416 -3.780313333e-05 0.0132)
(0.0009324448 -4.071106667e-05 0.0132)
(0.000999048 -4.3619e-05 0.0132)
(6.66032e-05 2.907933333e-06 0.0132)
(0.0001332064 5.815866667e-06 0.0132)
(0.0001998096 8.7238e-06 0.0132)
(0.0002664128 1.163173333e-05 0.0132)
(0.000333016 1.453966667e-05 0.0132)
(0.0003996192 1.74476e-05 0.0132)
(0.0004662224 2.035553333e-05 0.0132)
(0.0005328256 2.326346667e-05 0.0132)
(0.0005994288 2.61714e-05 0.0132)
(0.000666032 2.907933333e-05 0.0132)
(0.0007326352 3.198726667e-05 0.0132)
(0.0007992384 3.48952e-05 0.0132)
(0.0008658416 3.780313333e-05 0.0132)
(0.0009324448 4.071106667e-05 0.0132)
(0.000999048 4.3619e-05 0.0132)
(0 0 0.0133)
(6.66032e-05 -2.907933333e-06 0.0133)
(0.0001332064 -5.815866667e-06 0.0133)
(0.0001998096 -8.7238e-06 0.0133)
(0.0002664128 -1.163173333e-05 0.0133)
(0.000333016 -1.453966667e-05 0.0133)
(0.0003996192 -1.74476e-05 0.0133)
(0.0004662224 -2.035553333e-05 0.0133)
(0.0005328256 -2.326346667e-05 0.0133)
(0.0005994288 -2.61714e-05 0.0133)
(0.000666032 -2.907933333e-05 0.0133)
(0.0007326352 -3.198726667e-05 0.0133)
(0.0007992384 -3.48952e-05 0.0133)
(0.0008658416 -3.780313333e-05 0.0133)
(0.0009324448 -4.071106667e-05 0.0133)
(0.000999048 -4.3619e-05 0.0133)
(6.66032e-05 2.907933333e-06 0.0133)
(0.0001332064 5.815866667e-06 0.0133)
(0.0001998096 8.7238e-06 0.0133)
(0.0002664128 1.163173333e-05 0.0133)
(0.000333016 1.453966667e-05 0.0133)
(0.0003996192 1.74476e-05 0.0133)
(0.0004662224 2.035553333e-05 0.0133)
(0.0005328256 2.326346667e-05 0.0133)
(0.0005994288 2.61714e-05 0.0133)
(0.000666032 2.907933333e-05 0.0133)
(0.0007326352 3.198726667e-05 0.0133)
(0.0007992384 3.48952e-05 0.0133)
(0.0008658416 3.780313333e-05 0.0133)
(0.0009324448 4.071106667e-05 0.0133)
(0.000999048 4.3619e-05 0.0133)
(0 0 0.0134)
(6.66032e-05 -2.907933333e-06 0.0134)
(0.0001332064 -5.815866667e-06 0.0134)
(0.0001998096 -8.7238e-06 0.0134)
(0.0002664128 -1.163173333e-05 0.0134)
(0.000333016 -1.453966667e-05 0.0134)
(0.0003996192 -1.74476e-05 0.0134)
(0.0004662224 -2.035553333e-05 0.0134)
(0.0005328256 -2.326346667e-05 0.0134)
(0.0005994288 -2.61714e-05 0.0134)
(0.000666032 -2.907933333e-05 0.0134)
(0.0007326352 -3.198726667e-05 0.0134)
(0.0007992384 -3.48952e-05 0.0134)
(0.0008658416 -3.780313333e-05 0.0134)
(0.0009324448 -4.071106667e-05 0.0134)
(0.000999048 -4.3619e-05 0.0134)
(6.66032e-05 2.907933333e-06 0.0134)
(0.0001332064 5.815866667e-06 0.0134)
(0.0001998096 8.7238e-06 0.0134)
(0.0002664128 1.163173333e-05 0.0134)
(0.000333016 1.453966667e-05 0.0134)
(0.0003996192 1.74476e-05 0.0134)
(0.0004662224 2.035553333e-05 0.0134)
(0.0005328256 2.326346667e-05 0.0134)
(0.0005994288 2.61714e-05 0.0134)
(0.000666032 2.907933333e-05 0.0134)
(0.0007326352 3.198726667e-05 0.0134)
(0.0007992384 3.48952e-05 0.0134)
(0.0008658416 3.780313333e-05 0.0134)
(0.0009324448 4.071106667e-05 0.0134)
(0.000999048 4.3619e-05 0.0134)
(0 0 0.0135)
(6.66032e-05 -2.907933333e-06 0.0135)
(0.0001332064 -5.815866667e-06 0.0135)
(0.0001998096 -8.7238e-06 0.0135)
(0.0002664128 -1.163173333e-05 0.0135)
(0.000333016 -1.453966667e-05 0.0135)
(0.0003996192 -1.74476e-05 0.0135)
(0.0004662224 -2.035553333e-05 0.0135)
(0.0005328256 -2.326346667e-05 0.0135)
(0.0005994288 -2.61714e-05 0.0135)
(0.000666032 -2.907933333e-05 0.0135)
(0.0007326352 -3.198726667e-05 0.0135)
(0.0007992384 -3.48952e-05 0.0135)
(0.0008658416 -3.780313333e-05 0.0135)
(0.0009324448 -4.071106667e-05 0.0135)
(0.000999048 -4.3619e-05 0.0135)
(6.66032e-05 2.907933333e-06 0.0135)
(0.0001332064 5.815866667e-06 0.0135)
(0.0001998096 8.7238e-06 0.0135)
(0.0002664128 1.163173333e-05 0.0135)
(0.000333016 1.453966667e-05 0.0135)
(0.0003996192 1.74476e-05 0.0135)
(0.0004662224 2.035553333e-05 0.0135)
(0.0005328256 2.326346667e-05 0.0135)
(0.0005994288 2.61714e-05 0.0135)
(0.000666032 2.907933333e-05 0.0135)
(0.0007326352 3.198726667e-05 0.0135)
(0.0007992384 3.48952e-05 0.0135)
(0.0008658416 3.780313333e-05 0.0135)
(0.0009324448 4.071106667e-05 0.0135)
(0.000999048 4.3619e-05 0.0135)
(0 0 0.0136)
(6.66032e-05 -2.907933333e-06 0.0136)
(0.0001332064 -5.815866667e-06 0.0136)
(0.0001998096 -8.7238e-06 0.0136)
(0.0002664128 -1.163173333e-05 0.0136)
(0.000333016 -1.453966667e-05 0.0136)
(0.0003996192 -1.74476e-05 0.0136)
(0.0004662224 -2.035553333e-05 0.0136)
(0.0005328256 -2.326346667e-05 0.0136)
(0.0005994288 -2.61714e-05 0.0136)
(0.000666032 -2.907933333e-05 0.0136)
(0.0007326352 -3.198726667e-05 0.0136)
(0.0007992384 -3.48952e-05 0.0136)
(0.0008658416 -3.780313333e-05 0.0136)
(0.0009324448 -4.071106667e-05 0.0136)
(0.000999048 -4.3619e-05 0.0136)
(6.66032e-05 2.907933333e-06 0.0136)
(0.0001332064 5.815866667e-06 0.0136)
(0.0001998096 8.7238e-06 0.0136)
(0.0002664128 1.163173333e-05 0.0136)
(0.000333016 1.453966667e-05 0.0136)
(0.0003996192 1.74476e-05 0.0136)
(0.0004662224 2.035553333e-05 0.0136)
(0.0005328256 2.326346667e-05 0.0136)
(0.0005994288 2.61714e-05 0.0136)
(0.000666032 2.907933333e-05 0.0136)
(0.0007326352 3.198726667e-05 0.0136)
(0.0007992384 3.48952e-05 0.0136)
(0.0008658416 3.780313333e-05 0.0136)
(0.0009324448 4.071106667e-05 0.0136)
(0.000999048 4.3619e-05 0.0136)
(0 0 0.0137)
(6.66032e-05 -2.907933333e-06 0.0137)
(0.0001332064 -5.815866667e-06 0.0137)
(0.0001998096 -8.7238e-06 0.0137)
(0.0002664128 -1.163173333e-05 0.0137)
(0.000333016 -1.453966667e-05 0.0137)
(0.0003996192 -1.74476e-05 0.0137)
(0.0004662224 -2.035553333e-05 0.0137)
(0.0005328256 -2.326346667e-05 0.0137)
(0.0005994288 -2.61714e-05 0.0137)
(0.000666032 -2.907933333e-05 0.0137)
(0.0007326352 -3.198726667e-05 0.0137)
(0.0007992384 -3.48952e-05 0.0137)
(0.0008658416 -3.780313333e-05 0.0137)
(0.0009324448 -4.071106667e-05 0.0137)
(0.000999048 -4.3619e-05 0.0137)
(6.66032e-05 2.907933333e-06 0.0137)
(0.0001332064 5.815866667e-06 0.0137)
(0.0001998096 8.7238e-06 0.0137)
(0.0002664128 1.163173333e-05 0.0137)
(0.000333016 1.453966667e-05 0.0137)
(0.0003996192 1.74476e-05 0.0137)
(0.0004662224 2.035553333e-05 0.0137)
(0.0005328256 2.326346667e-05 0.0137)
(0.0005994288 2.61714e-05 0.0137)
(0.000666032 2.907933333e-05 0.0137)
(0.0007326352 3.198726667e-05 0.0137)
(0.0007992384 3.48952e-05 0.0137)
(0.0008658416 3.780313333e-05 0.0137)
(0.0009324448 4.071106667e-05 0.0137)
(0.000999048 4.3619e-05 0.0137)
(0 0 0.0138)
(6.66032e-05 -2.907933333e-06 0.0138)
(0.0001332064 -5.815866667e-06 0.0138)
(0.0001998096 -8.7238e-06 0.0138)
(0.0002664128 -1.163173333e-05 0.0138)
(0.000333016 -1.453966667e-05 0.0138)
(0.0003996192 -1.74476e-05 0.0138)
(0.0004662224 -2.035553333e-05 0.0138)
(0.0005328256 -2.326346667e-05 0.0138)
(0.0005994288 -2.61714e-05 0.0138)
(0.000666032 -2.907933333e-05 0.0138)
(0.0007326352 -3.198726667e-05 0.0138)
(0.0007992384 -3.48952e-05 0.0138)
(0.0008658416 -3.780313333e-05 0.0138)
(0.0009324448 -4.071106667e-05 0.0138)
(0.000999048 -4.3619e-05 0.0138)
(6.66032e-05 2.907933333e-06 0.0138)
(0.0001332064 5.815866667e-06 0.0138)
(0.0001998096 8.7238e-06 0.0138)
(0.0002664128 1.163173333e-05 0.0138)
(0.000333016 1.453966667e-05 0.0138)
(0.0003996192 1.74476e-05 0.0138)
(0.0004662224 2.035553333e-05 0.0138)
(0.0005328256 2.326346667e-05 0.0138)
(0.0005994288 2.61714e-05 0.0138)
(0.000666032 2.907933333e-05 0.0138)
(0.0007326352 3.198726667e-05 0.0138)
(0.0007992384 3.48952e-05 0.0138)
(0.0008658416 3.780313333e-05 0.0138)
(0.0009324448 4.071106667e-05 0.0138)
(0.000999048 4.3619e-05 0.0138)
(0 0 0.0139)
(6.66032e-05 -2.907933333e-06 0.0139)
(0.0001332064 -5.815866667e-06 0.0139)
(0.0001998096 -8.7238e-06 0.0139)
(0.0002664128 -1.163173333e-05 0.0139)
(0.000333016 -1.453966667e-05 0.0139)
(0.0003996192 -1.74476e-05 0.0139)
(0.0004662224 -2.035553333e-05 0.0139)
(0.0005328256 -2.326346667e-05 0.0139)
(0.0005994288 -2.61714e-05 0.0139)
(0.000666032 -2.907933333e-05 0.0139)
(0.0007326352 -3.198726667e-05 0.0139)
(0.0007992384 -3.48952e-05 0.0139)
(0.0008658416 -3.780313333e-05 0.0139)
(0.0009324448 -4.071106667e-05 0.0139)
(0.000999048 -4.3619e-05 0.0139)
(6.66032e-05 2.907933333e-06 0.0139)
(0.0001332064 5.815866667e-06 0.0139)
(0.0001998096 8.7238e-06 0.0139)
(0.0002664128 1.163173333e-05 0.0139)
(0.000333016 1.453966667e-05 0.0139)
(0.0003996192 1.74476e-05 0.0139)
(0.0004662224 2.035553333e-05 0.0139)
(0.0005328256 2.326346667e-05 0.0139)
(0.0005994288 2.61714e-05 0.0139)
(0.000666032 2.907933333e-05 0.0139)
(0.0007326352 3.198726667e-05 0.0139)
(0.0007992384 3.48952e-05 0.0139)
(0.0008658416 3.780313333e-05 0.0139)
(0.0009324448 4.071106667e-05 0.0139)
(0.000999048 4.3619e-05 0.0139)
(0 0 0.014)
(6.66032e-05 -2.907933333e-06 0.014)
(0.0001332064 -5.815866667e-06 0.014)
(0.0001998096 -8.7238e-06 0.014)
(0.0002664128 -1.163173333e-05 0.014)
(0.000333016 -1.453966667e-05 0.014)
(0.0003996192 -1.74476e-05 0.014)
(0.0004662224 -2.035553333e-05 0.014)
(0.0005328256 -2.326346667e-05 0.014)
(0.0005994288 -2.61714e-05 0.014)
(0.000666032 -2.907933333e-05 0.014)
(0.0007326352 -3.198726667e-05 0.014)
(0.0007992384 -3.48952e-05 0.014)
(0.0008658416 -3.780313333e-05 0.014)
(0.0009324448 -4.071106667e-05 0.014)
(0.000999048 -4.3619e-05 0.014)
(6.66032e-05 2.907933333e-06 0.014)
(0.0001332064 5.815866667e-06 0.014)
(0.0001998096 8.7238e-06 0.014)
(0.0002664128 1.163173333e-05 0.014)
(0.000333016 1.453966667e-05 0.014)
(0.0003996192 1.74476e-05 0.014)
(0.0004662224 2.035553333e-05 0.014)
(0.0005328256 2.326346667e-05 0.014)
(0.0005994288 2.61714e-05 0.014)
(0.000666032 2.907933333e-05 0.014)
(0.0007326352 3.198726667e-05 0.014)
(0.0007992384 3.48952e-05 0.014)
(0.0008658416 3.780313333e-05 0.014)
(0.0009324448 4.071106667e-05 0.014)
(0.000999048 4.3619e-05 0.014)
(0 0 0.0141)
(6.66032e-05 -2.907933333e-06 0.0141)
(0.0001332064 -5.815866667e-06 0.0141)
(0.0001998096 -8.7238e-06 0.0141)
(0.0002664128 -1.163173333e-05 0.0141)
(0.000333016 -1.453966667e-05 0.0141)
(0.0003996192 -1.74476e-05 0.0141)
(0.0004662224 -2.035553333e-05 0.0141)
(0.0005328256 -2.326346667e-05 0.0141)
(0.0005994288 -2.61714e-05 0.0141)
(0.000666032 -2.907933333e-05 0.0141)
(0.0007326352 -3.198726667e-05 0.0141)
(0.0007992384 -3.48952e-05 0.0141)
(0.0008658416 -3.780313333e-05 0.0141)
(0.0009324448 -4.071106667e-05 0.0141)
(0.000999048 -4.3619e-05 0.0141)
(6.66032e-05 2.907933333e-06 0.0141)
(0.0001332064 5.815866667e-06 0.0141)
(0.0001998096 8.7238e-06 0.0141)
(0.0002664128 1.163173333e-05 0.0141)
(0.000333016 1.453966667e-05 0.0141)
(0.0003996192 1.74476e-05 0.0141)
(0.0004662224 2.035553333e-05 0.0141)
(0.0005328256 2.326346667e-05 0.0141)
(0.0005994288 2.61714e-05 0.0141)
(0.000666032 2.907933333e-05 0.0141)
(0.0007326352 3.198726667e-05 0.0141)
(0.0007992384 3.48952e-05 0.0141)
(0.0008658416 3.780313333e-05 0.0141)
(0.0009324448 4.071106667e-05 0.0141)
(0.000999048 4.3619e-05 0.0141)
(0 0 0.0142)
(6.66032e-05 -2.907933333e-06 0.0142)
(0.0001332064 -5.815866667e-06 0.0142)
(0.0001998096 -8.7238e-06 0.0142)
(0.0002664128 -1.163173333e-05 0.0142)
(0.000333016 -1.453966667e-05 0.0142)
(0.0003996192 -1.74476e-05 0.0142)
(0.0004662224 -2.035553333e-05 0.0142)
(0.0005328256 -2.326346667e-05 0.0142)
(0.0005994288 -2.61714e-05 0.0142)
(0.000666032 -2.907933333e-05 0.0142)
(0.0007326352 -3.198726667e-05 0.0142)
(0.0007992384 -3.48952e-05 0.0142)
(0.0008658416 -3.780313333e-05 0.0142)
(0.0009324448 -4.071106667e-05 0.0142)
(0.000999048 -4.3619e-05 0.0142)
(6.66032e-05 2.907933333e-06 0.0142)
(0.0001332064 5.815866667e-06 0.0142)
(0.0001998096 8.7238e-06 0.0142)
(0.0002664128 1.163173333e-05 0.0142)
(0.000333016 1.453966667e-05 0.0142)
(0.0003996192 1.74476e-05 0.0142)
(0.0004662224 2.035553333e-05 0.0142)
(0.0005328256 2.326346667e-05 0.0142)
(0.0005994288 2.61714e-05 0.0142)
(0.000666032 2.907933333e-05 0.0142)
(0.0007326352 3.198726667e-05 0.0142)
(0.0007992384 3.48952e-05 0.0142)
(0.0008658416 3.780313333e-05 0.0142)
(0.0009324448 4.071106667e-05 0.0142)
(0.000999048 4.3619e-05 0.0142)
(0 0 0.0143)
(6.66032e-05 -2.907933333e-06 0.0143)
(0.0001332064 -5.815866667e-06 0.0143)
(0.0001998096 -8.7238e-06 0.0143)
(0.0002664128 -1.163173333e-05 0.0143)
(0.000333016 -1.453966667e-05 0.0143)
(0.0003996192 -1.74476e-05 0.0143)
(0.0004662224 -2.035553333e-05 0.0143)
(0.0005328256 -2.326346667e-05 0.0143)
(0.0005994288 -2.61714e-05 0.0143)
(0.000666032 -2.907933333e-05 0.0143)
(0.0007326352 -3.198726667e-05 0.0143)
(0.0007992384 -3.48952e-05 0.0143)
(0.0008658416 -3.780313333e-05 0.0143)
(0.0009324448 -4.071106667e-05 0.0143)
(0.000999048 -4.3619e-05 0.0143)
(6.66032e-05 2.907933333e-06 0.0143)
(0.0001332064 5.815866667e-06 0.0143)
(0.0001998096 8.7238e-06 0.0143)
(0.0002664128 1.163173333e-05 0.0143)
(0.000333016 1.453966667e-05 0.0143)
(0.0003996192 1.74476e-05 0.0143)
(0.0004662224 2.035553333e-05 0.0143)
(0.0005328256 2.326346667e-05 0.0143)
(0.0005994288 2.61714e-05 0.0143)
(0.000666032 2.907933333e-05 0.0143)
(0.0007326352 3.198726667e-05 0.0143)
(0.0007992384 3.48952e-05 0.0143)
(0.0008658416 3.780313333e-05 0.0143)
(0.0009324448 4.071106667e-05 0.0143)
(0.000999048 4.3619e-05 0.0143)
(0 0 0.0144)
(6.66032e-05 -2.907933333e-06 0.0144)
(0.0001332064 -5.815866667e-06 0.0144)
(0.0001998096 -8.7238e-06 0.0144)
(0.0002664128 -1.163173333e-05 0.0144)
(0.000333016 -1.453966667e-05 0.0144)
(0.0003996192 -1.74476e-05 0.0144)
(0.0004662224 -2.035553333e-05 0.0144)
(0.0005328256 -2.326346667e-05 0.0144)
(0.0005994288 -2.61714e-05 0.0144)
(0.000666032 -2.907933333e-05 0.0144)
(0.0007326352 -3.198726667e-05 0.0144)
(0.0007992384 -3.48952e-05 0.0144)
(0.0008658416 -3.780313333e-05 0.0144)
(0.0009324448 -4.071106667e-05 0.0144)
(0.000999048 -4.3619e-05 0.0144)
(6.66032e-05 2.907933333e-06 0.0144)
(0.0001332064 5.815866667e-06 0.0144)
(0.0001998096 8.7238e-06 0.0144)
(0.0002664128 1.163173333e-05 0.0144)
(0.000333016 1.453966667e-05 0.0144)
(0.0003996192 1.74476e-05 0.0144)
(0.0004662224 2.035553333e-05 0.0144)
(0.0005328256 2.326346667e-05 0.0144)
(0.0005994288 2.61714e-05 0.0144)
(0.000666032 2.907933333e-05 0.0144)
(0.0007326352 3.198726667e-05 0.0144)
(0.0007992384 3.48952e-05 0.0144)
(0.0008658416 3.780313333e-05 0.0144)
(0.0009324448 4.071106667e-05 0.0144)
(0.000999048 4.3619e-05 0.0144)
(0 0 0.0145)
(6.66032e-05 -2.907933333e-06 0.0145)
(0.0001332064 -5.815866667e-06 0.0145)
(0.0001998096 -8.7238e-06 0.0145)
(0.0002664128 -1.163173333e-05 0.0145)
(0.000333016 -1.453966667e-05 0.0145)
(0.0003996192 -1.74476e-05 0.0145)
(0.0004662224 -2.035553333e-05 0.0145)
(0.0005328256 -2.326346667e-05 0.0145)
(0.0005994288 -2.61714e-05 0.0145)
(0.000666032 -2.907933333e-05 0.0145)
(0.0007326352 -3.198726667e-05 0.0145)
(0.0007992384 -3.48952e-05 0.0145)
(0.0008658416 -3.780313333e-05 0.0145)
(0.0009324448 -4.071106667e-05 0.0145)
(0.000999048 -4.3619e-05 0.0145)
(6.66032e-05 2.907933333e-06 0.0145)
(0.0001332064 5.815866667e-06 0.0145)
(0.0001998096 8.7238e-06 0.0145)
(0.0002664128 1.163173333e-05 0.0145)
(0.000333016 1.453966667e-05 0.0145)
(0.0003996192 1.74476e-05 0.0145)
(0.0004662224 2.035553333e-05 0.0145)
(0.0005328256 2.326346667e-05 0.0145)
(0.0005994288 2.61714e-05 0.0145)
(0.000666032 2.907933333e-05 0.0145)
(0.0007326352 3.198726667e-05 0.0145)
(0.0007992384 3.48952e-05 0.0145)
(0.0008658416 3.780313333e-05 0.0145)
(0.0009324448 4.071106667e-05 0.0145)
(0.000999048 4.3619e-05 0.0145)
(0 0 0.0146)
(6.66032e-05 -2.907933333e-06 0.0146)
(0.0001332064 -5.815866667e-06 0.0146)
(0.0001998096 -8.7238e-06 0.0146)
(0.0002664128 -1.163173333e-05 0.0146)
(0.000333016 -1.453966667e-05 0.0146)
(0.0003996192 -1.74476e-05 0.0146)
(0.0004662224 -2.035553333e-05 0.0146)
(0.0005328256 -2.326346667e-05 0.0146)
(0.0005994288 -2.61714e-05 0.0146)
(0.000666032 -2.907933333e-05 0.0146)
(0.0007326352 -3.198726667e-05 0.0146)
(0.0007992384 -3.48952e-05 0.0146)
(0.0008658416 -3.780313333e-05 0.0146)
(0.0009324448 -4.071106667e-05 0.0146)
(0.000999048 -4.3619e-05 0.0146)
(6.66032e-05 2.907933333e-06 0.0146)
(0.0001332064 5.815866667e-06 0.0146)
(0.0001998096 8.7238e-06 0.0146)
(0.0002664128 1.163173333e-05 0.0146)
(0.000333016 1.453966667e-05 0.0146)
(0.0003996192 1.74476e-05 0.0146)
(0.0004662224 2.035553333e-05 0.0146)
(0.0005328256 2.326346667e-05 0.0146)
(0.0005994288 2.61714e-05 0.0146)
(0.000666032 2.907933333e-05 0.0146)
(0.0007326352 3.198726667e-05 0.0146)
(0.0007992384 3.48952e-05 0.0146)
(0.0008658416 3.780313333e-05 0.0146)
(0.0009324448 4.071106667e-05 0.0146)
(0.000999048 4.3619e-05 0.0146)
(0 0 0.0147)
(6.66032e-05 -2.907933333e-06 0.0147)
(0.0001332064 -5.815866667e-06 0.0147)
(0.0001998096 -8.7238e-06 0.0147)
(0.0002664128 -1.163173333e-05 0.0147)
(0.000333016 -1.453966667e-05 0.0147)
(0.0003996192 -1.74476e-05 0.0147)
(0.0004662224 -2.035553333e-05 0.0147)
(0.0005328256 -2.326346667e-05 0.0147)
(0.0005994288 -2.61714e-05 0.0147)
(0.000666032 -2.907933333e-05 0.0147)
(0.0007326352 -3.198726667e-05 0.0147)
(0.0007992384 -3.48952e-05 0.0147)
(0.0008658416 -3.780313333e-05 0.0147)
(0.0009324448 -4.071106667e-05 0.0147)
(0.000999048 -4.3619e-05 0.0147)
(6.66032e-05 2.907933333e-06 0.0147)
(0.0001332064 5.815866667e-06 0.0147)
(0.0001998096 8.7238e-06 0.0147)
(0.0002664128 1.163173333e-05 0.0147)
(0.000333016 1.453966667e-05 0.0147)
(0.0003996192 1.74476e-05 0.0147)
(0.0004662224 2.035553333e-05 0.0147)
(0.0005328256 2.326346667e-05 0.0147)
(0.0005994288 2.61714e-05 0.0147)
(0.000666032 2.907933333e-05 0.0147)
(0.0007326352 3.198726667e-05 0.0147)
(0.0007992384 3.48952e-05 0.0147)
(0.0008658416 3.780313333e-05 0.0147)
(0.0009324448 4.071106667e-05 0.0147)
(0.000999048 4.3619e-05 0.0147)
(0 0 0.0148)
(6.66032e-05 -2.907933333e-06 0.0148)
(0.0001332064 -5.815866667e-06 0.0148)
(0.0001998096 -8.7238e-06 0.0148)
(0.0002664128 -1.163173333e-05 0.0148)
(0.000333016 -1.453966667e-05 0.0148)
(0.0003996192 -1.74476e-05 0.0148)
(0.0004662224 -2.035553333e-05 0.0148)
(0.0005328256 -2.326346667e-05 0.0148)
(0.0005994288 -2.61714e-05 0.0148)
(0.000666032 -2.907933333e-05 0.0148)
(0.0007326352 -3.198726667e-05 0.0148)
(0.0007992384 -3.48952e-05 0.0148)
(0.0008658416 -3.780313333e-05 0.0148)
(0.0009324448 -4.071106667e-05 0.0148)
(0.000999048 -4.3619e-05 0.0148)
(6.66032e-05 2.907933333e-06 0.0148)
(0.0001332064 5.815866667e-06 0.0148)
(0.0001998096 8.7238e-06 0.0148)
(0.0002664128 1.163173333e-05 0.0148)
(0.000333016 1.453966667e-05 0.0148)
(0.0003996192 1.74476e-05 0.0148)
(0.0004662224 2.035553333e-05 0.0148)
(0.0005328256 2.326346667e-05 0.0148)
(0.0005994288 2.61714e-05 0.0148)
(0.000666032 2.907933333e-05 0.0148)
(0.0007326352 3.198726667e-05 0.0148)
(0.0007992384 3.48952e-05 0.0148)
(0.0008658416 3.780313333e-05 0.0148)
(0.0009324448 4.071106667e-05 0.0148)
(0.000999048 4.3619e-05 0.0148)
(0 0 0.0149)
(6.66032e-05 -2.907933333e-06 0.0149)
(0.0001332064 -5.815866667e-06 0.0149)
(0.0001998096 -8.7238e-06 0.0149)
(0.0002664128 -1.163173333e-05 0.0149)
(0.000333016 -1.453966667e-05 0.0149)
(0.0003996192 -1.74476e-05 0.0149)
(0.0004662224 -2.035553333e-05 0.0149)
(0.0005328256 -2.326346667e-05 0.0149)
(0.0005994288 -2.61714e-05 0.0149)
(0.000666032 -2.907933333e-05 0.0149)
(0.0007326352 -3.198726667e-05 0.0149)
(0.0007992384 -3.48952e-05 0.0149)
(0.0008658416 -3.780313333e-05 0.0149)
(0.0009324448 -4.071106667e-05 0.0149)
(0.000999048 -4.3619e-05 0.0149)
(6.66032e-05 2.907933333e-06 0.0149)
(0.0001332064 5.815866667e-06 0.0149)
(0.0001998096 8.7238e-06 0.0149)
(0.0002664128 1.163173333e-05 0.0149)
(0.000333016 1.453966667e-05 0.0149)
(0.0003996192 1.74476e-05 0.0149)
(0.0004662224 2.035553333e-05 0.0149)
(0.0005328256 2.326346667e-05 0.0149)
(0.0005994288 2.61714e-05 0.0149)
(0.000666032 2.907933333e-05 0.0149)
(0.0007326352 3.198726667e-05 0.0149)
(0.0007992384 3.48952e-05 0.0149)
(0.0008658416 3.780313333e-05 0.0149)
(0.0009324448 4.071106667e-05 0.0149)
(0.000999048 4.3619e-05 0.0149)
(0 0 0.015)
(6.66032e-05 -2.907933333e-06 0.015)
(0.0001332064 -5.815866667e-06 0.015)
(0.0001998096 -8.7238e-06 0.015)
(0.0002664128 -1.163173333e-05 0.015)
(0.000333016 -1.453966667e-05 0.015)
(0.0003996192 -1.74476e-05 0.015)
(0.0004662224 -2.035553333e-05 0.015)
(0.0005328256 -2.326346667e-05 0.015)
(0.0005994288 -2.61714e-05 0.015)
(0.000666032 -2.907933333e-05 0.015)
(0.0007326352 -3.198726667e-05 0.015)
(0.0007992384 -3.48952e-05 0.015)
(0.0008658416 -3.780313333e-05 0.015)
(0.0009324448 -4.071106667e-05 0.015)
(0.000999048 -4.3619e-05 0.015)
(6.66032e-05 2.907933333e-06 0.015)
(0.0001332064 5.815866667e-06 0.015)
(0.0001998096 8.7238e-06 0.015)
(0.0002664128 1.163173333e-05 0.015)
(0.000333016 1.453966667e-05 0.015)
(0.0003996192 1.74476e-05 0.015)
(0.0004662224 2.035553333e-05 0.015)
(0.0005328256 2.326346667e-05 0.015)
(0.0005994288 2.61714e-05 0.015)
(0.000666032 2.907933333e-05 0.015)
(0.0007326352 3.198726667e-05 0.015)
(0.0007992384 3.48952e-05 0.015)
(0.0008658416 3.780313333e-05 0.015)
(0.0009324448 4.071106667e-05 0.015)
(0.000999048 4.3619e-05 0.015)
(0.00109895285 -4.798095e-05 0.005)
(0.0011988577 -5.23429e-05 0.005)
(0.00129876255 -5.670485e-05 0.005)
(0.0013986674 -6.10668e-05 0.005)
(0.00149857225 -6.542875e-05 0.005)
(0.0015984771 -6.97907e-05 0.005)
(0.00169838195 -7.415265e-05 0.005)
(0.0017982868 -7.85146e-05 0.005)
(0.00189819165 -8.287655e-05 0.005)
(0.0019980965 -8.72385e-05 0.005)
(0.00209800135 -9.160045e-05 0.005)
(0.0021979062 -9.59624e-05 0.005)
(0.00229781105 -0.00010032435 0.005)
(0.0023977159 -0.0001046863 0.005)
(0.00249762075 -0.00010904825 0.005)
(0.0025975256 -0.0001134102 0.005)
(0.00269743045 -0.00011777215 0.005)
(0.0027973353 -0.0001221341 0.005)
(0.00289724015 -0.00012649605 0.005)
(0.002997145 -0.000130858 0.005)
(0.00109895285 4.798095e-05 0.005)
(0.0011988577 5.23429e-05 0.005)
(0.00129876255 5.670485e-05 0.005)
(0.0013986674 6.10668e-05 0.005)
(0.00149857225 6.542875e-05 0.005)
(0.0015984771 6.97907e-05 0.005)
(0.00169838195 7.415265e-05 0.005)
(0.0017982868 7.85146e-05 0.005)
(0.00189819165 8.287655e-05 0.005)
(0.0019980965 8.72385e-05 0.005)
(0.00209800135 9.160045e-05 0.005)
(0.0021979062 9.59624e-05 0.005)
(0.00229781105 0.00010032435 0.005)
(0.0023977159 0.0001046863 0.005)
(0.00249762075 0.00010904825 0.005)
(0.0025975256 0.0001134102 0.005)
(0.00269743045 0.00011777215 0.005)
(0.0027973353 0.0001221341 0.005)
(0.00289724015 0.00012649605 0.005)
(0.002997145 0.000130858 0.005)
(0.00109895285 -4.798095e-05 0.0051)
(0.0011988577 -5.23429e-05 0.0051)
(0.00129876255 -5.670485e-05 0.0051)
(0.0013986674 -6.10668e-05 0.0051)
(0.00149857225 -6.542875e-05 0.0051)
(0.0015984771 -6.97907e-05 0.0051)
(0.00169838195 -7.415265e-05 0.0051)
(0.0017982868 -7.85146e-05 0.0051)
(0.00189819165 -8.287655e-05 0.0051)
(0.0019980965 -8.72385e-05 0.0051)
(0.00209800135 -9.160045e-05 0.0051)
(0.0021979062 -9.59624e-05 0.0051)
(0.00229781105 -0.00010032435 0.0051)
(0.0023977159 -0.0001046863 0.0051)
(0.00249762075 -0.00010904825 0.0051)
(0.0025975256 -0.0001134102 0.0051)
(0.00269743045 -0.00011777215 0.0051)
(0.0027973353 -0.0001221341 0.0051)
(0.00289724015 -0.00012649605 0.0051)
(0.002997145 -0.000130858 0.0051)
(0.00109895285 4.798095e-05 0.0051)
(0.0011988577 5.23429e-05 0.0051)
(0.00129876255 5.670485e-05 0.0051)
(0.0013986674 6.10668e-05 0.0051)
(0.00149857225 6.542875e-05 0.0051)
(0.0015984771 6.97907e-05 0.0051)
(0.00169838195 7.415265e-05 0.0051)
(0.0017982868 7.85146e-05 0.0051)
(0.00189819165 8.287655e-05 0.0051)
(0.0019980965 8.72385e-05 0.0051)
(0.00209800135 9.160045e-05 0.0051)
(0.0021979062 9.59624e-05 0.0051)
(0.00229781105 0.00010032435 0.0051)
(0.0023977159 0.0001046863 0.0051)
(0.00249762075 0.00010904825 0.0051)
(0.0025975256 0.0001134102 0.0051)
(0.00269743045 0.00011777215 0.0051)
(0.0027973353 0.0001221341 0.0051)
(0.00289724015 0.00012649605 0.0051)
(0.002997145 0.000130858 0.0051)
(0.00109895285 -4.798095e-05 0.0052)
(0.0011988577 -5.23429e-05 0.0052)
(0.00129876255 -5.670485e-05 0.0052)
(0.0013986674 -6.10668e-05 0.0052)
(0.00149857225 -6.542875e-05 0.0052)
(0.0015984771 -6.97907e-05 0.0052)
(0.00169838195 -7.415265e-05 0.0052)
(0.0017982868 -7.85146e-05 0.0052)
(0.00189819165 -8.287655e-05 0.0052)
(0.0019980965 -8.72385e-05 0.0052)
(0.00209800135 -9.160045e-05 0.0052)
(0.0021979062 -9.59624e-05 0.0052)
(0.00229781105 -0.00010032435 0.0052)
(0.0023977159 -0.0001046863 0.0052)
(0.00249762075 -0.00010904825 0.0052)
(0.0025975256 -0.0001134102 0.0052)
(0.00269743045 -0.00011777215 0.0052)
(0.0027973353 -0.0001221341 0.0052)
(0.00289724015 -0.00012649605 0.0052)
(0.002997145 -0.000130858 0.0052)
(0.00109895285 4.798095e-05 0.0052)
(0.0011988577 5.23429e-05 0.0052)
(0.00129876255 5.670485e-05 0.0052)
(0.0013986674 6.10668e-05 0.0052)
(0.00149857225 6.542875e-05 0.0052)
(0.0015984771 6.97907e-05 0.0052)
(0.00169838195 7.415265e-05 0.0052)
(0.0017982868 7.85146e-05 0.0052)
(0.00189819165 8.287655e-05 0.0052)
(0.0019980965 8.72385e-05 0.0052)
(0.00209800135 9.160045e-05 0.0052)
(0.0021979062 9.59624e-05 0.0052)
(0.00229781105 0.00010032435 0.0052)
(0.0023977159 0.0001046863 0.0052)
(0.00249762075 0.00010904825 0.0052)
(0.0025975256 0.0001134102 0.0052)
(0.00269743045 0.00011777215 0.0052)
(0.0027973353 0.0001221341 0.0052)
(0.00289724015 0.00012649605 0.0052)
(0.002997145 0.000130858 0.0052)
(0.00109895285 -4.798095e-05 0.0053)
(0.0011988577 -5.23429e-05 0.0053)
(0.00129876255 -5.670485e-05 0.0053)
(0.0013986674 -6.10668e-05 0.0053)
(0.00149857225 -6.542875e-05 0.0053)
(0.0015984771 -6.97907e-05 0.0053)
(0.00169838195 -7.415265e-05 0.0053)
(0.0017982868 -7.85146e-05 0.0053)
(0.00189819165 -8.287655e-05 0.0053)
(0.0019980965 -8.72385e-05 0.0053)
(0.00209800135 -9.160045e-05 0.0053)
(0.0021979062 -9.59624e-05 0.0053)
(0.00229781105 -0.00010032435 0.0053)
(0.0023977159 -0.0001046863 0.0053)
(0.00249762075 -0.00010904825 0.0053)
(0.0025975256 -0.0001134102 0.0053)
(0.00269743045 -0.00011777215 0.0053)
(0.0027973353 -0.0001221341 0.0053)
(0.00289724015 -0.00012649605 0.0053)
(0.002997145 -0.000130858 0.0053)
(0.00109895285 4.798095e-05 0.0053)
(0.0011988577 5.23429e-05 0.0053)
(0.00129876255 5.670485e-05 0.0053)
(0.0013986674 6.10668e-05 0.0053)
(0.00149857225 6.542875e-05 0.0053)
(0.0015984771 6.97907e-05 0.0053)
(0.00169838195 7.415265e-05 0.0053)
(0.0017982868 7.85146e-05 0.0053)
(0.00189819165 8.287655e-05 0.0053)
(0.0019980965 8.72385e-05 0.0053)
(0.00209800135 9.160045e-05 0.0053)
(0.0021979062 9.59624e-05 0.0053)
(0.00229781105 0.00010032435 0.0053)
(0.0023977159 0.0001046863 0.0053)
(0.00249762075 0.00010904825 0.0053)
(0.0025975256 0.0001134102 0.0053)
(0.00269743045 0.00011777215 0.0053)
(0.0027973353 0.0001221341 0.0053)
(0.00289724015 0.00012649605 0.0053)
(0.002997145 0.000130858 0.0053)
(0.00109895285 -4.798095e-05 0.0054)
(0.0011988577 -5.23429e-05 0.0054)
(0.00129876255 -5.670485e-05 0.0054)
(0.0013986674 -6.10668e-05 0.0054)
(0.00149857225 -6.542875e-05 0.0054)
(0.0015984771 -6.97907e-05 0.0054)
(0.00169838195 -7.415265e-05 0.0054)
(0.0017982868 -7.85146e-05 0.0054)
(0.00189819165 -8.287655e-05 0.0054)
(0.0019980965 -8.72385e-05 0.0054)
(0.00209800135 -9.160045e-05 0.0054)
(0.0021979062 -9.59624e-05 0.0054)
(0.00229781105 -0.00010032435 0.0054)
(0.0023977159 -0.0001046863 0.0054)
(0.00249762075 -0.00010904825 0.0054)
(0.0025975256 -0.0001134102 0.0054)
(0.00269743045 -0.00011777215 0.0054)
(0.0027973353 -0.0001221341 0.0054)
(0.00289724015 -0.00012649605 0.0054)
(0.002997145 -0.000130858 0.0054)
(0.00109895285 4.798095e-05 0.0054)
(0.0011988577 5.23429e-05 0.0054)
(0.00129876255 5.670485e-05 0.0054)
(0.0013986674 6.10668e-05 0.0054)
(0.00149857225 6.542875e-05 0.0054)
(0.0015984771 6.97907e-05 0.0054)
(0.00169838195 7.415265e-05 0.0054)
(0.0017982868 7.85146e-05 0.0054)
(0.00189819165 8.287655e-05 0.0054)
(0.0019980965 8.72385e-05 0.0054)
(0.00209800135 9.160045e-05 0.0054)
(0.0021979062 9.59624e-05 0.0054)
(0.00229781105 0.00010032435 0.0054)
(0.0023977159 0.0001046863 0.0054)
(0.00249762075 0.00010904825 0.0054)
(0.0025975256 0.0001134102 0.0054)
(0.00269743045 0.00011777215 0.0054)
(0.0027973353 0.0001221341 0.0054)
(0.00289724015 0.00012649605 0.0054)
(0.002997145 0.000130858 0.0054)
(0.00109895285 -4.798095e-05 0.0055)
(0.0011988577 -5.23429e-05 0.0055)
(0.00129876255 -5.670485e-05 0.0055)
(0.0013986674 -6.10668e-05 0.0055)
(0.00149857225 -6.542875e-05 0.0055)
(0.0015984771 -6.97907e-05 0.0055)
(0.00169838195 -7.415265e-05 0.0055)
(0.0017982868 -7.85146e-05 0.0055)
(0.00189819165 -8.287655e-05 0.0055)
(0.0019980965 -8.72385e-05 0.0055)
(0.00209800135 -9.160045e-05 0.0055)
(0.0021979062 -9.59624e-05 0.0055)
(0.00229781105 -0.00010032435 0.0055)
(0.0023977159 -0.0001046863 0.0055)
(0.00249762075 -0.00010904825 0.0055)
(0.0025975256 -0.0001134102 0.0055)
(0.00269743045 -0.00011777215 0.0055)
(0.0027973353 -0.0001221341 0.0055)
(0.00289724015 -0.00012649605 0.0055)
(0.002997145 -0.000130858 0.0055)
(0.00109895285 4.798095e-05 0.0055)
(0.0011988577 5.23429e-05 0.0055)
(0.00129876255 5.670485e-05 0.0055)
(0.0013986674 6.10668e-05 0.0055)
(0.00149857225 6.542875e-05 0.0055)
(0.0015984771 6.97907e-05 0.0055)
(0.00169838195 7.415265e-05 0.0055)
(0.0017982868 7.85146e-05 0.0055)
(0.00189819165 8.287655e-05 0.0055)
(0.0019980965 8.72385e-05 0.0055)
(0.00209800135 9.160045e-05 0.0055)
(0.0021979062 9.59624e-05 0.0055)
(0.00229781105 0.00010032435 0.0055)
(0.0023977159 0.0001046863 0.0055)
(0.00249762075 0.00010904825 0.0055)
(0.0025975256 0.0001134102 0.0055)
(0.00269743045 0.00011777215 0.0055)
(0.0027973353 0.0001221341 0.0055)
(0.00289724015 0.00012649605 0.0055)
(0.002997145 0.000130858 0.0055)
(0.00109895285 -4.798095e-05 0.0056)
(0.0011988577 -5.23429e-05 0.0056)
(0.00129876255 -5.670485e-05 0.0056)
(0.0013986674 -6.10668e-05 0.0056)
(0.00149857225 -6.542875e-05 0.0056)
(0.0015984771 -6.97907e-05 0.0056)
(0.00169838195 -7.415265e-05 0.0056)
(0.0017982868 -7.85146e-05 0.0056)
(0.00189819165 -8.287655e-05 0.0056)
(0.0019980965 -8.72385e-05 0.0056)
(0.00209800135 -9.160045e-05 0.0056)
(0.0021979062 -9.59624e-05 0.0056)
(0.00229781105 -0.00010032435 0.0056)
(0.0023977159 -0.0001046863 0.0056)
(0.00249762075 -0.00010904825 0.0056)
(0.0025975256 -0.0001134102 0.0056)
(0.00269743045 -0.00011777215 0.0056)
(0.0027973353 -0.0001221341 0.0056)
(0.00289724015 -0.00012649605 0.0056)
(0.002997145 -0.000130858 0.0056)
(0.00109895285 4.798095e-05 0.0056)
(0.0011988577 5.23429e-05 0.0056)
(0.00129876255 5.670485e-05 0.0056)
(0.0013986674 6.10668e-05 0.0056)
(0.00149857225 6.542875e-05 0.0056)
(0.0015984771 6.97907e-05 0.0056)
(0.00169838195 7.415265e-05 0.0056)
(0.0017982868 7.85146e-05 0.0056)
(0.00189819165 8.287655e-05 0.0056)
(0.0019980965 8.72385e-05 0.0056)
(0.00209800135 9.160045e-05 0.0056)
(0.0021979062 9.59624e-05 0.0056)
(0.00229781105 0.00010032435 0.0056)
(0.0023977159 0.0001046863 0.0056)
(0.00249762075 0.00010904825 0.0056)
(0.0025975256 0.0001134102 0.0056)
(0.00269743045 0.00011777215 0.0056)
(0.0027973353 0.0001221341 0.0056)
(0.00289724015 0.00012649605 0.0056)
(0.002997145 0.000130858 0.0056)
(0.00109895285 -4.798095e-05 0.0057)
(0.0011988577 -5.23429e-05 0.0057)
(0.00129876255 -5.670485e-05 0.0057)
(0.0013986674 -6.10668e-05 0.0057)
(0.00149857225 -6.542875e-05 0.0057)
(0.0015984771 -6.97907e-05 0.0057)
(0.00169838195 -7.415265e-05 0.0057)
(0.0017982868 -7.85146e-05 0.0057)
(0.00189819165 -8.287655e-05 0.0057)
(0.0019980965 -8.72385e-05 0.0057)
(0.00209800135 -9.160045e-05 0.0057)
(0.0021979062 -9.59624e-05 0.0057)
(0.00229781105 -0.00010032435 0.0057)
(0.0023977159 -0.0001046863 0.0057)
(0.00249762075 -0.00010904825 0.0057)
(0.0025975256 -0.0001134102 0.0057)
(0.00269743045 -0.00011777215 0.0057)
(0.0027973353 -0.0001221341 0.0057)
(0.00289724015 -0.00012649605 0.0057)
(0.002997145 -0.000130858 0.0057)
(0.00109895285 4.798095e-05 0.0057)
(0.0011988577 5.23429e-05 0.0057)
(0.00129876255 5.670485e-05 0.0057)
(0.0013986674 6.10668e-05 0.0057)
(0.00149857225 6.542875e-05 0.0057)
(0.0015984771 6.97907e-05 0.0057)
(0.00169838195 7.415265e-05 0.0057)
(0.0017982868 7.85146e-05 0.0057)
(0.00189819165 8.287655e-05 0.0057)
(0.0019980965 8.72385e-05 0.0057)
(0.00209800135 9.160045e-05 0.0057)
(0.0021979062 9.59624e-05 0.0057)
(0.00229781105 0.00010032435 0.0057)
(0.0023977159 0.0001046863 0.0057)
(0.00249762075 0.00010904825 0.0057)
(0.0025975256 0.0001134102 0.0057)
(0.00269743045 0.00011777215 0.0057)
(0.0027973353 0.0001221341 0.0057)
(0.00289724015 0.00012649605 0.0057)
(0.002997145 0.000130858 0.0057)
(0.00109895285 -4.798095e-05 0.0058)
(0.0011988577 -5.23429e-05 0.0058)
(0.00129876255 -5.670485e-05 0.0058)
(0.0013986674 -6.10668e-05 0.0058)
(0.00149857225 -6.542875e-05 0.0058)
(0.0015984771 -6.97907e-05 0.0058)
(0.00169838195 -7.415265e-05 0.0058)
(0.0017982868 -7.85146e-05 0.0058)
(0.00189819165 -8.287655e-05 0.0058)
(0.0019980965 -8.72385e-05 0.0058)
(0.00209800135 -9.160045e-05 0.0058)
(0.0021979062 -9.59624e-05 0.0058)
(0.00229781105 -0.00010032435 0.0058)
(0.0023977159 -0.0001046863 0.0058)
(0.00249762075 -0.00010904825 0.0058)
(0.0025975256 -0.0001134102 0.0058)
(0.00269743045 -0.00011777215 0.0058)
(0.0027973353 -0.0001221341 0.0058)
(0.00289724015 -0.00012649605 0.0058)
(0.002997145 -0.000130858 0.0058)
(0.00109895285 4.798095e-05 0.0058)
(0.0011988577 5.23429e-05 0.0058)
(0.00129876255 5.670485e-05 0.0058)
(0.0013986674 6.10668e-05 0.0058)
(0.00149857225 6.542875e-05 0.0058)
(0.0015984771 6.97907e-05 0.0058)
(0.00169838195 7.415265e-05 0.0058)
(0.0017982868 7.85146e-05 0.0058)
(0.00189819165 8.287655e-05 0.0058)
(0.0019980965 8.72385e-05 0.0058)
(0.00209800135 9.160045e-05 0.0058)
(0.0021979062 9.59624e-05 0.0058)
(0.00229781105 0.00010032435 0.0058)
(0.0023977159 0.0001046863 0.0058)
(0.00249762075 0.00010904825 0.0058)
(0.0025975256 0.0001134102 0.0058)
(0.00269743045 0.00011777215 0.0058)
(0.0027973353 0.0001221341 0.0058)
(0.00289724015 0.00012649605 0.0058)
(0.002997145 0.000130858 0.0058)
(0.00109895285 -4.798095e-05 0.0059)
(0.0011988577 -5.23429e-05 0.0059)
(0.00129876255 -5.670485e-05 0.0059)
(0.0013986674 -6.10668e-05 0.0059)
(0.00149857225 -6.542875e-05 0.0059)
(0.0015984771 -6.97907e-05 0.0059)
(0.00169838195 -7.415265e-05 0.0059)
(0.0017982868 -7.85146e-05 0.0059)
(0.00189819165 -8.287655e-05 0.0059)
(0.0019980965 -8.72385e-05 0.0059)
(0.00209800135 -9.160045e-05 0.0059)
(0.0021979062 -9.59624e-05 0.0059)
(0.00229781105 -0.00010032435 0.0059)
(0.0023977159 -0.0001046863 0.0059)
(0.00249762075 -0.00010904825 0.0059)
(0.0025975256 -0.0001134102 0.0059)
(0.00269743045 -0.00011777215 0.0059)
(0.0027973353 -0.0001221341 0.0059)
(0.00289724015 -0.00012649605 0.0059)
(0.002997145 -0.000130858 0.0059)
(0.00109895285 4.798095e-05 0.0059)
(0.0011988577 5.23429e-05 0.0059)
(0.00129876255 5.670485e-05 0.0059)
(0.0013986674 6.10668e-05 0.0059)
(0.00149857225 6.542875e-05 0.0059)
(0.0015984771 6.97907e-05 0.0059)
(0.00169838195 7.415265e-05 0.0059)
(0.0017982868 7.85146e-05 0.0059)
(0.00189819165 8.287655e-05 0.0059)
(0.0019980965 8.72385e-05 0.0059)
(0.00209800135 9.160045e-05 0.0059)
(0.0021979062 9.59624e-05 0.0059)
(0.00229781105 0.00010032435 0.0059)
(0.0023977159 0.0001046863 0.0059)
(0.00249762075 0.00010904825 0.0059)
(0.0025975256 0.0001134102 0.0059)
(0.00269743045 0.00011777215 0.0059)
(0.0027973353 0.0001221341 0.0059)
(0.00289724015 0.00012649605 0.0059)
(0.002997145 0.000130858 0.0059)
(0.00109895285 -4.798095e-05 0.006)
(0.0011988577 -5.23429e-05 0.006)
(0.00129876255 -5.670485e-05 0.006)
(0.0013986674 -6.10668e-05 0.006)
(0.00149857225 -6.542875e-05 0.006)
(0.0015984771 -6.97907e-05 0.006)
(0.00169838195 -7.415265e-05 0.006)
(0.0017982868 -7.85146e-05 0.006)
(0.00189819165 -8.287655e-05 0.006)
(0.0019980965 -8.72385e-05 0.006)
(0.00209800135 -9.160045e-05 0.006)
(0.0021979062 -9.59624e-05 0.006)
(0.00229781105 -0.00010032435 0.006)
(0.0023977159 -0.0001046863 0.006)
(0.00249762075 -0.00010904825 0.006)
(0.0025975256 -0.0001134102 0.006)
(0.00269743045 -0.00011777215 0.006)
(0.0027973353 -0.0001221341 0.006)
(0.00289724015 -0.00012649605 0.006)
(0.002997145 -0.000130858 0.006)
(0.00109895285 4.798095e-05 0.006)
(0.0011988577 5.23429e-05 0.006)
(0.00129876255 5.670485e-05 0.006)
(0.0013986674 6.10668e-05 0.006)
(0.00149857225 6.542875e-05 0.006)
(0.0015984771 6.97907e-05 0.006)
(0.00169838195 7.415265e-05 0.006)
(0.0017982868 7.85146e-05 0.006)
(0.00189819165 8.287655e-05 0.006)
(0.0019980965 8.72385e-05 0.006)
(0.00209800135 9.160045e-05 0.006)
(0.0021979062 9.59624e-05 0.006)
(0.00229781105 0.00010032435 0.006)
(0.0023977159 0.0001046863 0.006)
(0.00249762075 0.00010904825 0.006)
(0.0025975256 0.0001134102 0.006)
(0.00269743045 0.00011777215 0.006)
(0.0027973353 0.0001221341 0.006)
(0.00289724015 0.00012649605 0.006)
(0.002997145 0.000130858 0.006)
(0.00109895285 -4.798095e-05 0.0061)
(0.0011988577 -5.23429e-05 0.0061)
(0.00129876255 -5.670485e-05 0.0061)
(0.0013986674 -6.10668e-05 0.0061)
(0.00149857225 -6.542875e-05 0.0061)
(0.0015984771 -6.97907e-05 0.0061)
(0.00169838195 -7.415265e-05 0.0061)
(0.0017982868 -7.85146e-05 0.0061)
(0.00189819165 -8.287655e-05 0.0061)
(0.0019980965 -8.72385e-05 0.0061)
(0.00209800135 -9.160045e-05 0.0061)
(0.0021979062 -9.59624e-05 0.0061)
(0.00229781105 -0.00010032435 0.0061)
(0.0023977159 -0.0001046863 0.0061)
(0.00249762075 -0.00010904825 0.0061)
(0.0025975256 -0.0001134102 0.0061)
(0.00269743045 -0.00011777215 0.0061)
(0.0027973353 -0.0001221341 0.0061)
(0.00289724015 -0.00012649605 0.0061)
(0.002997145 -0.000130858 0.0061)
(0.00109895285 4.798095e-05 0.0061)
(0.0011988577 5.23429e-05 0.0061)
(0.00129876255 5.670485e-05 0.0061)
(0.0013986674 6.10668e-05 0.0061)
(0.00149857225 6.542875e-05 0.0061)
(0.0015984771 6.97907e-05 0.0061)
(0.00169838195 7.415265e-05 0.0061)
(0.0017982868 7.85146e-05 0.0061)
(0.00189819165 8.287655e-05 0.0061)
(0.0019980965 8.72385e-05 0.0061)
(0.00209800135 9.160045e-05 0.0061)
(0.0021979062 9.59624e-05 0.0061)
(0.00229781105 0.00010032435 0.0061)
(0.0023977159 0.0001046863 0.0061)
(0.00249762075 0.00010904825 0.0061)
(0.0025975256 0.0001134102 0.0061)
(0.00269743045 0.00011777215 0.0061)
(0.0027973353 0.0001221341 0.0061)
(0.00289724015 0.00012649605 0.0061)
(0.002997145 0.000130858 0.0061)
(0.00109895285 -4.798095e-05 0.0062)
(0.0011988577 -5.23429e-05 0.0062)
(0.00129876255 -5.670485e-05 0.0062)
(0.0013986674 -6.10668e-05 0.0062)
(0.00149857225 -6.542875e-05 0.0062)
(0.0015984771 -6.97907e-05 0.0062)
(0.00169838195 -7.415265e-05 0.0062)
(0.0017982868 -7.85146e-05 0.0062)
(0.00189819165 -8.287655e-05 0.0062)
(0.0019980965 -8.72385e-05 0.0062)
(0.00209800135 -9.160045e-05 0.0062)
(0.0021979062 -9.59624e-05 0.0062)
(0.00229781105 -0.00010032435 0.0062)
(0.0023977159 -0.0001046863 0.0062)
(0.00249762075 -0.00010904825 0.0062)
(0.0025975256 -0.0001134102 0.0062)
(0.00269743045 -0.00011777215 0.0062)
(0.0027973353 -0.0001221341 0.0062)
(0.00289724015 -0.00012649605 0.0062)
(0.002997145 -0.000130858 0.0062)
(0.00109895285 4.798095e-05 0.0062)
(0.0011988577 5.23429e-05 0.0062)
(0.00129876255 5.670485e-05 0.0062)
(0.0013986674 6.10668e-05 0.0062)
(0.00149857225 6.542875e-05 0.0062)
(0.0015984771 6.97907e-05 0.0062)
(0.00169838195 7.415265e-05 0.0062)
(0.0017982868 7.85146e-05 0.0062)
(0.00189819165 8.287655e-05 0.0062)
(0.0019980965 8.72385e-05 0.0062)
(0.00209800135 9.160045e-05 0.0062)
(0.0021979062 9.59624e-05 0.0062)
(0.00229781105 0.00010032435 0.0062)
(0.0023977159 0.0001046863 0.0062)
(0.00249762075 0.00010904825 0.0062)
(0.0025975256 0.0001134102 0.0062)
(0.00269743045 0.00011777215 0.0062)
(0.0027973353 0.0001221341 0.0062)
(0.00289724015 0.00012649605 0.0062)
(0.002997145 0.000130858 0.0062)
(0.00109895285 -4.798095e-05 0.0063)
(0.0011988577 -5.23429e-05 0.0063)
(0.00129876255 -5.670485e-05 0.0063)
(0.0013986674 -6.10668e-05 0.0063)
(0.00149857225 -6.542875e-05 0.0063)
(0.0015984771 -6.97907e-05 0.0063)
(0.00169838195 -7.415265e-05 0.0063)
(0.0017982868 -7.85146e-05 0.0063)
(0.00189819165 -8.287655e-05 0.0063)
(0.0019980965 -8.72385e-05 0.0063)
(0.00209800135 -9.160045e-05 0.0063)
(0.0021979062 -9.59624e-05 0.0063)
(0.00229781105 -0.00010032435 0.0063)
(0.0023977159 -0.0001046863 0.0063)
(0.00249762075 -0.00010904825 0.0063)
(0.0025975256 -0.0001134102 0.0063)
(0.00269743045 -0.00011777215 0.0063)
(0.0027973353 -0.0001221341 0.0063)
(0.00289724015 -0.00012649605 0.0063)
(0.002997145 -0.000130858 0.0063)
(0.00109895285 4.798095e-05 0.0063)
(0.0011988577 5.23429e-05 0.0063)
(0.00129876255 5.670485e-05 0.0063)
(0.0013986674 6.10668e-05 0.0063)
(0.00149857225 6.542875e-05 0.0063)
(0.0015984771 6.97907e-05 0.0063)
(0.00169838195 7.415265e-05 0.0063)
(0.0017982868 7.85146e-05 0.0063)
(0.00189819165 8.287655e-05 0.0063)
(0.0019980965 8.72385e-05 0.0063)
(0.00209800135 9.160045e-05 0.0063)
(0.0021979062 9.59624e-05 0.0063)
(0.00229781105 0.00010032435 0.0063)
(0.0023977159 0.0001046863 0.0063)
(0.00249762075 0.00010904825 0.0063)
(0.0025975256 0.0001134102 0.0063)
(0.00269743045 0.00011777215 0.0063)
(0.0027973353 0.0001221341 0.0063)
(0.00289724015 0.00012649605 0.0063)
(0.002997145 0.000130858 0.0063)
(0.00109895285 -4.798095e-05 0.0064)
(0.0011988577 -5.23429e-05 0.0064)
(0.00129876255 -5.670485e-05 0.0064)
(0.0013986674 -6.10668e-05 0.0064)
(0.00149857225 -6.542875e-05 0.0064)
(0.0015984771 -6.97907e-05 0.0064)
(0.00169838195 -7.415265e-05 0.0064)
(0.0017982868 -7.85146e-05 0.0064)
(0.00189819165 -8.287655e-05 0.0064)
(0.0019980965 -8.72385e-05 0.0064)
(0.00209800135 -9.160045e-05 0.0064)
(0.0021979062 -9.59624e-05 0.0064)
(0.00229781105 -0.00010032435 0.0064)
(0.0023977159 -0.0001046863 0.0064)
(0.00249762075 -0.00010904825 0.0064)
(0.0025975256 -0.0001134102 0.0064)
(0.00269743045 -0.00011777215 0.0064)
(0.0027973353 -0.0001221341 0.0064)
(0.00289724015 -0.00012649605 0.0064)
(0.002997145 -0.000130858 0.0064)
(0.00109895285 4.798095e-05 0.0064)
(0.0011988577 5.23429e-05 0.0064)
(0.00129876255 5.670485e-05 0.0064)
(0.0013986674 6.10668e-05 0.0064)
(0.00149857225 6.542875e-05 0.0064)
(0.0015984771 6.97907e-05 0.0064)
(0.00169838195 7.415265e-05 0.0064)
(0.0017982868 7.85146e-05 0.0064)
(0.00189819165 8.287655e-05 0.0064)
(0.0019980965 8.72385e-05 0.0064)
(0.00209800135 9.160045e-05 0.0064)
(0.0021979062 9.59624e-05 0.0064)
(0.00229781105 0.00010032435 0.0064)
(0.0023977159 0.0001046863 0.0064)
(0.00249762075 0.00010904825 0.0064)
(0.0025975256 0.0001134102 0.0064)
(0.00269743045 0.00011777215 0.0064)
(0.0027973353 0.0001221341 0.0064)
(0.00289724015 0.00012649605 0.0064)
(0.002997145 0.000130858 0.0064)
(0.00109895285 -4.798095e-05 0.0065)
(0.0011988577 -5.23429e-05 0.0065)
(0.00129876255 -5.670485e-05 0.0065)
(0.0013986674 -6.10668e-05 0.0065)
(0.00149857225 -6.542875e-05 0.0065)
(0.0015984771 -6.97907e-05 0.0065)
(0.00169838195 -7.415265e-05 0.0065)
(0.0017982868 -7.85146e-05 0.0065)
(0.00189819165 -8.287655e-05 0.0065)
(0.0019980965 -8.72385e-05 0.0065)
(0.00209800135 -9.160045e-05 0.0065)
(0.0021979062 -9.59624e-05 0.0065)
(0.00229781105 -0.00010032435 0.0065)
(0.0023977159 -0.0001046863 0.0065)
(0.00249762075 -0.00010904825 0.0065)
(0.0025975256 -0.0001134102 0.0065)
(0.00269743045 -0.00011777215 0.0065)
(0.0027973353 -0.0001221341 0.0065)
(0.00289724015 -0.00012649605 0.0065)
(0.002997145 -0.000130858 0.0065)
(0.00109895285 4.798095e-05 0.0065)
(0.0011988577 5.23429e-05 0.0065)
(0.00129876255 5.670485e-05 0.0065)
(0.0013986674 6.10668e-05 0.0065)
(0.00149857225 6.542875e-05 0.0065)
(0.0015984771 6.97907e-05 0.0065)
(0.00169838195 7.415265e-05 0.0065)
(0.0017982868 7.85146e-05 0.0065)
(0.00189819165 8.287655e-05 0.0065)
(0.0019980965 8.72385e-05 0.0065)
(0.00209800135 9.160045e-05 0.0065)
(0.0021979062 9.59624e-05 0.0065)
(0.00229781105 0.00010032435 0.0065)
(0.0023977159 0.0001046863 0.0065)
(0.00249762075 0.00010904825 0.0065)
(0.0025975256 0.0001134102 0.0065)
(0.00269743045 0.00011777215 0.0065)
(0.0027973353 0.0001221341 0.0065)
(0.00289724015 0.00012649605 0.0065)
(0.002997145 0.000130858 0.0065)
(0.00109895285 -4.798095e-05 0.0066)
(0.0011988577 -5.23429e-05 0.0066)
(0.00129876255 -5.670485e-05 0.0066)
(0.0013986674 -6.10668e-05 0.0066)
(0.00149857225 -6.542875e-05 0.0066)
(0.0015984771 -6.97907e-05 0.0066)
(0.00169838195 -7.415265e-05 0.0066)
(0.0017982868 -7.85146e-05 0.0066)
(0.00189819165 -8.287655e-05 0.0066)
(0.0019980965 -8.72385e-05 0.0066)
(0.00209800135 -9.160045e-05 0.0066)
(0.0021979062 -9.59624e-05 0.0066)
(0.00229781105 -0.00010032435 0.0066)
(0.0023977159 -0.0001046863 0.0066)
(0.00249762075 -0.00010904825 0.0066)
(0.0025975256 -0.0001134102 0.0066)
(0.00269743045 -0.00011777215 0.0066)
(0.0027973353 -0.0001221341 0.0066)
(0.00289724015 -0.00012649605 0.0066)
(0.002997145 -0.000130858 0.0066)
(0.00109895285 4.798095e-05 0.0066)
(0.0011988577 5.23429e-05 0.0066)
(0.00129876255 5.670485e-05 0.0066)
(0.0013986674 6.10668e-05 0.0066)
(0.00149857225 6.542875e-05 0.0066)
(0.0015984771 6.97907e-05 0.0066)
(0.00169838195 7.415265e-05 0.0066)
(0.0017982868 7.85146e-05 0.0066)
(0.00189819165 8.287655e-05 0.0066)
(0.0019980965 8.72385e-05 0.0066)
(0.00209800135 9.160045e-05 0.0066)
(0.0021979062 9.59624e-05 0.0066)
(0.00229781105 0.00010032435 0.0066)
(0.0023977159 0.0001046863 0.0066)
(0.00249762075 0.00010904825 0.0066)
(0.0025975256 0.0001134102 0.0066)
(0.00269743045 0.00011777215 0.0066)
(0.0027973353 0.0001221341 0.0066)
(0.00289724015 0.00012649605 0.0066)
(0.002997145 0.000130858 0.0066)
(0.00109895285 -4.798095e-05 0.0067)
(0.0011988577 -5.23429e-05 0.0067)
(0.00129876255 -5.670485e-05 0.0067)
(0.0013986674 -6.10668e-05 0.0067)
(0.00149857225 -6.542875e-05 0.0067)
(0.0015984771 -6.97907e-05 0.0067)
(0.00169838195 -7.415265e-05 0.0067)
(0.0017982868 -7.85146e-05 0.0067)
(0.00189819165 -8.287655e-05 0.0067)
(0.0019980965 -8.72385e-05 0.0067)
(0.00209800135 -9.160045e-05 0.0067)
(0.0021979062 -9.59624e-05 0.0067)
(0.00229781105 -0.00010032435 0.0067)
(0.0023977159 -0.0001046863 0.0067)
(0.00249762075 -0.00010904825 0.0067)
(0.0025975256 -0.0001134102 0.0067)
(0.00269743045 -0.00011777215 0.0067)
(0.0027973353 -0.0001221341 0.0067)
(0.00289724015 -0.00012649605 0.0067)
(0.002997145 -0.000130858 0.0067)
(0.00109895285 4.798095e-05 0.0067)
(0.0011988577 5.23429e-05 0.0067)
(0.00129876255 5.670485e-05 0.0067)
(0.0013986674 6.10668e-05 0.0067)
(0.00149857225 6.542875e-05 0.0067)
(0.0015984771 6.97907e-05 0.0067)
(0.00169838195 7.415265e-05 0.0067)
(0.0017982868 7.85146e-05 0.0067)
(0.00189819165 8.287655e-05 0.0067)
(0.0019980965 8.72385e-05 0.0067)
(0.00209800135 9.160045e-05 0.0067)
(0.0021979062 9.59624e-05 0.0067)
(0.00229781105 0.00010032435 0.0067)
(0.0023977159 0.0001046863 0.0067)
(0.00249762075 0.00010904825 0.0067)
(0.0025975256 0.0001134102 0.0067)
(0.00269743045 0.00011777215 0.0067)
(0.0027973353 0.0001221341 0.0067)
(0.00289724015 0.00012649605 0.0067)
(0.002997145 0.000130858 0.0067)
(0.00109895285 -4.798095e-05 0.0068)
(0.0011988577 -5.23429e-05 0.0068)
(0.00129876255 -5.670485e-05 0.0068)
(0.0013986674 -6.10668e-05 0.0068)
(0.00149857225 -6.542875e-05 0.0068)
(0.0015984771 -6.97907e-05 0.0068)
(0.00169838195 -7.415265e-05 0.0068)
(0.0017982868 -7.85146e-05 0.0068)
(0.00189819165 -8.287655e-05 0.0068)
(0.0019980965 -8.72385e-05 0.0068)
(0.00209800135 -9.160045e-05 0.0068)
(0.0021979062 -9.59624e-05 0.0068)
(0.00229781105 -0.00010032435 0.0068)
(0.0023977159 -0.0001046863 0.0068)
(0.00249762075 -0.00010904825 0.0068)
(0.0025975256 -0.0001134102 0.0068)
(0.00269743045 -0.00011777215 0.0068)
(0.0027973353 -0.0001221341 0.0068)
(0.00289724015 -0.00012649605 0.0068)
(0.002997145 -0.000130858 0.0068)
(0.00109895285 4.798095e-05 0.0068)
(0.0011988577 5.23429e-05 0.0068)
(0.00129876255 5.670485e-05 0.0068)
(0.0013986674 6.10668e-05 0.0068)
(0.00149857225 6.542875e-05 0.0068)
(0.0015984771 6.97907e-05 0.0068)
(0.00169838195 7.415265e-05 0.0068)
(0.0017982868 7.85146e-05 0.0068)
(0.00189819165 8.287655e-05 0.0068)
(0.0019980965 8.72385e-05 0.0068)
(0.00209800135 9.160045e-05 0.0068)
(0.0021979062 9.59624e-05 0.0068)
(0.00229781105 0.00010032435 0.0068)
(0.0023977159 0.0001046863 0.0068)
(0.00249762075 0.00010904825 0.0068)
(0.0025975256 0.0001134102 0.0068)
(0.00269743045 0.00011777215 0.0068)
(0.0027973353 0.0001221341 0.0068)
(0.00289724015 0.00012649605 0.0068)
(0.002997145 0.000130858 0.0068)
(0.00109895285 -4.798095e-05 0.0069)
(0.0011988577 -5.23429e-05 0.0069)
(0.00129876255 -5.670485e-05 0.0069)
(0.0013986674 -6.10668e-05 0.0069)
(0.00149857225 -6.542875e-05 0.0069)
(0.0015984771 -6.97907e-05 0.0069)
(0.00169838195 -7.415265e-05 0.0069)
(0.0017982868 -7.85146e-05 0.0069)
(0.00189819165 -8.287655e-05 0.0069)
(0.0019980965 -8.72385e-05 0.0069)
(0.00209800135 -9.160045e-05 0.0069)
(0.0021979062 -9.59624e-05 0.0069)
(0.00229781105 -0.00010032435 0.0069)
(0.0023977159 -0.0001046863 0.0069)
(0.00249762075 -0.00010904825 0.0069)
(0.0025975256 -0.0001134102 0.0069)
(0.00269743045 -0.00011777215 0.0069)
(0.0027973353 -0.0001221341 0.0069)
(0.00289724015 -0.00012649605 0.0069)
(0.002997145 -0.000130858 0.0069)
(0.00109895285 4.798095e-05 0.0069)
(0.0011988577 5.23429e-05 0.0069)
(0.00129876255 5.670485e-05 0.0069)
(0.0013986674 6.10668e-05 0.0069)
(0.00149857225 6.542875e-05 0.0069)
(0.0015984771 6.97907e-05 0.0069)
(0.00169838195 7.415265e-05 0.0069)
(0.0017982868 7.85146e-05 0.0069)
(0.00189819165 8.287655e-05 0.0069)
(0.0019980965 8.72385e-05 0.0069)
(0.00209800135 9.160045e-05 0.0069)
(0.0021979062 9.59624e-05 0.0069)
(0.00229781105 0.00010032435 0.0069)
(0.0023977159 0.0001046863 0.0069)
(0.00249762075 0.00010904825 0.0069)
(0.0025975256 0.0001134102 0.0069)
(0.00269743045 0.00011777215 0.0069)
(0.0027973353 0.0001221341 0.0069)
(0.00289724015 0.00012649605 0.0069)
(0.002997145 0.000130858 0.0069)
(0.00109895285 -4.798095e-05 0.007)
(0.0011988577 -5.23429e-05 0.007)
(0.00129876255 -5.670485e-05 0.007)
(0.0013986674 -6.10668e-05 0.007)
(0.00149857225 -6.542875e-05 0.007)
(0.0015984771 -6.97907e-05 0.007)
(0.00169838195 -7.415265e-05 0.007)
(0.0017982868 -7.85146e-05 0.007)
(0.00189819165 -8.287655e-05 0.007)
(0.0019980965 -8.72385e-05 0.007)
(0.00209800135 -9.160045e-05 0.007)
(0.0021979062 -9.59624e-05 0.007)
(0.00229781105 -0.00010032435 0.007)
(0.0023977159 -0.0001046863 0.007)
(0.00249762075 -0.00010904825 0.007)
(0.0025975256 -0.0001134102 0.007)
(0.00269743045 -0.00011777215 0.007)
(0.0027973353 -0.0001221341 0.007)
(0.00289724015 -0.00012649605 0.007)
(0.002997145 -0.000130858 0.007)
(0.00109895285 4.798095e-05 0.007)
(0.0011988577 5.23429e-05 0.007)
(0.00129876255 5.670485e-05 0.007)
(0.0013986674 6.10668e-05 0.007)
(0.00149857225 6.542875e-05 0.007)
(0.0015984771 6.97907e-05 0.007)
(0.00169838195 7.415265e-05 0.007)
(0.0017982868 7.85146e-05 0.007)
(0.00189819165 8.287655e-05 0.007)
(0.0019980965 8.72385e-05 0.007)
(0.00209800135 9.160045e-05 0.007)
(0.0021979062 9.59624e-05 0.007)
(0.00229781105 0.00010032435 0.007)
(0.0023977159 0.0001046863 0.007)
(0.00249762075 0.00010904825 0.007)
(0.0025975256 0.0001134102 0.007)
(0.00269743045 0.00011777215 0.007)
(0.0027973353 0.0001221341 0.007)
(0.00289724015 0.00012649605 0.007)
(0.002997145 0.000130858 0.007)
(0.00109895285 -4.798095e-05 0.0071)
(0.0011988577 -5.23429e-05 0.0071)
(0.00129876255 -5.670485e-05 0.0071)
(0.0013986674 -6.10668e-05 0.0071)
(0.00149857225 -6.542875e-05 0.0071)
(0.0015984771 -6.97907e-05 0.0071)
(0.00169838195 -7.415265e-05 0.0071)
(0.0017982868 -7.85146e-05 0.0071)
(0.00189819165 -8.287655e-05 0.0071)
(0.0019980965 -8.72385e-05 0.0071)
(0.00209800135 -9.160045e-05 0.0071)
(0.0021979062 -9.59624e-05 0.0071)
(0.00229781105 -0.00010032435 0.0071)
(0.0023977159 -0.0001046863 0.0071)
(0.00249762075 -0.00010904825 0.0071)
(0.0025975256 -0.0001134102 0.0071)
(0.00269743045 -0.00011777215 0.0071)
(0.0027973353 -0.0001221341 0.0071)
(0.00289724015 -0.00012649605 0.0071)
(0.002997145 -0.000130858 0.0071)
(0.00109895285 4.798095e-05 0.0071)
(0.0011988577 5.23429e-05 0.0071)
(0.00129876255 5.670485e-05 0.0071)
(0.0013986674 6.10668e-05 0.0071)
(0.00149857225 6.542875e-05 0.0071)
(0.0015984771 6.97907e-05 0.0071)
(0.00169838195 7.415265e-05 0.0071)
(0.0017982868 7.85146e-05 0.0071)
(0.00189819165 8.287655e-05 0.0071)
(0.0019980965 8.72385e-05 0.0071)
(0.00209800135 9.160045e-05 0.0071)
(0.0021979062 9.59624e-05 0.0071)
(0.00229781105 0.00010032435 0.0071)
(0.0023977159 0.0001046863 0.0071)
(0.00249762075 0.00010904825 0.0071)
(0.0025975256 0.0001134102 0.0071)
(0.00269743045 0.00011777215 0.0071)
(0.0027973353 0.0001221341 0.0071)
(0.00289724015 0.00012649605 0.0071)
(0.002997145 0.000130858 0.0071)
(0.00109895285 -4.798095e-05 0.0072)
(0.0011988577 -5.23429e-05 0.0072)
(0.00129876255 -5.670485e-05 0.0072)
(0.0013986674 -6.10668e-05 0.0072)
(0.00149857225 -6.542875e-05 0.0072)
(0.0015984771 -6.97907e-05 0.0072)
(0.00169838195 -7.415265e-05 0.0072)
(0.0017982868 -7.85146e-05 0.0072)
(0.00189819165 -8.287655e-05 0.0072)
(0.0019980965 -8.72385e-05 0.0072)
(0.00209800135 -9.160045e-05 0.0072)
(0.0021979062 -9.59624e-05 0.0072)
(0.00229781105 -0.00010032435 0.0072)
(0.0023977159 -0.0001046863 0.0072)
(0.00249762075 -0.00010904825 0.0072)
(0.0025975256 -0.0001134102 0.0072)
(0.00269743045 -0.00011777215 0.0072)
(0.0027973353 -0.0001221341 0.0072)
(0.00289724015 -0.00012649605 0.0072)
(0.002997145 -0.000130858 0.0072)
(0.00109895285 4.798095e-05 0.0072)
(0.0011988577 5.23429e-05 0.0072)
(0.00129876255 5.670485e-05 0.0072)
(0.0013986674 6.10668e-05 0.0072)
(0.00149857225 6.542875e-05 0.0072)
(0.0015984771 6.97907e-05 0.0072)
(0.00169838195 7.415265e-05 0.0072)
(0.0017982868 7.85146e-05 0.0072)
(0.00189819165 8.287655e-05 0.0072)
(0.0019980965 8.72385e-05 0.0072)
(0.00209800135 9.160045e-05 0.0072)
(0.0021979062 9.59624e-05 0.0072)
(0.00229781105 0.00010032435 0.0072)
(0.0023977159 0.0001046863 0.0072)
(0.00249762075 0.00010904825 0.0072)
(0.0025975256 0.0001134102 0.0072)
(0.00269743045 0.00011777215 0.0072)
(0.0027973353 0.0001221341 0.0072)
(0.00289724015 0.00012649605 0.0072)
(0.002997145 0.000130858 0.0072)
(0.00109895285 -4.798095e-05 0.0073)
(0.0011988577 -5.23429e-05 0.0073)
(0.00129876255 -5.670485e-05 0.0073)
(0.0013986674 -6.10668e-05 0.0073)
(0.00149857225 -6.542875e-05 0.0073)
(0.0015984771 -6.97907e-05 0.0073)
(0.00169838195 -7.415265e-05 0.0073)
(0.0017982868 -7.85146e-05 0.0073)
(0.00189819165 -8.287655e-05 0.0073)
(0.0019980965 -8.72385e-05 0.0073)
(0.00209800135 -9.160045e-05 0.0073)
(0.0021979062 -9.59624e-05 0.0073)
(0.00229781105 -0.00010032435 0.0073)
(0.0023977159 -0.0001046863 0.0073)
(0.00249762075 -0.00010904825 0.0073)
(0.0025975256 -0.0001134102 0.0073)
(0.00269743045 -0.00011777215 0.0073)
(0.0027973353 -0.0001221341 0.0073)
(0.00289724015 -0.00012649605 0.0073)
(0.002997145 -0.000130858 0.0073)
(0.00109895285 4.798095e-05 0.0073)
(0.0011988577 5.23429e-05 0.0073)
(0.00129876255 5.670485e-05 0.0073)
(0.0013986674 6.10668e-05 0.0073)
(0.00149857225 6.542875e-05 0.0073)
(0.0015984771 6.97907e-05 0.0073)
(0.00169838195 7.415265e-05 0.0073)
(0.0017982868 7.85146e-05 0.0073)
(0.00189819165 8.287655e-05 0.0073)
(0.0019980965 8.72385e-05 0.0073)
(0.00209800135 9.160045e-05 0.0073)
(0.0021979062 9.59624e-05 0.0073)
(0.00229781105 0.00010032435 0.0073)
(0.0023977159 0.0001046863 0.0073)
(0.00249762075 0.00010904825 0.0073)
(0.0025975256 0.0001134102 0.0073)
(0.00269743045 0.00011777215 0.0073)
(0.0027973353 0.0001221341 0.0073)
(0.00289724015 0.00012649605 0.0073)
(0.002997145 0.000130858 0.0073)
(0.00109895285 -4.798095e-05 0.0074)
(0.0011988577 -5.23429e-05 0.0074)
(0.00129876255 -5.670485e-05 0.0074)
(0.0013986674 -6.10668e-05 0.0074)
(0.00149857225 -6.542875e-05 0.0074)
(0.0015984771 -6.97907e-05 0.0074)
(0.00169838195 -7.415265e-05 0.0074)
(0.0017982868 -7.85146e-05 0.0074)
(0.00189819165 -8.287655e-05 0.0074)
(0.0019980965 -8.72385e-05 0.0074)
(0.00209800135 -9.160045e-05 0.0074)
(0.0021979062 -9.59624e-05 0.0074)
(0.00229781105 -0.00010032435 0.0074)
(0.0023977159 -0.0001046863 0.0074)
(0.00249762075 -0.00010904825 0.0074)
(0.0025975256 -0.0001134102 0.0074)
(0.00269743045 -0.00011777215 0.0074)
(0.0027973353 -0.0001221341 0.0074)
(0.00289724015 -0.00012649605 0.0074)
(0.002997145 -0.000130858 0.0074)
(0.00109895285 4.798095e-05 0.0074)
(0.0011988577 5.23429e-05 0.0074)
(0.00129876255 5.670485e-05 0.0074)
(0.0013986674 6.10668e-05 0.0074)
(0.00149857225 6.542875e-05 0.0074)
(0.0015984771 6.97907e-05 0.0074)
(0.00169838195 7.415265e-05 0.0074)
(0.0017982868 7.85146e-05 0.0074)
(0.00189819165 8.287655e-05 0.0074)
(0.0019980965 8.72385e-05 0.0074)
(0.00209800135 9.160045e-05 0.0074)
(0.0021979062 9.59624e-05 0.0074)
(0.00229781105 0.00010032435 0.0074)
(0.0023977159 0.0001046863 0.0074)
(0.00249762075 0.00010904825 0.0074)
(0.0025975256 0.0001134102 0.0074)
(0.00269743045 0.00011777215 0.0074)
(0.0027973353 0.0001221341 0.0074)
(0.00289724015 0.00012649605 0.0074)
(0.002997145 0.000130858 0.0074)
(0.00109895285 -4.798095e-05 0.0075)
(0.0011988577 -5.23429e-05 0.0075)
(0.00129876255 -5.670485e-05 0.0075)
(0.0013986674 -6.10668e-05 0.0075)
(0.00149857225 -6.542875e-05 0.0075)
(0.0015984771 -6.97907e-05 0.0075)
(0.00169838195 -7.415265e-05 0.0075)
(0.0017982868 -7.85146e-05 0.0075)
(0.00189819165 -8.287655e-05 0.0075)
(0.0019980965 -8.72385e-05 0.0075)
(0.00209800135 -9.160045e-05 0.0075)
(0.0021979062 -9.59624e-05 0.0075)
(0.00229781105 -0.00010032435 0.0075)
(0.0023977159 -0.0001046863 0.0075)
(0.00249762075 -0.00010904825 0.0075)
(0.0025975256 -0.0001134102 0.0075)
(0.00269743045 -0.00011777215 0.0075)
(0.0027973353 -0.0001221341 0.0075)
(0.00289724015 -0.00012649605 0.0075)
(0.002997145 -0.000130858 0.0075)
(0.00109895285 4.798095e-05 0.0075)
(0.0011988577 5.23429e-05 0.0075)
(0.00129876255 5.670485e-05 0.0075)
(0.0013986674 6.10668e-05 0.0075)
(0.00149857225 6.542875e-05 0.0075)
(0.0015984771 6.97907e-05 0.0075)
(0.00169838195 7.415265e-05 0.0075)
(0.0017982868 7.85146e-05 0.0075)
(0.00189819165 8.287655e-05 0.0075)
(0.0019980965 8.72385e-05 0.0075)
(0.00209800135 9.160045e-05 0.0075)
(0.0021979062 9.59624e-05 0.0075)
(0.00229781105 0.00010032435 0.0075)
(0.0023977159 0.0001046863 0.0075)
(0.00249762075 0.00010904825 0.0075)
(0.0025975256 0.0001134102 0.0075)
(0.00269743045 0.00011777215 0.0075)
(0.0027973353 0.0001221341 0.0075)
(0.00289724015 0.00012649605 0.0075)
(0.002997145 0.000130858 0.0075)
(0.00109895285 -4.798095e-05 0.0076)
(0.0011988577 -5.23429e-05 0.0076)
(0.00129876255 -5.670485e-05 0.0076)
(0.0013986674 -6.10668e-05 0.0076)
(0.00149857225 -6.542875e-05 0.0076)
(0.0015984771 -6.97907e-05 0.0076)
(0.00169838195 -7.415265e-05 0.0076)
(0.0017982868 -7.85146e-05 0.0076)
(0.00189819165 -8.287655e-05 0.0076)
(0.0019980965 -8.72385e-05 0.0076)
(0.00209800135 -9.160045e-05 0.0076)
(0.0021979062 -9.59624e-05 0.0076)
(0.00229781105 -0.00010032435 0.0076)
(0.0023977159 -0.0001046863 0.0076)
(0.00249762075 -0.00010904825 0.0076)
(0.0025975256 -0.0001134102 0.0076)
(0.00269743045 -0.00011777215 0.0076)
(0.0027973353 -0.0001221341 0.0076)
(0.00289724015 -0.00012649605 0.0076)
(0.002997145 -0.000130858 0.0076)
(0.00109895285 4.798095e-05 0.0076)
(0.0011988577 5.23429e-05 0.0076)
(0.00129876255 5.670485e-05 0.0076)
(0.0013986674 6.10668e-05 0.0076)
(0.00149857225 6.542875e-05 0.0076)
(0.0015984771 6.97907e-05 0.0076)
(0.00169838195 7.415265e-05 0.0076)
(0.0017982868 7.85146e-05 0.0076)
(0.00189819165 8.287655e-05 0.0076)
(0.0019980965 8.72385e-05 0.0076)
(0.00209800135 9.160045e-05 0.0076)
(0.0021979062 9.59624e-05 0.0076)
(0.00229781105 0.00010032435 0.0076)
(0.0023977159 0.0001046863 0.0076)
(0.00249762075 0.00010904825 0.0076)
(0.0025975256 0.0001134102 0.0076)
(0.00269743045 0.00011777215 0.0076)
(0.0027973353 0.0001221341 0.0076)
(0.00289724015 0.00012649605 0.0076)
(0.002997145 0.000130858 0.0076)
(0.00109895285 -4.798095e-05 0.0077)
(0.0011988577 -5.23429e-05 0.0077)
(0.00129876255 -5.670485e-05 0.0077)
(0.0013986674 -6.10668e-05 0.0077)
(0.00149857225 -6.542875e-05 0.0077)
(0.0015984771 -6.97907e-05 0.0077)
(0.00169838195 -7.415265e-05 0.0077)
(0.0017982868 -7.85146e-05 0.0077)
(0.00189819165 -8.287655e-05 0.0077)
(0.0019980965 -8.72385e-05 0.0077)
(0.00209800135 -9.160045e-05 0.0077)
(0.0021979062 -9.59624e-05 0.0077)
(0.00229781105 -0.00010032435 0.0077)
(0.0023977159 -0.0001046863 0.0077)
(0.00249762075 -0.00010904825 0.0077)
(0.0025975256 -0.0001134102 0.0077)
(0.00269743045 -0.00011777215 0.0077)
(0.0027973353 -0.0001221341 0.0077)
(0.00289724015 -0.00012649605 0.0077)
(0.002997145 -0.000130858 0.0077)
(0.00109895285 4.798095e-05 0.0077)
(0.0011988577 5.23429e-05 0.0077)
(0.00129876255 5.670485e-05 0.0077)
(0.0013986674 6.10668e-05 0.0077)
(0.00149857225 6.542875e-05 0.0077)
(0.0015984771 6.97907e-05 0.0077)
(0.00169838195 7.415265e-05 0.0077)
(0.0017982868 7.85146e-05 0.0077)
(0.00189819165 8.287655e-05 0.0077)
(0.0019980965 8.72385e-05 0.0077)
(0.00209800135 9.160045e-05 0.0077)
(0.0021979062 9.59624e-05 0.0077)
(0.00229781105 0.00010032435 0.0077)
(0.0023977159 0.0001046863 0.0077)
(0.00249762075 0.00010904825 0.0077)
(0.0025975256 0.0001134102 0.0077)
(0.00269743045 0.00011777215 0.0077)
(0.0027973353 0.0001221341 0.0077)
(0.00289724015 0.00012649605 0.0077)
(0.002997145 0.000130858 0.0077)
(0.00109895285 -4.798095e-05 0.0078)
(0.0011988577 -5.23429e-05 0.0078)
(0.00129876255 -5.670485e-05 0.0078)
(0.0013986674 -6.10668e-05 0.0078)
(0.00149857225 -6.542875e-05 0.0078)
(0.0015984771 -6.97907e-05 0.0078)
(0.00169838195 -7.415265e-05 0.0078)
(0.0017982868 -7.85146e-05 0.0078)
(0.00189819165 -8.287655e-05 0.0078)
(0.0019980965 -8.72385e-05 0.0078)
(0.00209800135 -9.160045e-05 0.0078)
(0.0021979062 -9.59624e-05 0.0078)
(0.00229781105 -0.00010032435 0.0078)
(0.0023977159 -0.0001046863 0.0078)
(0.00249762075 -0.00010904825 0.0078)
(0.0025975256 -0.0001134102 0.0078)
(0.00269743045 -0.00011777215 0.0078)
(0.0027973353 -0.0001221341 0.0078)
(0.00289724015 -0.00012649605 0.0078)
(0.002997145 -0.000130858 0.0078)
(0.00109895285 4.798095e-05 0.0078)
(0.0011988577 5.23429e-05 0.0078)
(0.00129876255 5.670485e-05 0.0078)
(0.0013986674 6.10668e-05 0.0078)
(0.00149857225 6.542875e-05 0.0078)
(0.0015984771 6.97907e-05 0.0078)
(0.00169838195 7.415265e-05 0.0078)
(0.0017982868 7.85146e-05 0.0078)
(0.00189819165 8.287655e-05 0.0078)
(0.0019980965 8.72385e-05 0.0078)
(0.00209800135 9.160045e-05 0.0078)
(0.0021979062 9.59624e-05 0.0078)
(0.00229781105 0.00010032435 0.0078)
(0.0023977159 0.0001046863 0.0078)
(0.00249762075 0.00010904825 0.0078)
(0.0025975256 0.0001134102 0.0078)
(0.00269743045 0.00011777215 0.0078)
(0.0027973353 0.0001221341 0.0078)
(0.00289724015 0.00012649605 0.0078)
(0.002997145 0.000130858 0.0078)
(0.00109895285 -4.798095e-05 0.0079)
(0.0011988577 -5.23429e-05 0.0079)
(0.00129876255 -5.670485e-05 0.0079)
(0.0013986674 -6.10668e-05 0.0079)
(0.00149857225 -6.542875e-05 0.0079)
(0.0015984771 -6.97907e-05 0.0079)
(0.00169838195 -7.415265e-05 0.0079)
(0.0017982868 -7.85146e-05 0.0079)
(0.00189819165 -8.287655e-05 0.0079)
(0.0019980965 -8.72385e-05 0.0079)
(0.00209800135 -9.160045e-05 0.0079)
(0.0021979062 -9.59624e-05 0.0079)
(0.00229781105 -0.00010032435 0.0079)
(0.0023977159 -0.0001046863 0.0079)
(0.00249762075 -0.00010904825 0.0079)
(0.0025975256 -0.0001134102 0.0079)
(0.00269743045 -0.00011777215 0.0079)
(0.0027973353 -0.0001221341 0.0079)
(0.00289724015 -0.00012649605 0.0079)
(0.002997145 -0.000130858 0.0079)
(0.00109895285 4.798095e-05 0.0079)
(0.0011988577 5.23429e-05 0.0079)
(0.00129876255 5.670485e-05 0.0079)
(0.0013986674 6.10668e-05 0.0079)
(0.00149857225 6.542875e-05 0.0079)
(0.0015984771 6.97907e-05 0.0079)
(0.00169838195 7.415265e-05 0.0079)
(0.0017982868 7.85146e-05 0.0079)
(0.00189819165 8.287655e-05 0.0079)
(0.0019980965 8.72385e-05 0.0079)
(0.00209800135 9.160045e-05 0.0079)
(0.0021979062 9.59624e-05 0.0079)
(0.00229781105 0.00010032435 0.0079)
(0.0023977159 0.0001046863 0.0079)
(0.00249762075 0.00010904825 0.0079)
(0.0025975256 0.0001134102 0.0079)
(0.00269743045 0.00011777215 0.0079)
(0.0027973353 0.0001221341 0.0079)
(0.00289724015 0.00012649605 0.0079)
(0.002997145 0.000130858 0.0079)
(0.00109895285 -4.798095e-05 0.008)
(0.0011988577 -5.23429e-05 0.008)
(0.00129876255 -5.670485e-05 0.008)
(0.0013986674 -6.10668e-05 0.008)
(0.00149857225 -6.542875e-05 0.008)
(0.0015984771 -6.97907e-05 0.008)
(0.00169838195 -7.415265e-05 0.008)
(0.0017982868 -7.85146e-05 0.008)
(0.00189819165 -8.287655e-05 0.008)
(0.0019980965 -8.72385e-05 0.008)
(0.00209800135 -9.160045e-05 0.008)
(0.0021979062 -9.59624e-05 0.008)
(0.00229781105 -0.00010032435 0.008)
(0.0023977159 -0.0001046863 0.008)
(0.00249762075 -0.00010904825 0.008)
(0.0025975256 -0.0001134102 0.008)
(0.00269743045 -0.00011777215 0.008)
(0.0027973353 -0.0001221341 0.008)
(0.00289724015 -0.00012649605 0.008)
(0.002997145 -0.000130858 0.008)
(0.00109895285 4.798095e-05 0.008)
(0.0011988577 5.23429e-05 0.008)
(0.00129876255 5.670485e-05 0.008)
(0.0013986674 6.10668e-05 0.008)
(0.00149857225 6.542875e-05 0.008)
(0.0015984771 6.97907e-05 0.008)
(0.00169838195 7.415265e-05 0.008)
(0.0017982868 7.85146e-05 0.008)
(0.00189819165 8.287655e-05 0.008)
(0.0019980965 8.72385e-05 0.008)
(0.00209800135 9.160045e-05 0.008)
(0.0021979062 9.59624e-05 0.008)
(0.00229781105 0.00010032435 0.008)
(0.0023977159 0.0001046863 0.008)
(0.00249762075 0.00010904825 0.008)
(0.0025975256 0.0001134102 0.008)
(0.00269743045 0.00011777215 0.008)
(0.0027973353 0.0001221341 0.008)
(0.00289724015 0.00012649605 0.008)
(0.002997145 0.000130858 0.008)
(0.00109895285 -4.798095e-05 0.0081)
(0.0011988577 -5.23429e-05 0.0081)
(0.00129876255 -5.670485e-05 0.0081)
(0.0013986674 -6.10668e-05 0.0081)
(0.00149857225 -6.542875e-05 0.0081)
(0.0015984771 -6.97907e-05 0.0081)
(0.00169838195 -7.415265e-05 0.0081)
(0.0017982868 -7.85146e-05 0.0081)
(0.00189819165 -8.287655e-05 0.0081)
(0.0019980965 -8.72385e-05 0.0081)
(0.00209800135 -9.160045e-05 0.0081)
(0.0021979062 -9.59624e-05 0.0081)
(0.00229781105 -0.00010032435 0.0081)
(0.0023977159 -0.0001046863 0.0081)
(0.00249762075 -0.00010904825 0.0081)
(0.0025975256 -0.0001134102 0.0081)
(0.00269743045 -0.00011777215 0.0081)
(0.0027973353 -0.0001221341 0.0081)
(0.00289724015 -0.00012649605 0.0081)
(0.002997145 -0.000130858 0.0081)
(0.00109895285 4.798095e-05 0.0081)
(0.0011988577 5.23429e-05 0.0081)
(0.00129876255 5.670485e-05 0.0081)
(0.0013986674 6.10668e-05 0.0081)
(0.00149857225 6.542875e-05 0.0081)
(0.0015984771 6.97907e-05 0.0081)
(0.00169838195 7.415265e-05 0.0081)
(0.0017982868 7.85146e-05 0.0081)
(0.00189819165 8.287655e-05 0.0081)
(0.0019980965 8.72385e-05 0.0081)
(0.00209800135 9.160045e-05 0.0081)
(0.0021979062 9.59624e-05 0.0081)
(0.00229781105 0.00010032435 0.0081)
(0.0023977159 0.0001046863 0.0081)
(0.00249762075 0.00010904825 0.0081)
(0.0025975256 0.0001134102 0.0081)
(0.00269743045 0.00011777215 0.0081)
(0.0027973353 0.0001221341 0.0081)
(0.00289724015 0.00012649605 0.0081)
(0.002997145 0.000130858 0.0081)
(0.00109895285 -4.798095e-05 0.0082)
(0.0011988577 -5.23429e-05 0.0082)
(0.00129876255 -5.670485e-05 0.0082)
(0.0013986674 -6.10668e-05 0.0082)
(0.00149857225 -6.542875e-05 0.0082)
(0.0015984771 -6.97907e-05 0.0082)
(0.00169838195 -7.415265e-05 0.0082)
(0.0017982868 -7.85146e-05 0.0082)
(0.00189819165 -8.287655e-05 0.0082)
(0.0019980965 -8.72385e-05 0.0082)
(0.00209800135 -9.160045e-05 0.0082)
(0.0021979062 -9.59624e-05 0.0082)
(0.00229781105 -0.00010032435 0.0082)
(0.0023977159 -0.0001046863 0.0082)
(0.00249762075 -0.00010904825 0.0082)
(0.0025975256 -0.0001134102 0.0082)
(0.00269743045 -0.00011777215 0.0082)
(0.0027973353 -0.0001221341 0.0082)
(0.00289724015 -0.00012649605 0.0082)
(0.002997145 -0.000130858 0.0082)
(0.00109895285 4.798095e-05 0.0082)
(0.0011988577 5.23429e-05 0.0082)
(0.00129876255 5.670485e-05 0.0082)
(0.0013986674 6.10668e-05 0.0082)
(0.00149857225 6.542875e-05 0.0082)
(0.0015984771 6.97907e-05 0.0082)
(0.00169838195 7.415265e-05 0.0082)
(0.0017982868 7.85146e-05 0.0082)
(0.00189819165 8.287655e-05 0.0082)
(0.0019980965 8.72385e-05 0.0082)
(0.00209800135 9.160045e-05 0.0082)
(0.0021979062 9.59624e-05 0.0082)
(0.00229781105 0.00010032435 0.0082)
(0.0023977159 0.0001046863 0.0082)
(0.00249762075 0.00010904825 0.0082)
(0.0025975256 0.0001134102 0.0082)
(0.00269743045 0.00011777215 0.0082)
(0.0027973353 0.0001221341 0.0082)
(0.00289724015 0.00012649605 0.0082)
(0.002997145 0.000130858 0.0082)
(0.00109895285 -4.798095e-05 0.0083)
(0.0011988577 -5.23429e-05 0.0083)
(0.00129876255 -5.670485e-05 0.0083)
(0.0013986674 -6.10668e-05 0.0083)
(0.00149857225 -6.542875e-05 0.0083)
(0.0015984771 -6.97907e-05 0.0083)
(0.00169838195 -7.415265e-05 0.0083)
(0.0017982868 -7.85146e-05 0.0083)
(0.00189819165 -8.287655e-05 0.0083)
(0.0019980965 -8.72385e-05 0.0083)
(0.00209800135 -9.160045e-05 0.0083)
(0.0021979062 -9.59624e-05 0.0083)
(0.00229781105 -0.00010032435 0.0083)
(0.0023977159 -0.0001046863 0.0083)
(0.00249762075 -0.00010904825 0.0083)
(0.0025975256 -0.0001134102 0.0083)
(0.00269743045 -0.00011777215 0.0083)
(0.0027973353 -0.0001221341 0.0083)
(0.00289724015 -0.00012649605 0.0083)
(0.002997145 -0.000130858 0.0083)
(0.00109895285 4.798095e-05 0.0083)
(0.0011988577 5.23429e-05 0.0083)
(0.00129876255 5.670485e-05 0.0083)
(0.0013986674 6.10668e-05 0.0083)
(0.00149857225 6.542875e-05 0.0083)
(0.0015984771 6.97907e-05 0.0083)
(0.00169838195 7.415265e-05 0.0083)
(0.0017982868 7.85146e-05 0.0083)
(0.00189819165 8.287655e-05 0.0083)
(0.0019980965 8.72385e-05 0.0083)
(0.00209800135 9.160045e-05 0.0083)
(0.0021979062 9.59624e-05 0.0083)
(0.00229781105 0.00010032435 0.0083)
(0.0023977159 0.0001046863 0.0083)
(0.00249762075 0.00010904825 0.0083)
(0.0025975256 0.0001134102 0.0083)
(0.00269743045 0.00011777215 0.0083)
(0.0027973353 0.0001221341 0.0083)
(0.00289724015 0.00012649605 0.0083)
(0.002997145 0.000130858 0.0083)
(0.00109895285 -4.798095e-05 0.0084)
(0.0011988577 -5.23429e-05 0.0084)
(0.00129876255 -5.670485e-05 0.0084)
(0.0013986674 -6.10668e-05 0.0084)
(0.00149857225 -6.542875e-05 0.0084)
(0.0015984771 -6.97907e-05 0.0084)
(0.00169838195 -7.415265e-05 0.0084)
(0.0017982868 -7.85146e-05 0.0084)
(0.00189819165 -8.287655e-05 0.0084)
(0.0019980965 -8.72385e-05 0.0084)
(0.00209800135 -9.160045e-05 0.0084)
(0.0021979062 -9.59624e-05 0.0084)
(0.00229781105 -0.00010032435 0.0084)
(0.0023977159 -0.0001046863 0.0084)
(0.00249762075 -0.00010904825 0.0084)
(0.0025975256 -0.0001134102 0.0084)
(0.00269743045 -0.00011777215 0.0084)
(0.0027973353 -0.0001221341 0.0084)
(0.00289724015 -0.00012649605 0.0084)
(0.002997145 -0.000130858 0.0084)
(0.00109895285 4.798095e-05 0.0084)
(0.0011988577 5.23429e-05 0.0084)
(0.00129876255 5.670485e-05 0.0084)
(0.0013986674 6.10668e-05 0.0084)
(0.00149857225 6.542875e-05 0.0084)
(0.0015984771 6.97907e-05 0.0084)
(0.00169838195 7.415265e-05 0.0084)
(0.0017982868 7.85146e-05 0.0084)
(0.00189819165 8.287655e-05 0.0084)
(0.0019980965 8.72385e-05 0.0084)
(0.00209800135 9.160045e-05 0.0084)
(0.0021979062 9.59624e-05 0.0084)
(0.00229781105 0.00010032435 0.0084)
(0.0023977159 0.0001046863 0.0084)
(0.00249762075 0.00010904825 0.0084)
(0.0025975256 0.0001134102 0.0084)
(0.00269743045 0.00011777215 0.0084)
(0.0027973353 0.0001221341 0.0084)
(0.00289724015 0.00012649605 0.0084)
(0.002997145 0.000130858 0.0084)
(0.00109895285 -4.798095e-05 0.0085)
(0.0011988577 -5.23429e-05 0.0085)
(0.00129876255 -5.670485e-05 0.0085)
(0.0013986674 -6.10668e-05 0.0085)
(0.00149857225 -6.542875e-05 0.0085)
(0.0015984771 -6.97907e-05 0.0085)
(0.00169838195 -7.415265e-05 0.0085)
(0.0017982868 -7.85146e-05 0.0085)
(0.00189819165 -8.287655e-05 0.0085)
(0.0019980965 -8.72385e-05 0.0085)
(0.00209800135 -9.160045e-05 0.0085)
(0.0021979062 -9.59624e-05 0.0085)
(0.00229781105 -0.00010032435 0.0085)
(0.0023977159 -0.0001046863 0.0085)
(0.00249762075 -0.00010904825 0.0085)
(0.0025975256 -0.0001134102 0.0085)
(0.00269743045 -0.00011777215 0.0085)
(0.0027973353 -0.0001221341 0.0085)
(0.00289724015 -0.00012649605 0.0085)
(0.002997145 -0.000130858 0.0085)
(0.00109895285 4.798095e-05 0.0085)
(0.0011988577 5.23429e-05 0.0085)
(0.00129876255 5.670485e-05 0.0085)
(0.0013986674 6.10668e-05 0.0085)
(0.00149857225 6.542875e-05 0.0085)
(0.0015984771 6.97907e-05 0.0085)
(0.00169838195 7.415265e-05 0.0085)
(0.0017982868 7.85146e-05 0.0085)
(0.00189819165 8.287655e-05 0.0085)
(0.0019980965 8.72385e-05 0.0085)
(0.00209800135 9.160045e-05 0.0085)
(0.0021979062 9.59624e-05 0.0085)
(0.00229781105 0.00010032435 0.0085)
(0.0023977159 0.0001046863 0.0085)
(0.00249762075 0.00010904825 0.0085)
(0.0025975256 0.0001134102 0.0085)
(0.00269743045 0.00011777215 0.0085)
(0.0027973353 0.0001221341 0.0085)
(0.00289724015 0.00012649605 0.0085)
(0.002997145 0.000130858 0.0085)
(0.00109895285 -4.798095e-05 0.0086)
(0.0011988577 -5.23429e-05 0.0086)
(0.00129876255 -5.670485e-05 0.0086)
(0.0013986674 -6.10668e-05 0.0086)
(0.00149857225 -6.542875e-05 0.0086)
(0.0015984771 -6.97907e-05 0.0086)
(0.00169838195 -7.415265e-05 0.0086)
(0.0017982868 -7.85146e-05 0.0086)
(0.00189819165 -8.287655e-05 0.0086)
(0.0019980965 -8.72385e-05 0.0086)
(0.00209800135 -9.160045e-05 0.0086)
(0.0021979062 -9.59624e-05 0.0086)
(0.00229781105 -0.00010032435 0.0086)
(0.0023977159 -0.0001046863 0.0086)
(0.00249762075 -0.00010904825 0.0086)
(0.0025975256 -0.0001134102 0.0086)
(0.00269743045 -0.00011777215 0.0086)
(0.0027973353 -0.0001221341 0.0086)
(0.00289724015 -0.00012649605 0.0086)
(0.002997145 -0.000130858 0.0086)
(0.00109895285 4.798095e-05 0.0086)
(0.0011988577 5.23429e-05 0.0086)
(0.00129876255 5.670485e-05 0.0086)
(0.0013986674 6.10668e-05 0.0086)
(0.00149857225 6.542875e-05 0.0086)
(0.0015984771 6.97907e-05 0.0086)
(0.00169838195 7.415265e-05 0.0086)
(0.0017982868 7.85146e-05 0.0086)
(0.00189819165 8.287655e-05 0.0086)
(0.0019980965 8.72385e-05 0.0086)
(0.00209800135 9.160045e-05 0.0086)
(0.0021979062 9.59624e-05 0.0086)
(0.00229781105 0.00010032435 0.0086)
(0.0023977159 0.0001046863 0.0086)
(0.00249762075 0.00010904825 0.0086)
(0.0025975256 0.0001134102 0.0086)
(0.00269743045 0.00011777215 0.0086)
(0.0027973353 0.0001221341 0.0086)
(0.00289724015 0.00012649605 0.0086)
(0.002997145 0.000130858 0.0086)
(0.00109895285 -4.798095e-05 0.0087)
(0.0011988577 -5.23429e-05 0.0087)
(0.00129876255 -5.670485e-05 0.0087)
(0.0013986674 -6.10668e-05 0.0087)
(0.00149857225 -6.542875e-05 0.0087)
(0.0015984771 -6.97907e-05 0.0087)
(0.00169838195 -7.415265e-05 0.0087)
(0.0017982868 -7.85146e-05 0.0087)
(0.00189819165 -8.287655e-05 0.0087)
(0.0019980965 -8.72385e-05 0.0087)
(0.00209800135 -9.160045e-05 0.0087)
(0.0021979062 -9.59624e-05 0.0087)
(0.00229781105 -0.00010032435 0.0087)
(0.0023977159 -0.0001046863 0.0087)
(0.00249762075 -0.00010904825 0.0087)
(0.0025975256 -0.0001134102 0.0087)
(0.00269743045 -0.00011777215 0.0087)
(0.0027973353 -0.0001221341 0.0087)
(0.00289724015 -0.00012649605 0.0087)
(0.002997145 -0.000130858 0.0087)
(0.00109895285 4.798095e-05 0.0087)
(0.0011988577 5.23429e-05 0.0087)
(0.00129876255 5.670485e-05 0.0087)
(0.0013986674 6.10668e-05 0.0087)
(0.00149857225 6.542875e-05 0.0087)
(0.0015984771 6.97907e-05 0.0087)
(0.00169838195 7.415265e-05 0.0087)
(0.0017982868 7.85146e-05 0.0087)
(0.00189819165 8.287655e-05 0.0087)
(0.0019980965 8.72385e-05 0.0087)
(0.00209800135 9.160045e-05 0.0087)
(0.0021979062 9.59624e-05 0.0087)
(0.00229781105 0.00010032435 0.0087)
(0.0023977159 0.0001046863 0.0087)
(0.00249762075 0.00010904825 0.0087)
(0.0025975256 0.0001134102 0.0087)
(0.00269743045 0.00011777215 0.0087)
(0.0027973353 0.0001221341 0.0087)
(0.00289724015 0.00012649605 0.0087)
(0.002997145 0.000130858 0.0087)
(0.00109895285 -4.798095e-05 0.0088)
(0.0011988577 -5.23429e-05 0.0088)
(0.00129876255 -5.670485e-05 0.0088)
(0.0013986674 -6.10668e-05 0.0088)
(0.00149857225 -6.542875e-05 0.0088)
(0.0015984771 -6.97907e-05 0.0088)
(0.00169838195 -7.415265e-05 0.0088)
(0.0017982868 -7.85146e-05 0.0088)
(0.00189819165 -8.287655e-05 0.0088)
(0.0019980965 -8.72385e-05 0.0088)
(0.00209800135 -9.160045e-05 0.0088)
(0.0021979062 -9.59624e-05 0.0088)
(0.00229781105 -0.00010032435 0.0088)
(0.0023977159 -0.0001046863 0.0088)
(0.00249762075 -0.00010904825 0.0088)
(0.0025975256 -0.0001134102 0.0088)
(0.00269743045 -0.00011777215 0.0088)
(0.0027973353 -0.0001221341 0.0088)
(0.00289724015 -0.00012649605 0.0088)
(0.002997145 -0.000130858 0.0088)
(0.00109895285 4.798095e-05 0.0088)
(0.0011988577 5.23429e-05 0.0088)
(0.00129876255 5.670485e-05 0.0088)
(0.0013986674 6.10668e-05 0.0088)
(0.00149857225 6.542875e-05 0.0088)
(0.0015984771 6.97907e-05 0.0088)
(0.00169838195 7.415265e-05 0.0088)
(0.0017982868 7.85146e-05 0.0088)
(0.00189819165 8.287655e-05 0.0088)
(0.0019980965 8.72385e-05 0.0088)
(0.00209800135 9.160045e-05 0.0088)
(0.0021979062 9.59624e-05 0.0088)
(0.00229781105 0.00010032435 0.0088)
(0.0023977159 0.0001046863 0.0088)
(0.00249762075 0.00010904825 0.0088)
(0.0025975256 0.0001134102 0.0088)
(0.00269743045 0.00011777215 0.0088)
(0.0027973353 0.0001221341 0.0088)
(0.00289724015 0.00012649605 0.0088)
(0.002997145 0.000130858 0.0088)
(0.00109895285 -4.798095e-05 0.0089)
(0.0011988577 -5.23429e-05 0.0089)
(0.00129876255 -5.670485e-05 0.0089)
(0.0013986674 -6.10668e-05 0.0089)
(0.00149857225 -6.542875e-05 0.0089)
(0.0015984771 -6.97907e-05 0.0089)
(0.00169838195 -7.415265e-05 0.0089)
(0.0017982868 -7.85146e-05 0.0089)
(0.00189819165 -8.287655e-05 0.0089)
(0.0019980965 -8.72385e-05 0.0089)
(0.00209800135 -9.160045e-05 0.0089)
(0.0021979062 -9.59624e-05 0.0089)
(0.00229781105 -0.00010032435 0.0089)
(0.0023977159 -0.0001046863 0.0089)
(0.00249762075 -0.00010904825 0.0089)
(0.0025975256 -0.0001134102 0.0089)
(0.00269743045 -0.00011777215 0.0089)
(0.0027973353 -0.0001221341 0.0089)
(0.00289724015 -0.00012649605 0.0089)
(0.002997145 -0.000130858 0.0089)
(0.00109895285 4.798095e-05 0.0089)
(0.0011988577 5.23429e-05 0.0089)
(0.00129876255 5.670485e-05 0.0089)
(0.0013986674 6.10668e-05 0.0089)
(0.00149857225 6.542875e-05 0.0089)
(0.0015984771 6.97907e-05 0.0089)
(0.00169838195 7.415265e-05 0.0089)
(0.0017982868 7.85146e-05 0.0089)
(0.00189819165 8.287655e-05 0.0089)
(0.0019980965 8.72385e-05 0.0089)
(0.00209800135 9.160045e-05 0.0089)
(0.0021979062 9.59624e-05 0.0089)
(0.00229781105 0.00010032435 0.0089)
(0.0023977159 0.0001046863 0.0089)
(0.00249762075 0.00010904825 0.0089)
(0.0025975256 0.0001134102 0.0089)
(0.00269743045 0.00011777215 0.0089)
(0.0027973353 0.0001221341 0.0089)
(0.00289724015 0.00012649605 0.0089)
(0.002997145 0.000130858 0.0089)
(0.00109895285 -4.798095e-05 0.009)
(0.0011988577 -5.23429e-05 0.009)
(0.00129876255 -5.670485e-05 0.009)
(0.0013986674 -6.10668e-05 0.009)
(0.00149857225 -6.542875e-05 0.009)
(0.0015984771 -6.97907e-05 0.009)
(0.00169838195 -7.415265e-05 0.009)
(0.0017982868 -7.85146e-05 0.009)
(0.00189819165 -8.287655e-05 0.009)
(0.0019980965 -8.72385e-05 0.009)
(0.00209800135 -9.160045e-05 0.009)
(0.0021979062 -9.59624e-05 0.009)
(0.00229781105 -0.00010032435 0.009)
(0.0023977159 -0.0001046863 0.009)
(0.00249762075 -0.00010904825 0.009)
(0.0025975256 -0.0001134102 0.009)
(0.00269743045 -0.00011777215 0.009)
(0.0027973353 -0.0001221341 0.009)
(0.00289724015 -0.00012649605 0.009)
(0.002997145 -0.000130858 0.009)
(0.00109895285 4.798095e-05 0.009)
(0.0011988577 5.23429e-05 0.009)
(0.00129876255 5.670485e-05 0.009)
(0.0013986674 6.10668e-05 0.009)
(0.00149857225 6.542875e-05 0.009)
(0.0015984771 6.97907e-05 0.009)
(0.00169838195 7.415265e-05 0.009)
(0.0017982868 7.85146e-05 0.009)
(0.00189819165 8.287655e-05 0.009)
(0.0019980965 8.72385e-05 0.009)
(0.00209800135 9.160045e-05 0.009)
(0.0021979062 9.59624e-05 0.009)
(0.00229781105 0.00010032435 0.009)
(0.0023977159 0.0001046863 0.009)
(0.00249762075 0.00010904825 0.009)
(0.0025975256 0.0001134102 0.009)
(0.00269743045 0.00011777215 0.009)
(0.0027973353 0.0001221341 0.009)
(0.00289724015 0.00012649605 0.009)
(0.002997145 0.000130858 0.009)
(0.00109895285 -4.798095e-05 0.0091)
(0.0011988577 -5.23429e-05 0.0091)
(0.00129876255 -5.670485e-05 0.0091)
(0.0013986674 -6.10668e-05 0.0091)
(0.00149857225 -6.542875e-05 0.0091)
(0.0015984771 -6.97907e-05 0.0091)
(0.00169838195 -7.415265e-05 0.0091)
(0.0017982868 -7.85146e-05 0.0091)
(0.00189819165 -8.287655e-05 0.0091)
(0.0019980965 -8.72385e-05 0.0091)
(0.00209800135 -9.160045e-05 0.0091)
(0.0021979062 -9.59624e-05 0.0091)
(0.00229781105 -0.00010032435 0.0091)
(0.0023977159 -0.0001046863 0.0091)
(0.00249762075 -0.00010904825 0.0091)
(0.0025975256 -0.0001134102 0.0091)
(0.00269743045 -0.00011777215 0.0091)
(0.0027973353 -0.0001221341 0.0091)
(0.00289724015 -0.00012649605 0.0091)
(0.002997145 -0.000130858 0.0091)
(0.00109895285 4.798095e-05 0.0091)
(0.0011988577 5.23429e-05 0.0091)
(0.00129876255 5.670485e-05 0.0091)
(0.0013986674 6.10668e-05 0.0091)
(0.00149857225 6.542875e-05 0.0091)
(0.0015984771 6.97907e-05 0.0091)
(0.00169838195 7.415265e-05 0.0091)
(0.0017982868 7.85146e-05 0.0091)
(0.00189819165 8.287655e-05 0.0091)
(0.0019980965 8.72385e-05 0.0091)
(0.00209800135 9.160045e-05 0.0091)
(0.0021979062 9.59624e-05 0.0091)
(0.00229781105 0.00010032435 0.0091)
(0.0023977159 0.0001046863 0.0091)
(0.00249762075 0.00010904825 0.0091)
(0.0025975256 0.0001134102 0.0091)
(0.00269743045 0.00011777215 0.0091)
(0.0027973353 0.0001221341 0.0091)
(0.00289724015 0.00012649605 0.0091)
(0.002997145 0.000130858 0.0091)
(0.00109895285 -4.798095e-05 0.0092)
(0.0011988577 -5.23429e-05 0.0092)
(0.00129876255 -5.670485e-05 0.0092)
(0.0013986674 -6.10668e-05 0.0092)
(0.00149857225 -6.542875e-05 0.0092)
(0.0015984771 -6.97907e-05 0.0092)
(0.00169838195 -7.415265e-05 0.0092)
(0.0017982868 -7.85146e-05 0.0092)
(0.00189819165 -8.287655e-05 0.0092)
(0.0019980965 -8.72385e-05 0.0092)
(0.00209800135 -9.160045e-05 0.0092)
(0.0021979062 -9.59624e-05 0.0092)
(0.00229781105 -0.00010032435 0.0092)
(0.0023977159 -0.0001046863 0.0092)
(0.00249762075 -0.00010904825 0.0092)
(0.0025975256 -0.0001134102 0.0092)
(0.00269743045 -0.00011777215 0.0092)
(0.0027973353 -0.0001221341 0.0092)
(0.00289724015 -0.00012649605 0.0092)
(0.002997145 -0.000130858 0.0092)
(0.00109895285 4.798095e-05 0.0092)
(0.0011988577 5.23429e-05 0.0092)
(0.00129876255 5.670485e-05 0.0092)
(0.0013986674 6.10668e-05 0.0092)
(0.00149857225 6.542875e-05 0.0092)
(0.0015984771 6.97907e-05 0.0092)
(0.00169838195 7.415265e-05 0.0092)
(0.0017982868 7.85146e-05 0.0092)
(0.00189819165 8.287655e-05 0.0092)
(0.0019980965 8.72385e-05 0.0092)
(0.00209800135 9.160045e-05 0.0092)
(0.0021979062 9.59624e-05 0.0092)
(0.00229781105 0.00010032435 0.0092)
(0.0023977159 0.0001046863 0.0092)
(0.00249762075 0.00010904825 0.0092)
(0.0025975256 0.0001134102 0.0092)
(0.00269743045 0.00011777215 0.0092)
(0.0027973353 0.0001221341 0.0092)
(0.00289724015 0.00012649605 0.0092)
(0.002997145 0.000130858 0.0092)
(0.00109895285 -4.798095e-05 0.0093)
(0.0011988577 -5.23429e-05 0.0093)
(0.00129876255 -5.670485e-05 0.0093)
(0.0013986674 -6.10668e-05 0.0093)
(0.00149857225 -6.542875e-05 0.0093)
(0.0015984771 -6.97907e-05 0.0093)
(0.00169838195 -7.415265e-05 0.0093)
(0.0017982868 -7.85146e-05 0.0093)
(0.00189819165 -8.287655e-05 0.0093)
(0.0019980965 -8.72385e-05 0.0093)
(0.00209800135 -9.160045e-05 0.0093)
(0.0021979062 -9.59624e-05 0.0093)
(0.00229781105 -0.00010032435 0.0093)
(0.0023977159 -0.0001046863 0.0093)
(0.00249762075 -0.00010904825 0.0093)
(0.0025975256 -0.0001134102 0.0093)
(0.00269743045 -0.00011777215 0.0093)
(0.0027973353 -0.0001221341 0.0093)
(0.00289724015 -0.00012649605 0.0093)
(0.002997145 -0.000130858 0.0093)
(0.00109895285 4.798095e-05 0.0093)
(0.0011988577 5.23429e-05 0.0093)
(0.00129876255 5.670485e-05 0.0093)
(0.0013986674 6.10668e-05 0.0093)
(0.00149857225 6.542875e-05 0.0093)
(0.0015984771 6.97907e-05 0.0093)
(0.00169838195 7.415265e-05 0.0093)
(0.0017982868 7.85146e-05 0.0093)
(0.00189819165 8.287655e-05 0.0093)
(0.0019980965 8.72385e-05 0.0093)
(0.00209800135 9.160045e-05 0.0093)
(0.0021979062 9.59624e-05 0.0093)
(0.00229781105 0.00010032435 0.0093)
(0.0023977159 0.0001046863 0.0093)
(0.00249762075 0.00010904825 0.0093)
(0.0025975256 0.0001134102 0.0093)
(0.00269743045 0.00011777215 0.0093)
(0.0027973353 0.0001221341 0.0093)
(0.00289724015 0.00012649605 0.0093)
(0.002997145 0.000130858 0.0093)
(0.00109895285 -4.798095e-05 0.0094)
(0.0011988577 -5.23429e-05 0.0094)
(0.00129876255 -5.670485e-05 0.0094)
(0.0013986674 -6.10668e-05 0.0094)
(0.00149857225 -6.542875e-05 0.0094)
(0.0015984771 -6.97907e-05 0.0094)
(0.00169838195 -7.415265e-05 0.0094)
(0.0017982868 -7.85146e-05 0.0094)
(0.00189819165 -8.287655e-05 0.0094)
(0.0019980965 -8.72385e-05 0.0094)
(0.00209800135 -9.160045e-05 0.0094)
(0.0021979062 -9.59624e-05 0.0094)
(0.00229781105 -0.00010032435 0.0094)
(0.0023977159 -0.0001046863 0.0094)
(0.00249762075 -0.00010904825 0.0094)
(0.0025975256 -0.0001134102 0.0094)
(0.00269743045 -0.00011777215 0.0094)
(0.0027973353 -0.0001221341 0.0094)
(0.00289724015 -0.00012649605 0.0094)
(0.002997145 -0.000130858 0.0094)
(0.00109895285 4.798095e-05 0.0094)
(0.0011988577 5.23429e-05 0.0094)
(0.00129876255 5.670485e-05 0.0094)
(0.0013986674 6.10668e-05 0.0094)
(0.00149857225 6.542875e-05 0.0094)
(0.0015984771 6.97907e-05 0.0094)
(0.00169838195 7.415265e-05 0.0094)
(0.0017982868 7.85146e-05 0.0094)
(0.00189819165 8.287655e-05 0.0094)
(0.0019980965 8.72385e-05 0.0094)
(0.00209800135 9.160045e-05 0.0094)
(0.0021979062 9.59624e-05 0.0094)
(0.00229781105 0.00010032435 0.0094)
(0.0023977159 0.0001046863 0.0094)
(0.00249762075 0.00010904825 0.0094)
(0.0025975256 0.0001134102 0.0094)
(0.00269743045 0.00011777215 0.0094)
(0.0027973353 0.0001221341 0.0094)
(0.00289724015 0.00012649605 0.0094)
(0.002997145 0.000130858 0.0094)
(0.00109895285 -4.798095e-05 0.0095)
(0.0011988577 -5.23429e-05 0.0095)
(0.00129876255 -5.670485e-05 0.0095)
(0.0013986674 -6.10668e-05 0.0095)
(0.00149857225 -6.542875e-05 0.0095)
(0.0015984771 -6.97907e-05 0.0095)
(0.00169838195 -7.415265e-05 0.0095)
(0.0017982868 -7.85146e-05 0.0095)
(0.00189819165 -8.287655e-05 0.0095)
(0.0019980965 -8.72385e-05 0.0095)
(0.00209800135 -9.160045e-05 0.0095)
(0.0021979062 -9.59624e-05 0.0095)
(0.00229781105 -0.00010032435 0.0095)
(0.0023977159 -0.0001046863 0.0095)
(0.00249762075 -0.00010904825 0.0095)
(0.0025975256 -0.0001134102 0.0095)
(0.00269743045 -0.00011777215 0.0095)
(0.0027973353 -0.0001221341 0.0095)
(0.00289724015 -0.00012649605 0.0095)
(0.002997145 -0.000130858 0.0095)
(0.00109895285 4.798095e-05 0.0095)
(0.0011988577 5.23429e-05 0.0095)
(0.00129876255 5.670485e-05 0.0095)
(0.0013986674 6.10668e-05 0.0095)
(0.00149857225 6.542875e-05 0.0095)
(0.0015984771 6.97907e-05 0.0095)
(0.00169838195 7.415265e-05 0.0095)
(0.0017982868 7.85146e-05 0.0095)
(0.00189819165 8.287655e-05 0.0095)
(0.0019980965 8.72385e-05 0.0095)
(0.00209800135 9.160045e-05 0.0095)
(0.0021979062 9.59624e-05 0.0095)
(0.00229781105 0.00010032435 0.0095)
(0.0023977159 0.0001046863 0.0095)
(0.00249762075 0.00010904825 0.0095)
(0.0025975256 0.0001134102 0.0095)
(0.00269743045 0.00011777215 0.0095)
(0.0027973353 0.0001221341 0.0095)
(0.00289724015 0.00012649605 0.0095)
(0.002997145 0.000130858 0.0095)
(0.00109895285 -4.798095e-05 0.0096)
(0.0011988577 -5.23429e-05 0.0096)
(0.00129876255 -5.670485e-05 0.0096)
(0.0013986674 -6.10668e-05 0.0096)
(0.00149857225 -6.542875e-05 0.0096)
(0.0015984771 -6.97907e-05 0.0096)
(0.00169838195 -7.415265e-05 0.0096)
(0.0017982868 -7.85146e-05 0.0096)
(0.00189819165 -8.287655e-05 0.0096)
(0.0019980965 -8.72385e-05 0.0096)
(0.00209800135 -9.160045e-05 0.0096)
(0.0021979062 -9.59624e-05 0.0096)
(0.00229781105 -0.00010032435 0.0096)
(0.0023977159 -0.0001046863 0.0096)
(0.00249762075 -0.00010904825 0.0096)
(0.0025975256 -0.0001134102 0.0096)
(0.00269743045 -0.00011777215 0.0096)
(0.0027973353 -0.0001221341 0.0096)
(0.00289724015 -0.00012649605 0.0096)
(0.002997145 -0.000130858 0.0096)
(0.00109895285 4.798095e-05 0.0096)
(0.0011988577 5.23429e-05 0.0096)
(0.00129876255 5.670485e-05 0.0096)
(0.0013986674 6.10668e-05 0.0096)
(0.00149857225 6.542875e-05 0.0096)
(0.0015984771 6.97907e-05 0.0096)
(0.00169838195 7.415265e-05 0.0096)
(0.0017982868 7.85146e-05 0.0096)
(0.00189819165 8.287655e-05 0.0096)
(0.0019980965 8.72385e-05 0.0096)
(0.00209800135 9.160045e-05 0.0096)
(0.0021979062 9.59624e-05 0.0096)
(0.00229781105 0.00010032435 0.0096)
(0.0023977159 0.0001046863 0.0096)
(0.00249762075 0.00010904825 0.0096)
(0.0025975256 0.0001134102 0.0096)
(0.00269743045 0.00011777215 0.0096)
(0.0027973353 0.0001221341 0.0096)
(0.00289724015 0.00012649605 0.0096)
(0.002997145 0.000130858 0.0096)
(0.00109895285 -4.798095e-05 0.0097)
(0.0011988577 -5.23429e-05 0.0097)
(0.00129876255 -5.670485e-05 0.0097)
(0.0013986674 -6.10668e-05 0.0097)
(0.00149857225 -6.542875e-05 0.0097)
(0.0015984771 -6.97907e-05 0.0097)
(0.00169838195 -7.415265e-05 0.0097)
(0.0017982868 -7.85146e-05 0.0097)
(0.00189819165 -8.287655e-05 0.0097)
(0.0019980965 -8.72385e-05 0.0097)
(0.00209800135 -9.160045e-05 0.0097)
(0.0021979062 -9.59624e-05 0.0097)
(0.00229781105 -0.00010032435 0.0097)
(0.0023977159 -0.0001046863 0.0097)
(0.00249762075 -0.00010904825 0.0097)
(0.0025975256 -0.0001134102 0.0097)
(0.00269743045 -0.00011777215 0.0097)
(0.0027973353 -0.0001221341 0.0097)
(0.00289724015 -0.00012649605 0.0097)
(0.002997145 -0.000130858 0.0097)
(0.00109895285 4.798095e-05 0.0097)
(0.0011988577 5.23429e-05 0.0097)
(0.00129876255 5.670485e-05 0.0097)
(0.0013986674 6.10668e-05 0.0097)
(0.00149857225 6.542875e-05 0.0097)
(0.0015984771 6.97907e-05 0.0097)
(0.00169838195 7.415265e-05 0.0097)
(0.0017982868 7.85146e-05 0.0097)
(0.00189819165 8.287655e-05 0.0097)
(0.0019980965 8.72385e-05 0.0097)
(0.00209800135 9.160045e-05 0.0097)
(0.0021979062 9.59624e-05 0.0097)
(0.00229781105 0.00010032435 0.0097)
(0.0023977159 0.0001046863 0.0097)
(0.00249762075 0.00010904825 0.0097)
(0.0025975256 0.0001134102 0.0097)
(0.00269743045 0.00011777215 0.0097)
(0.0027973353 0.0001221341 0.0097)
(0.00289724015 0.00012649605 0.0097)
(0.002997145 0.000130858 0.0097)
(0.00109895285 -4.798095e-05 0.0098)
(0.0011988577 -5.23429e-05 0.0098)
(0.00129876255 -5.670485e-05 0.0098)
(0.0013986674 -6.10668e-05 0.0098)
(0.00149857225 -6.542875e-05 0.0098)
(0.0015984771 -6.97907e-05 0.0098)
(0.00169838195 -7.415265e-05 0.0098)
(0.0017982868 -7.85146e-05 0.0098)
(0.00189819165 -8.287655e-05 0.0098)
(0.0019980965 -8.72385e-05 0.0098)
(0.00209800135 -9.160045e-05 0.0098)
(0.0021979062 -9.59624e-05 0.0098)
(0.00229781105 -0.00010032435 0.0098)
(0.0023977159 -0.0001046863 0.0098)
(0.00249762075 -0.00010904825 0.0098)
(0.0025975256 -0.0001134102 0.0098)
(0.00269743045 -0.00011777215 0.0098)
(0.0027973353 -0.0001221341 0.0098)
(0.00289724015 -0.00012649605 0.0098)
(0.002997145 -0.000130858 0.0098)
(0.00109895285 4.798095e-05 0.0098)
(0.0011988577 5.23429e-05 0.0098)
(0.00129876255 5.670485e-05 0.0098)
(0.0013986674 6.10668e-05 0.0098)
(0.00149857225 6.542875e-05 0.0098)
(0.0015984771 6.97907e-05 0.0098)
(0.00169838195 7.415265e-05 0.0098)
(0.0017982868 7.85146e-05 0.0098)
(0.00189819165 8.287655e-05 0.0098)
(0.0019980965 8.72385e-05 0.0098)
(0.00209800135 9.160045e-05 0.0098)
(0.0021979062 9.59624e-05 0.0098)
(0.00229781105 0.00010032435 0.0098)
(0.0023977159 0.0001046863 0.0098)
(0.00249762075 0.00010904825 0.0098)
(0.0025975256 0.0001134102 0.0098)
(0.00269743045 0.00011777215 0.0098)
(0.0027973353 0.0001221341 0.0098)
(0.00289724015 0.00012649605 0.0098)
(0.002997145 0.000130858 0.0098)
(0.00109895285 -4.798095e-05 0.0099)
(0.0011988577 -5.23429e-05 0.0099)
(0.00129876255 -5.670485e-05 0.0099)
(0.0013986674 -6.10668e-05 0.0099)
(0.00149857225 -6.542875e-05 0.0099)
(0.0015984771 -6.97907e-05 0.0099)
(0.00169838195 -7.415265e-05 0.0099)
(0.0017982868 -7.85146e-05 0.0099)
(0.00189819165 -8.287655e-05 0.0099)
(0.0019980965 -8.72385e-05 0.0099)
(0.00209800135 -9.160045e-05 0.0099)
(0.0021979062 -9.59624e-05 0.0099)
(0.00229781105 -0.00010032435 0.0099)
(0.0023977159 -0.0001046863 0.0099)
(0.00249762075 -0.00010904825 0.0099)
(0.0025975256 -0.0001134102 0.0099)
(0.00269743045 -0.00011777215 0.0099)
(0.0027973353 -0.0001221341 0.0099)
(0.00289724015 -0.00012649605 0.0099)
(0.002997145 -0.000130858 0.0099)
(0.00109895285 4.798095e-05 0.0099)
(0.0011988577 5.23429e-05 0.0099)
(0.00129876255 5.670485e-05 0.0099)
(0.0013986674 6.10668e-05 0.0099)
(0.00149857225 6.542875e-05 0.0099)
(0.0015984771 6.97907e-05 0.0099)
(0.00169838195 7.415265e-05 0.0099)
(0.0017982868 7.85146e-05 0.0099)
(0.00189819165 8.287655e-05 0.0099)
(0.0019980965 8.72385e-05 0.0099)
(0.00209800135 9.160045e-05 0.0099)
(0.0021979062 9.59624e-05 0.0099)
(0.00229781105 0.00010032435 0.0099)
(0.0023977159 0.0001046863 0.0099)
(0.00249762075 0.00010904825 0.0099)
(0.0025975256 0.0001134102 0.0099)
(0.00269743045 0.00011777215 0.0099)
(0.0027973353 0.0001221341 0.0099)
(0.00289724015 0.00012649605 0.0099)
(0.002997145 0.000130858 0.0099)
(0.00109895285 -4.798095e-05 0.01)
(0.0011988577 -5.23429e-05 0.01)
(0.00129876255 -5.670485e-05 0.01)
(0.0013986674 -6.10668e-05 0.01)
(0.00149857225 -6.542875e-05 0.01)
(0.0015984771 -6.97907e-05 0.01)
(0.00169838195 -7.415265e-05 0.01)
(0.0017982868 -7.85146e-05 0.01)
(0.00189819165 -8.287655e-05 0.01)
(0.0019980965 -8.72385e-05 0.01)
(0.00209800135 -9.160045e-05 0.01)
(0.0021979062 -9.59624e-05 0.01)
(0.00229781105 -0.00010032435 0.01)
(0.0023977159 -0.0001046863 0.01)
(0.00249762075 -0.00010904825 0.01)
(0.0025975256 -0.0001134102 0.01)
(0.00269743045 -0.00011777215 0.01)
(0.0027973353 -0.0001221341 0.01)
(0.00289724015 -0.00012649605 0.01)
(0.002997145 -0.000130858 0.01)
(0.00109895285 4.798095e-05 0.01)
(0.0011988577 5.23429e-05 0.01)
(0.00129876255 5.670485e-05 0.01)
(0.0013986674 6.10668e-05 0.01)
(0.00149857225 6.542875e-05 0.01)
(0.0015984771 6.97907e-05 0.01)
(0.00169838195 7.415265e-05 0.01)
(0.0017982868 7.85146e-05 0.01)
(0.00189819165 8.287655e-05 0.01)
(0.0019980965 8.72385e-05 0.01)
(0.00209800135 9.160045e-05 0.01)
(0.0021979062 9.59624e-05 0.01)
(0.00229781105 0.00010032435 0.01)
(0.0023977159 0.0001046863 0.01)
(0.00249762075 0.00010904825 0.01)
(0.0025975256 0.0001134102 0.01)
(0.00269743045 0.00011777215 0.01)
(0.0027973353 0.0001221341 0.01)
(0.00289724015 0.00012649605 0.01)
(0.002997145 0.000130858 0.01)
(0.00109895285 -4.798095e-05 0.0101)
(0.0011988577 -5.23429e-05 0.0101)
(0.00129876255 -5.670485e-05 0.0101)
(0.0013986674 -6.10668e-05 0.0101)
(0.00149857225 -6.542875e-05 0.0101)
(0.0015984771 -6.97907e-05 0.0101)
(0.00169838195 -7.415265e-05 0.0101)
(0.0017982868 -7.85146e-05 0.0101)
(0.00189819165 -8.287655e-05 0.0101)
(0.0019980965 -8.72385e-05 0.0101)
(0.00209800135 -9.160045e-05 0.0101)
(0.0021979062 -9.59624e-05 0.0101)
(0.00229781105 -0.00010032435 0.0101)
(0.0023977159 -0.0001046863 0.0101)
(0.00249762075 -0.00010904825 0.0101)
(0.0025975256 -0.0001134102 0.0101)
(0.00269743045 -0.00011777215 0.0101)
(0.0027973353 -0.0001221341 0.0101)
(0.00289724015 -0.00012649605 0.0101)
(0.002997145 -0.000130858 0.0101)
(0.00109895285 4.798095e-05 0.0101)
(0.0011988577 5.23429e-05 0.0101)
(0.00129876255 5.670485e-05 0.0101)
(0.0013986674 6.10668e-05 0.0101)
(0.00149857225 6.542875e-05 0.0101)
(0.0015984771 6.97907e-05 0.0101)
(0.00169838195 7.415265e-05 0.0101)
(0.0017982868 7.85146e-05 0.0101)
(0.00189819165 8.287655e-05 0.0101)
(0.0019980965 8.72385e-05 0.0101)
(0.00209800135 9.160045e-05 0.0101)
(0.0021979062 9.59624e-05 0.0101)
(0.00229781105 0.00010032435 0.0101)
(0.0023977159 0.0001046863 0.0101)
(0.00249762075 0.00010904825 0.0101)
(0.0025975256 0.0001134102 0.0101)
(0.00269743045 0.00011777215 0.0101)
(0.0027973353 0.0001221341 0.0101)
(0.00289724015 0.00012649605 0.0101)
(0.002997145 0.000130858 0.0101)
(0.00109895285 -4.798095e-05 0.0102)
(0.0011988577 -5.23429e-05 0.0102)
(0.00129876255 -5.670485e-05 0.0102)
(0.0013986674 -6.10668e-05 0.0102)
(0.00149857225 -6.542875e-05 0.0102)
(0.0015984771 -6.97907e-05 0.0102)
(0.00169838195 -7.415265e-05 0.0102)
(0.0017982868 -7.85146e-05 0.0102)
(0.00189819165 -8.287655e-05 0.0102)
(0.0019980965 -8.72385e-05 0.0102)
(0.00209800135 -9.160045e-05 0.0102)
(0.0021979062 -9.59624e-05 0.0102)
(0.00229781105 -0.00010032435 0.0102)
(0.0023977159 -0.0001046863 0.0102)
(0.00249762075 -0.00010904825 0.0102)
(0.0025975256 -0.0001134102 0.0102)
(0.00269743045 -0.00011777215 0.0102)
(0.0027973353 -0.0001221341 0.0102)
(0.00289724015 -0.00012649605 0.0102)
(0.002997145 -0.000130858 0.0102)
(0.00109895285 4.798095e-05 0.0102)
(0.0011988577 5.23429e-05 0.0102)
(0.00129876255 5.670485e-05 0.0102)
(0.0013986674 6.10668e-05 0.0102)
(0.00149857225 6.542875e-05 0.0102)
(0.0015984771 6.97907e-05 0.0102)
(0.00169838195 7.415265e-05 0.0102)
(0.0017982868 7.85146e-05 0.0102)
(0.00189819165 8.287655e-05 0.0102)
(0.0019980965 8.72385e-05 0.0102)
(0.00209800135 9.160045e-05 0.0102)
(0.0021979062 9.59624e-05 0.0102)
(0.00229781105 0.00010032435 0.0102)
(0.0023977159 0.0001046863 0.0102)
(0.00249762075 0.00010904825 0.0102)
(0.0025975256 0.0001134102 0.0102)
(0.00269743045 0.00011777215 0.0102)
(0.0027973353 0.0001221341 0.0102)
(0.00289724015 0.00012649605 0.0102)
(0.002997145 0.000130858 0.0102)
(0.00109895285 -4.798095e-05 0.0103)
(0.0011988577 -5.23429e-05 0.0103)
(0.00129876255 -5.670485e-05 0.0103)
(0.0013986674 -6.10668e-05 0.0103)
(0.00149857225 -6.542875e-05 0.0103)
(0.0015984771 -6.97907e-05 0.0103)
(0.00169838195 -7.415265e-05 0.0103)
(0.0017982868 -7.85146e-05 0.0103)
(0.00189819165 -8.287655e-05 0.0103)
(0.0019980965 -8.72385e-05 0.0103)
(0.00209800135 -9.160045e-05 0.0103)
(0.0021979062 -9.59624e-05 0.0103)
(0.00229781105 -0.00010032435 0.0103)
(0.0023977159 -0.0001046863 0.0103)
(0.00249762075 -0.00010904825 0.0103)
(0.0025975256 -0.0001134102 0.0103)
(0.00269743045 -0.00011777215 0.0103)
(0.0027973353 -0.0001221341 0.0103)
(0.00289724015 -0.00012649605 0.0103)
(0.002997145 -0.000130858 0.0103)
(0.00109895285 4.798095e-05 0.0103)
(0.0011988577 5.23429e-05 0.0103)
(0.00129876255 5.670485e-05 0.0103)
(0.0013986674 6.10668e-05 0.0103)
(0.00149857225 6.542875e-05 0.0103)
(0.0015984771 6.97907e-05 0.0103)
(0.00169838195 7.415265e-05 0.0103)
(0.0017982868 7.85146e-05 0.0103)
(0.00189819165 8.287655e-05 0.0103)
(0.0019980965 8.72385e-05 0.0103)
(0.00209800135 9.160045e-05 0.0103)
(0.0021979062 9.59624e-05 0.0103)
(0.00229781105 0.00010032435 0.0103)
(0.0023977159 0.0001046863 0.0103)
(0.00249762075 0.00010904825 0.0103)
(0.0025975256 0.0001134102 0.0103)
(0.00269743045 0.00011777215 0.0103)
(0.0027973353 0.0001221341 0.0103)
(0.00289724015 0.00012649605 0.0103)
(0.002997145 0.000130858 0.0103)
(0.00109895285 -4.798095e-05 0.0104)
(0.0011988577 -5.23429e-05 0.0104)
(0.00129876255 -5.670485e-05 0.0104)
(0.0013986674 -6.10668e-05 0.0104)
(0.00149857225 -6.542875e-05 0.0104)
(0.0015984771 -6.97907e-05 0.0104)
(0.00169838195 -7.415265e-05 0.0104)
(0.0017982868 -7.85146e-05 0.0104)
(0.00189819165 -8.287655e-05 0.0104)
(0.0019980965 -8.72385e-05 0.0104)
(0.00209800135 -9.160045e-05 0.0104)
(0.0021979062 -9.59624e-05 0.0104)
(0.00229781105 -0.00010032435 0.0104)
(0.0023977159 -0.0001046863 0.0104)
(0.00249762075 -0.00010904825 0.0104)
(0.0025975256 -0.0001134102 0.0104)
(0.00269743045 -0.00011777215 0.0104)
(0.0027973353 -0.0001221341 0.0104)
(0.00289724015 -0.00012649605 0.0104)
(0.002997145 -0.000130858 0.0104)
(0.00109895285 4.798095e-05 0.0104)
(0.0011988577 5.23429e-05 0.0104)
(0.00129876255 5.670485e-05 0.0104)
(0.0013986674 6.10668e-05 0.0104)
(0.00149857225 6.542875e-05 0.0104)
(0.0015984771 6.97907e-05 0.0104)
(0.00169838195 7.415265e-05 0.0104)
(0.0017982868 7.85146e-05 0.0104)
(0.00189819165 8.287655e-05 0.0104)
(0.0019980965 8.72385e-05 0.0104)
(0.00209800135 9.160045e-05 0.0104)
(0.0021979062 9.59624e-05 0.0104)
(0.00229781105 0.00010032435 0.0104)
(0.0023977159 0.0001046863 0.0104)
(0.00249762075 0.00010904825 0.0104)
(0.0025975256 0.0001134102 0.0104)
(0.00269743045 0.00011777215 0.0104)
(0.0027973353 0.0001221341 0.0104)
(0.00289724015 0.00012649605 0.0104)
(0.002997145 0.000130858 0.0104)
(0.00109895285 -4.798095e-05 0.0105)
(0.0011988577 -5.23429e-05 0.0105)
(0.00129876255 -5.670485e-05 0.0105)
(0.0013986674 -6.10668e-05 0.0105)
(0.00149857225 -6.542875e-05 0.0105)
(0.0015984771 -6.97907e-05 0.0105)
(0.00169838195 -7.415265e-05 0.0105)
(0.0017982868 -7.85146e-05 0.0105)
(0.00189819165 -8.287655e-05 0.0105)
(0.0019980965 -8.72385e-05 0.0105)
(0.00209800135 -9.160045e-05 0.0105)
(0.0021979062 -9.59624e-05 0.0105)
(0.00229781105 -0.00010032435 0.0105)
(0.0023977159 -0.0001046863 0.0105)
(0.00249762075 -0.00010904825 0.0105)
(0.0025975256 -0.0001134102 0.0105)
(0.00269743045 -0.00011777215 0.0105)
(0.0027973353 -0.0001221341 0.0105)
(0.00289724015 -0.00012649605 0.0105)
(0.002997145 -0.000130858 0.0105)
(0.00109895285 4.798095e-05 0.0105)
(0.0011988577 5.23429e-05 0.0105)
(0.00129876255 5.670485e-05 0.0105)
(0.0013986674 6.10668e-05 0.0105)
(0.00149857225 6.542875e-05 0.0105)
(0.0015984771 6.97907e-05 0.0105)
(0.00169838195 7.415265e-05 0.0105)
(0.0017982868 7.85146e-05 0.0105)
(0.00189819165 8.287655e-05 0.0105)
(0.0019980965 8.72385e-05 0.0105)
(0.00209800135 9.160045e-05 0.0105)
(0.0021979062 9.59624e-05 0.0105)
(0.00229781105 0.00010032435 0.0105)
(0.0023977159 0.0001046863 0.0105)
(0.00249762075 0.00010904825 0.0105)
(0.0025975256 0.0001134102 0.0105)
(0.00269743045 0.00011777215 0.0105)
(0.0027973353 0.0001221341 0.0105)
(0.00289724015 0.00012649605 0.0105)
(0.002997145 0.000130858 0.0105)
(0.00109895285 -4.798095e-05 0.0106)
(0.0011988577 -5.23429e-05 0.0106)
(0.00129876255 -5.670485e-05 0.0106)
(0.0013986674 -6.10668e-05 0.0106)
(0.00149857225 -6.542875e-05 0.0106)
(0.0015984771 -6.97907e-05 0.0106)
(0.00169838195 -7.415265e-05 0.0106)
(0.0017982868 -7.85146e-05 0.0106)
(0.00189819165 -8.287655e-05 0.0106)
(0.0019980965 -8.72385e-05 0.0106)
(0.00209800135 -9.160045e-05 0.0106)
(0.0021979062 -9.59624e-05 0.0106)
(0.00229781105 -0.00010032435 0.0106)
(0.0023977159 -0.0001046863 0.0106)
(0.00249762075 -0.00010904825 0.0106)
(0.0025975256 -0.0001134102 0.0106)
(0.00269743045 -0.00011777215 0.0106)
(0.0027973353 -0.0001221341 0.0106)
(0.00289724015 -0.00012649605 0.0106)
(0.002997145 -0.000130858 0.0106)
(0.00109895285 4.798095e-05 0.0106)
(0.0011988577 5.23429e-05 0.0106)
(0.00129876255 5.670485e-05 0.0106)
(0.0013986674 6.10668e-05 0.0106)
(0.00149857225 6.542875e-05 0.0106)
(0.0015984771 6.97907e-05 0.0106)
(0.00169838195 7.415265e-05 0.0106)
(0.0017982868 7.85146e-05 0.0106)
(0.00189819165 8.287655e-05 0.0106)
(0.0019980965 8.72385e-05 0.0106)
(0.00209800135 9.160045e-05 0.0106)
(0.0021979062 9.59624e-05 0.0106)
(0.00229781105 0.00010032435 0.0106)
(0.0023977159 0.0001046863 0.0106)
(0.00249762075 0.00010904825 0.0106)
(0.0025975256 0.0001134102 0.0106)
(0.00269743045 0.00011777215 0.0106)
(0.0027973353 0.0001221341 0.0106)
(0.00289724015 0.00012649605 0.0106)
(0.002997145 0.000130858 0.0106)
(0.00109895285 -4.798095e-05 0.0107)
(0.0011988577 -5.23429e-05 0.0107)
(0.00129876255 -5.670485e-05 0.0107)
(0.0013986674 -6.10668e-05 0.0107)
(0.00149857225 -6.542875e-05 0.0107)
(0.0015984771 -6.97907e-05 0.0107)
(0.00169838195 -7.415265e-05 0.0107)
(0.0017982868 -7.85146e-05 0.0107)
(0.00189819165 -8.287655e-05 0.0107)
(0.0019980965 -8.72385e-05 0.0107)
(0.00209800135 -9.160045e-05 0.0107)
(0.0021979062 -9.59624e-05 0.0107)
(0.00229781105 -0.00010032435 0.0107)
(0.0023977159 -0.0001046863 0.0107)
(0.00249762075 -0.00010904825 0.0107)
(0.0025975256 -0.0001134102 0.0107)
(0.00269743045 -0.00011777215 0.0107)
(0.0027973353 -0.0001221341 0.0107)
(0.00289724015 -0.00012649605 0.0107)
(0.002997145 -0.000130858 0.0107)
(0.00109895285 4.798095e-05 0.0107)
(0.0011988577 5.23429e-05 0.0107)
(0.00129876255 5.670485e-05 0.0107)
(0.0013986674 6.10668e-05 0.0107)
(0.00149857225 6.542875e-05 0.0107)
(0.0015984771 6.97907e-05 0.0107)
(0.00169838195 7.415265e-05 0.0107)
(0.0017982868 7.85146e-05 0.0107)
(0.00189819165 8.287655e-05 0.0107)
(0.0019980965 8.72385e-05 0.0107)
(0.00209800135 9.160045e-05 0.0107)
(0.0021979062 9.59624e-05 0.0107)
(0.00229781105 0.00010032435 0.0107)
(0.0023977159 0.0001046863 0.0107)
(0.00249762075 0.00010904825 0.0107)
(0.0025975256 0.0001134102 0.0107)
(0.00269743045 0.00011777215 0.0107)
(0.0027973353 0.0001221341 0.0107)
(0.00289724015 0.00012649605 0.0107)
(0.002997145 0.000130858 0.0107)
(0.00109895285 -4.798095e-05 0.0108)
(0.0011988577 -5.23429e-05 0.0108)
(0.00129876255 -5.670485e-05 0.0108)
(0.0013986674 -6.10668e-05 0.0108)
(0.00149857225 -6.542875e-05 0.0108)
(0.0015984771 -6.97907e-05 0.0108)
(0.00169838195 -7.415265e-05 0.0108)
(0.0017982868 -7.85146e-05 0.0108)
(0.00189819165 -8.287655e-05 0.0108)
(0.0019980965 -8.72385e-05 0.0108)
(0.00209800135 -9.160045e-05 0.0108)
(0.0021979062 -9.59624e-05 0.0108)
(0.00229781105 -0.00010032435 0.0108)
(0.0023977159 -0.0001046863 0.0108)
(0.00249762075 -0.00010904825 0.0108)
(0.0025975256 -0.0001134102 0.0108)
(0.00269743045 -0.00011777215 0.0108)
(0.0027973353 -0.0001221341 0.0108)
(0.00289724015 -0.00012649605 0.0108)
(0.002997145 -0.000130858 0.0108)
(0.00109895285 4.798095e-05 0.0108)
(0.0011988577 5.23429e-05 0.0108)
(0.00129876255 5.670485e-05 0.0108)
(0.0013986674 6.10668e-05 0.0108)
(0.00149857225 6.542875e-05 0.0108)
(0.0015984771 6.97907e-05 0.0108)
(0.00169838195 7.415265e-05 0.0108)
(0.0017982868 7.85146e-05 0.0108)
(0.00189819165 8.287655e-05 0.0108)
(0.0019980965 8.72385e-05 0.0108)
(0.00209800135 9.160045e-05 0.0108)
(0.0021979062 9.59624e-05 0.0108)
(0.00229781105 0.00010032435 0.0108)
(0.0023977159 0.0001046863 0.0108)
(0.00249762075 0.00010904825 0.0108)
(0.0025975256 0.0001134102 0.0108)
(0.00269743045 0.00011777215 0.0108)
(0.0027973353 0.0001221341 0.0108)
(0.00289724015 0.00012649605 0.0108)
(0.002997145 0.000130858 0.0108)
(0.00109895285 -4.798095e-05 0.0109)
(0.0011988577 -5.23429e-05 0.0109)
(0.00129876255 -5.670485e-05 0.0109)
(0.0013986674 -6.10668e-05 0.0109)
(0.00149857225 -6.542875e-05 0.0109)
(0.0015984771 -6.97907e-05 0.0109)
(0.00169838195 -7.415265e-05 0.0109)
(0.0017982868 -7.85146e-05 0.0109)
(0.00189819165 -8.287655e-05 0.0109)
(0.0019980965 -8.72385e-05 0.0109)
(0.00209800135 -9.160045e-05 0.0109)
(0.0021979062 -9.59624e-05 0.0109)
(0.00229781105 -0.00010032435 0.0109)
(0.0023977159 -0.0001046863 0.0109)
(0.00249762075 -0.00010904825 0.0109)
(0.0025975256 -0.0001134102 0.0109)
(0.00269743045 -0.00011777215 0.0109)
(0.0027973353 -0.0001221341 0.0109)
(0.00289724015 -0.00012649605 0.0109)
(0.002997145 -0.000130858 0.0109)
(0.00109895285 4.798095e-05 0.0109)
(0.0011988577 5.23429e-05 0.0109)
(0.00129876255 5.670485e-05 0.0109)
(0.0013986674 6.10668e-05 0.0109)
(0.00149857225 6.542875e-05 0.0109)
(0.0015984771 6.97907e-05 0.0109)
(0.00169838195 7.415265e-05 0.0109)
(0.0017982868 7.85146e-05 0.0109)
(0.00189819165 8.287655e-05 0.0109)
(0.0019980965 8.72385e-05 0.0109)
(0.00209800135 9.160045e-05 0.0109)
(0.0021979062 9.59624e-05 0.0109)
(0.00229781105 0.00010032435 0.0109)
(0.0023977159 0.0001046863 0.0109)
(0.00249762075 0.00010904825 0.0109)
(0.0025975256 0.0001134102 0.0109)
(0.00269743045 0.00011777215 0.0109)
(0.0027973353 0.0001221341 0.0109)
(0.00289724015 0.00012649605 0.0109)
(0.002997145 0.000130858 0.0109)
(0.00109895285 -4.798095e-05 0.011)
(0.0011988577 -5.23429e-05 0.011)
(0.00129876255 -5.670485e-05 0.011)
(0.0013986674 -6.10668e-05 0.011)
(0.00149857225 -6.542875e-05 0.011)
(0.0015984771 -6.97907e-05 0.011)
(0.00169838195 -7.415265e-05 0.011)
(0.0017982868 -7.85146e-05 0.011)
(0.00189819165 -8.287655e-05 0.011)
(0.0019980965 -8.72385e-05 0.011)
(0.00209800135 -9.160045e-05 0.011)
(0.0021979062 -9.59624e-05 0.011)
(0.00229781105 -0.00010032435 0.011)
(0.0023977159 -0.0001046863 0.011)
(0.00249762075 -0.00010904825 0.011)
(0.0025975256 -0.0001134102 0.011)
(0.00269743045 -0.00011777215 0.011)
(0.0027973353 -0.0001221341 0.011)
(0.00289724015 -0.00012649605 0.011)
(0.002997145 -0.000130858 0.011)
(0.00109895285 4.798095e-05 0.011)
(0.0011988577 5.23429e-05 0.011)
(0.00129876255 5.670485e-05 0.011)
(0.0013986674 6.10668e-05 0.011)
(0.00149857225 6.542875e-05 0.011)
(0.0015984771 6.97907e-05 0.011)
(0.00169838195 7.415265e-05 0.011)
(0.0017982868 7.85146e-05 0.011)
(0.00189819165 8.287655e-05 0.011)
(0.0019980965 8.72385e-05 0.011)
(0.00209800135 9.160045e-05 0.011)
(0.0021979062 9.59624e-05 0.011)
(0.00229781105 0.00010032435 0.011)
(0.0023977159 0.0001046863 0.011)
(0.00249762075 0.00010904825 0.011)
(0.0025975256 0.0001134102 0.011)
(0.00269743045 0.00011777215 0.011)
(0.0027973353 0.0001221341 0.011)
(0.00289724015 0.00012649605 0.011)
(0.002997145 0.000130858 0.011)
(0.00109895285 -4.798095e-05 0.0111)
(0.0011988577 -5.23429e-05 0.0111)
(0.00129876255 -5.670485e-05 0.0111)
(0.0013986674 -6.10668e-05 0.0111)
(0.00149857225 -6.542875e-05 0.0111)
(0.0015984771 -6.97907e-05 0.0111)
(0.00169838195 -7.415265e-05 0.0111)
(0.0017982868 -7.85146e-05 0.0111)
(0.00189819165 -8.287655e-05 0.0111)
(0.0019980965 -8.72385e-05 0.0111)
(0.00209800135 -9.160045e-05 0.0111)
(0.0021979062 -9.59624e-05 0.0111)
(0.00229781105 -0.00010032435 0.0111)
(0.0023977159 -0.0001046863 0.0111)
(0.00249762075 -0.00010904825 0.0111)
(0.0025975256 -0.0001134102 0.0111)
(0.00269743045 -0.00011777215 0.0111)
(0.0027973353 -0.0001221341 0.0111)
(0.00289724015 -0.00012649605 0.0111)
(0.002997145 -0.000130858 0.0111)
(0.00109895285 4.798095e-05 0.0111)
(0.0011988577 5.23429e-05 0.0111)
(0.00129876255 5.670485e-05 0.0111)
(0.0013986674 6.10668e-05 0.0111)
(0.00149857225 6.542875e-05 0.0111)
(0.0015984771 6.97907e-05 0.0111)
(0.00169838195 7.415265e-05 0.0111)
(0.0017982868 7.85146e-05 0.0111)
(0.00189819165 8.287655e-05 0.0111)
(0.0019980965 8.72385e-05 0.0111)
(0.00209800135 9.160045e-05 0.0111)
(0.0021979062 9.59624e-05 0.0111)
(0.00229781105 0.00010032435 0.0111)
(0.0023977159 0.0001046863 0.0111)
(0.00249762075 0.00010904825 0.0111)
(0.0025975256 0.0001134102 0.0111)
(0.00269743045 0.00011777215 0.0111)
(0.0027973353 0.0001221341 0.0111)
(0.00289724015 0.00012649605 0.0111)
(0.002997145 0.000130858 0.0111)
(0.00109895285 -4.798095e-05 0.0112)
(0.0011988577 -5.23429e-05 0.0112)
(0.00129876255 -5.670485e-05 0.0112)
(0.0013986674 -6.10668e-05 0.0112)
(0.00149857225 -6.542875e-05 0.0112)
(0.0015984771 -6.97907e-05 0.0112)
(0.00169838195 -7.415265e-05 0.0112)
(0.0017982868 -7.85146e-05 0.0112)
(0.00189819165 -8.287655e-05 0.0112)
(0.0019980965 -8.72385e-05 0.0112)
(0.00209800135 -9.160045e-05 0.0112)
(0.0021979062 -9.59624e-05 0.0112)
(0.00229781105 -0.00010032435 0.0112)
(0.0023977159 -0.0001046863 0.0112)
(0.00249762075 -0.00010904825 0.0112)
(0.0025975256 -0.0001134102 0.0112)
(0.00269743045 -0.00011777215 0.0112)
(0.0027973353 -0.0001221341 0.0112)
(0.00289724015 -0.00012649605 0.0112)
(0.002997145 -0.000130858 0.0112)
(0.00109895285 4.798095e-05 0.0112)
(0.0011988577 5.23429e-05 0.0112)
(0.00129876255 5.670485e-05 0.0112)
(0.0013986674 6.10668e-05 0.0112)
(0.00149857225 6.542875e-05 0.0112)
(0.0015984771 6.97907e-05 0.0112)
(0.00169838195 7.415265e-05 0.0112)
(0.0017982868 7.85146e-05 0.0112)
(0.00189819165 8.287655e-05 0.0112)
(0.0019980965 8.72385e-05 0.0112)
(0.00209800135 9.160045e-05 0.0112)
(0.0021979062 9.59624e-05 0.0112)
(0.00229781105 0.00010032435 0.0112)
(0.0023977159 0.0001046863 0.0112)
(0.00249762075 0.00010904825 0.0112)
(0.0025975256 0.0001134102 0.0112)
(0.00269743045 0.00011777215 0.0112)
(0.0027973353 0.0001221341 0.0112)
(0.00289724015 0.00012649605 0.0112)
(0.002997145 0.000130858 0.0112)
(0.00109895285 -4.798095e-05 0.0113)
(0.0011988577 -5.23429e-05 0.0113)
(0.00129876255 -5.670485e-05 0.0113)
(0.0013986674 -6.10668e-05 0.0113)
(0.00149857225 -6.542875e-05 0.0113)
(0.0015984771 -6.97907e-05 0.0113)
(0.00169838195 -7.415265e-05 0.0113)
(0.0017982868 -7.85146e-05 0.0113)
(0.00189819165 -8.287655e-05 0.0113)
(0.0019980965 -8.72385e-05 0.0113)
(0.00209800135 -9.160045e-05 0.0113)
(0.0021979062 -9.59624e-05 0.0113)
(0.00229781105 -0.00010032435 0.0113)
(0.0023977159 -0.0001046863 0.0113)
(0.00249762075 -0.00010904825 0.0113)
(0.0025975256 -0.0001134102 0.0113)
(0.00269743045 -0.00011777215 0.0113)
(0.0027973353 -0.0001221341 0.0113)
(0.00289724015 -0.00012649605 0.0113)
(0.002997145 -0.000130858 0.0113)
(0.00109895285 4.798095e-05 0.0113)
(0.0011988577 5.23429e-05 0.0113)
(0.00129876255 5.670485e-05 0.0113)
(0.0013986674 6.10668e-05 0.0113)
(0.00149857225 6.542875e-05 0.0113)
(0.0015984771 6.97907e-05 0.0113)
(0.00169838195 7.415265e-05 0.0113)
(0.0017982868 7.85146e-05 0.0113)
(0.00189819165 8.287655e-05 0.0113)
(0.0019980965 8.72385e-05 0.0113)
(0.00209800135 9.160045e-05 0.0113)
(0.0021979062 9.59624e-05 0.0113)
(0.00229781105 0.00010032435 0.0113)
(0.0023977159 0.0001046863 0.0113)
(0.00249762075 0.00010904825 0.0113)
(0.0025975256 0.0001134102 0.0113)
(0.00269743045 0.00011777215 0.0113)
(0.0027973353 0.0001221341 0.0113)
(0.00289724015 0.00012649605 0.0113)
(0.002997145 0.000130858 0.0113)
(0.00109895285 -4.798095e-05 0.0114)
(0.0011988577 -5.23429e-05 0.0114)
(0.00129876255 -5.670485e-05 0.0114)
(0.0013986674 -6.10668e-05 0.0114)
(0.00149857225 -6.542875e-05 0.0114)
(0.0015984771 -6.97907e-05 0.0114)
(0.00169838195 -7.415265e-05 0.0114)
(0.0017982868 -7.85146e-05 0.0114)
(0.00189819165 -8.287655e-05 0.0114)
(0.0019980965 -8.72385e-05 0.0114)
(0.00209800135 -9.160045e-05 0.0114)
(0.0021979062 -9.59624e-05 0.0114)
(0.00229781105 -0.00010032435 0.0114)
(0.0023977159 -0.0001046863 0.0114)
(0.00249762075 -0.00010904825 0.0114)
(0.0025975256 -0.0001134102 0.0114)
(0.00269743045 -0.00011777215 0.0114)
(0.0027973353 -0.0001221341 0.0114)
(0.00289724015 -0.00012649605 0.0114)
(0.002997145 -0.000130858 0.0114)
(0.00109895285 4.798095e-05 0.0114)
(0.0011988577 5.23429e-05 0.0114)
(0.00129876255 5.670485e-05 0.0114)
(0.0013986674 6.10668e-05 0.0114)
(0.00149857225 6.542875e-05 0.0114)
(0.0015984771 6.97907e-05 0.0114)
(0.00169838195 7.415265e-05 0.0114)
(0.0017982868 7.85146e-05 0.0114)
(0.00189819165 8.287655e-05 0.0114)
(0.0019980965 8.72385e-05 0.0114)
(0.00209800135 9.160045e-05 0.0114)
(0.0021979062 9.59624e-05 0.0114)
(0.00229781105 0.00010032435 0.0114)
(0.0023977159 0.0001046863 0.0114)
(0.00249762075 0.00010904825 0.0114)
(0.0025975256 0.0001134102 0.0114)
(0.00269743045 0.00011777215 0.0114)
(0.0027973353 0.0001221341 0.0114)
(0.00289724015 0.00012649605 0.0114)
(0.002997145 0.000130858 0.0114)
(0.00109895285 -4.798095e-05 0.0115)
(0.0011988577 -5.23429e-05 0.0115)
(0.00129876255 -5.670485e-05 0.0115)
(0.0013986674 -6.10668e-05 0.0115)
(0.00149857225 -6.542875e-05 0.0115)
(0.0015984771 -6.97907e-05 0.0115)
(0.00169838195 -7.415265e-05 0.0115)
(0.0017982868 -7.85146e-05 0.0115)
(0.00189819165 -8.287655e-05 0.0115)
(0.0019980965 -8.72385e-05 0.0115)
(0.00209800135 -9.160045e-05 0.0115)
(0.0021979062 -9.59624e-05 0.0115)
(0.00229781105 -0.00010032435 0.0115)
(0.0023977159 -0.0001046863 0.0115)
(0.00249762075 -0.00010904825 0.0115)
(0.0025975256 -0.0001134102 0.0115)
(0.00269743045 -0.00011777215 0.0115)
(0.0027973353 -0.0001221341 0.0115)
(0.00289724015 -0.00012649605 0.0115)
(0.002997145 -0.000130858 0.0115)
(0.00109895285 4.798095e-05 0.0115)
(0.0011988577 5.23429e-05 0.0115)
(0.00129876255 5.670485e-05 0.0115)
(0.0013986674 6.10668e-05 0.0115)
(0.00149857225 6.542875e-05 0.0115)
(0.0015984771 6.97907e-05 0.0115)
(0.00169838195 7.415265e-05 0.0115)
(0.0017982868 7.85146e-05 0.0115)
(0.00189819165 8.287655e-05 0.0115)
(0.0019980965 8.72385e-05 0.0115)
(0.00209800135 9.160045e-05 0.0115)
(0.0021979062 9.59624e-05 0.0115)
(0.00229781105 0.00010032435 0.0115)
(0.0023977159 0.0001046863 0.0115)
(0.00249762075 0.00010904825 0.0115)
(0.0025975256 0.0001134102 0.0115)
(0.00269743045 0.00011777215 0.0115)
(0.0027973353 0.0001221341 0.0115)
(0.00289724015 0.00012649605 0.0115)
(0.002997145 0.000130858 0.0115)
(0.00109895285 -4.798095e-05 0.0116)
(0.0011988577 -5.23429e-05 0.0116)
(0.00129876255 -5.670485e-05 0.0116)
(0.0013986674 -6.10668e-05 0.0116)
(0.00149857225 -6.542875e-05 0.0116)
(0.0015984771 -6.97907e-05 0.0116)
(0.00169838195 -7.415265e-05 0.0116)
(0.0017982868 -7.85146e-05 0.0116)
(0.00189819165 -8.287655e-05 0.0116)
(0.0019980965 -8.72385e-05 0.0116)
(0.00209800135 -9.160045e-05 0.0116)
(0.0021979062 -9.59624e-05 0.0116)
(0.00229781105 -0.00010032435 0.0116)
(0.0023977159 -0.0001046863 0.0116)
(0.00249762075 -0.00010904825 0.0116)
(0.0025975256 -0.0001134102 0.0116)
(0.00269743045 -0.00011777215 0.0116)
(0.0027973353 -0.0001221341 0.0116)
(0.00289724015 -0.00012649605 0.0116)
(0.002997145 -0.000130858 0.0116)
(0.00109895285 4.798095e-05 0.0116)
(0.0011988577 5.23429e-05 0.0116)
(0.00129876255 5.670485e-05 0.0116)
(0.0013986674 6.10668e-05 0.0116)
(0.00149857225 6.542875e-05 0.0116)
(0.0015984771 6.97907e-05 0.0116)
(0.00169838195 7.415265e-05 0.0116)
(0.0017982868 7.85146e-05 0.0116)
(0.00189819165 8.287655e-05 0.0116)
(0.0019980965 8.72385e-05 0.0116)
(0.00209800135 9.160045e-05 0.0116)
(0.0021979062 9.59624e-05 0.0116)
(0.00229781105 0.00010032435 0.0116)
(0.0023977159 0.0001046863 0.0116)
(0.00249762075 0.00010904825 0.0116)
(0.0025975256 0.0001134102 0.0116)
(0.00269743045 0.00011777215 0.0116)
(0.0027973353 0.0001221341 0.0116)
(0.00289724015 0.00012649605 0.0116)
(0.002997145 0.000130858 0.0116)
(0.00109895285 -4.798095e-05 0.0117)
(0.0011988577 -5.23429e-05 0.0117)
(0.00129876255 -5.670485e-05 0.0117)
(0.0013986674 -6.10668e-05 0.0117)
(0.00149857225 -6.542875e-05 0.0117)
(0.0015984771 -6.97907e-05 0.0117)
(0.00169838195 -7.415265e-05 0.0117)
(0.0017982868 -7.85146e-05 0.0117)
(0.00189819165 -8.287655e-05 0.0117)
(0.0019980965 -8.72385e-05 0.0117)
(0.00209800135 -9.160045e-05 0.0117)
(0.0021979062 -9.59624e-05 0.0117)
(0.00229781105 -0.00010032435 0.0117)
(0.0023977159 -0.0001046863 0.0117)
(0.00249762075 -0.00010904825 0.0117)
(0.0025975256 -0.0001134102 0.0117)
(0.00269743045 -0.00011777215 0.0117)
(0.0027973353 -0.0001221341 0.0117)
(0.00289724015 -0.00012649605 0.0117)
(0.002997145 -0.000130858 0.0117)
(0.00109895285 4.798095e-05 0.0117)
(0.0011988577 5.23429e-05 0.0117)
(0.00129876255 5.670485e-05 0.0117)
(0.0013986674 6.10668e-05 0.0117)
(0.00149857225 6.542875e-05 0.0117)
(0.0015984771 6.97907e-05 0.0117)
(0.00169838195 7.415265e-05 0.0117)
(0.0017982868 7.85146e-05 0.0117)
(0.00189819165 8.287655e-05 0.0117)
(0.0019980965 8.72385e-05 0.0117)
(0.00209800135 9.160045e-05 0.0117)
(0.0021979062 9.59624e-05 0.0117)
(0.00229781105 0.00010032435 0.0117)
(0.0023977159 0.0001046863 0.0117)
(0.00249762075 0.00010904825 0.0117)
(0.0025975256 0.0001134102 0.0117)
(0.00269743045 0.00011777215 0.0117)
(0.0027973353 0.0001221341 0.0117)
(0.00289724015 0.00012649605 0.0117)
(0.002997145 0.000130858 0.0117)
(0.00109895285 -4.798095e-05 0.0118)
(0.0011988577 -5.23429e-05 0.0118)
(0.00129876255 -5.670485e-05 0.0118)
(0.0013986674 -6.10668e-05 0.0118)
(0.00149857225 -6.542875e-05 0.0118)
(0.0015984771 -6.97907e-05 0.0118)
(0.00169838195 -7.415265e-05 0.0118)
(0.0017982868 -7.85146e-05 0.0118)
(0.00189819165 -8.287655e-05 0.0118)
(0.0019980965 -8.72385e-05 0.0118)
(0.00209800135 -9.160045e-05 0.0118)
(0.0021979062 -9.59624e-05 0.0118)
(0.00229781105 -0.00010032435 0.0118)
(0.0023977159 -0.0001046863 0.0118)
(0.00249762075 -0.00010904825 0.0118)
(0.0025975256 -0.0001134102 0.0118)
(0.00269743045 -0.00011777215 0.0118)
(0.0027973353 -0.0001221341 0.0118)
(0.00289724015 -0.00012649605 0.0118)
(0.002997145 -0.000130858 0.0118)
(0.00109895285 4.798095e-05 0.0118)
(0.0011988577 5.23429e-05 0.0118)
(0.00129876255 5.670485e-05 0.0118)
(0.0013986674 6.10668e-05 0.0118)
(0.00149857225 6.542875e-05 0.0118)
(0.0015984771 6.97907e-05 0.0118)
(0.00169838195 7.415265e-05 0.0118)
(0.0017982868 7.85146e-05 0.0118)
(0.00189819165 8.287655e-05 0.0118)
(0.0019980965 8.72385e-05 0.0118)
(0.00209800135 9.160045e-05 0.0118)
(0.0021979062 9.59624e-05 0.0118)
(0.00229781105 0.00010032435 0.0118)
(0.0023977159 0.0001046863 0.0118)
(0.00249762075 0.00010904825 0.0118)
(0.0025975256 0.0001134102 0.0118)
(0.00269743045 0.00011777215 0.0118)
(0.0027973353 0.0001221341 0.0118)
(0.00289724015 0.00012649605 0.0118)
(0.002997145 0.000130858 0.0118)
(0.00109895285 -4.798095e-05 0.0119)
(0.0011988577 -5.23429e-05 0.0119)
(0.00129876255 -5.670485e-05 0.0119)
(0.0013986674 -6.10668e-05 0.0119)
(0.00149857225 -6.542875e-05 0.0119)
(0.0015984771 -6.97907e-05 0.0119)
(0.00169838195 -7.415265e-05 0.0119)
(0.0017982868 -7.85146e-05 0.0119)
(0.00189819165 -8.287655e-05 0.0119)
(0.0019980965 -8.72385e-05 0.0119)
(0.00209800135 -9.160045e-05 0.0119)
(0.0021979062 -9.59624e-05 0.0119)
(0.00229781105 -0.00010032435 0.0119)
(0.0023977159 -0.0001046863 0.0119)
(0.00249762075 -0.00010904825 0.0119)
(0.0025975256 -0.0001134102 0.0119)
(0.00269743045 -0.00011777215 0.0119)
(0.0027973353 -0.0001221341 0.0119)
(0.00289724015 -0.00012649605 0.0119)
(0.002997145 -0.000130858 0.0119)
(0.00109895285 4.798095e-05 0.0119)
(0.0011988577 5.23429e-05 0.0119)
(0.00129876255 5.670485e-05 0.0119)
(0.0013986674 6.10668e-05 0.0119)
(0.00149857225 6.542875e-05 0.0119)
(0.0015984771 6.97907e-05 0.0119)
(0.00169838195 7.415265e-05 0.0119)
(0.0017982868 7.85146e-05 0.0119)
(0.00189819165 8.287655e-05 0.0119)
(0.0019980965 8.72385e-05 0.0119)
(0.00209800135 9.160045e-05 0.0119)
(0.0021979062 9.59624e-05 0.0119)
(0.00229781105 0.00010032435 0.0119)
(0.0023977159 0.0001046863 0.0119)
(0.00249762075 0.00010904825 0.0119)
(0.0025975256 0.0001134102 0.0119)
(0.00269743045 0.00011777215 0.0119)
(0.0027973353 0.0001221341 0.0119)
(0.00289724015 0.00012649605 0.0119)
(0.002997145 0.000130858 0.0119)
(0.00109895285 -4.798095e-05 0.012)
(0.0011988577 -5.23429e-05 0.012)
(0.00129876255 -5.670485e-05 0.012)
(0.0013986674 -6.10668e-05 0.012)
(0.00149857225 -6.542875e-05 0.012)
(0.0015984771 -6.97907e-05 0.012)
(0.00169838195 -7.415265e-05 0.012)
(0.0017982868 -7.85146e-05 0.012)
(0.00189819165 -8.287655e-05 0.012)
(0.0019980965 -8.72385e-05 0.012)
(0.00209800135 -9.160045e-05 0.012)
(0.0021979062 -9.59624e-05 0.012)
(0.00229781105 -0.00010032435 0.012)
(0.0023977159 -0.0001046863 0.012)
(0.00249762075 -0.00010904825 0.012)
(0.0025975256 -0.0001134102 0.012)
(0.00269743045 -0.00011777215 0.012)
(0.0027973353 -0.0001221341 0.012)
(0.00289724015 -0.00012649605 0.012)
(0.002997145 -0.000130858 0.012)
(0.00109895285 4.798095e-05 0.012)
(0.0011988577 5.23429e-05 0.012)
(0.00129876255 5.670485e-05 0.012)
(0.0013986674 6.10668e-05 0.012)
(0.00149857225 6.542875e-05 0.012)
(0.0015984771 6.97907e-05 0.012)
(0.00169838195 7.415265e-05 0.012)
(0.0017982868 7.85146e-05 0.012)
(0.00189819165 8.287655e-05 0.012)
(0.0019980965 8.72385e-05 0.012)
(0.00209800135 9.160045e-05 0.012)
(0.0021979062 9.59624e-05 0.012)
(0.00229781105 0.00010032435 0.012)
(0.0023977159 0.0001046863 0.012)
(0.00249762075 0.00010904825 0.012)
(0.0025975256 0.0001134102 0.012)
(0.00269743045 0.00011777215 0.012)
(0.0027973353 0.0001221341 0.012)
(0.00289724015 0.00012649605 0.012)
(0.002997145 0.000130858 0.012)
(0.00109895285 -4.798095e-05 0.0121)
(0.0011988577 -5.23429e-05 0.0121)
(0.00129876255 -5.670485e-05 0.0121)
(0.0013986674 -6.10668e-05 0.0121)
(0.00149857225 -6.542875e-05 0.0121)
(0.0015984771 -6.97907e-05 0.0121)
(0.00169838195 -7.415265e-05 0.0121)
(0.0017982868 -7.85146e-05 0.0121)
(0.00189819165 -8.287655e-05 0.0121)
(0.0019980965 -8.72385e-05 0.0121)
(0.00209800135 -9.160045e-05 0.0121)
(0.0021979062 -9.59624e-05 0.0121)
(0.00229781105 -0.00010032435 0.0121)
(0.0023977159 -0.0001046863 0.0121)
(0.00249762075 -0.00010904825 0.0121)
(0.0025975256 -0.0001134102 0.0121)
(0.00269743045 -0.00011777215 0.0121)
(0.0027973353 -0.0001221341 0.0121)
(0.00289724015 -0.00012649605 0.0121)
(0.002997145 -0.000130858 0.0121)
(0.00109895285 4.798095e-05 0.0121)
(0.0011988577 5.23429e-05 0.0121)
(0.00129876255 5.670485e-05 0.0121)
(0.0013986674 6.10668e-05 0.0121)
(0.00149857225 6.542875e-05 0.0121)
(0.0015984771 6.97907e-05 0.0121)
(0.00169838195 7.415265e-05 0.0121)
(0.0017982868 7.85146e-05 0.0121)
(0.00189819165 8.287655e-05 0.0121)
(0.0019980965 8.72385e-05 0.0121)
(0.00209800135 9.160045e-05 0.0121)
(0.0021979062 9.59624e-05 0.0121)
(0.00229781105 0.00010032435 0.0121)
(0.0023977159 0.0001046863 0.0121)
(0.00249762075 0.00010904825 0.0121)
(0.0025975256 0.0001134102 0.0121)
(0.00269743045 0.00011777215 0.0121)
(0.0027973353 0.0001221341 0.0121)
(0.00289724015 0.00012649605 0.0121)
(0.002997145 0.000130858 0.0121)
(0.00109895285 -4.798095e-05 0.0122)
(0.0011988577 -5.23429e-05 0.0122)
(0.00129876255 -5.670485e-05 0.0122)
(0.0013986674 -6.10668e-05 0.0122)
(0.00149857225 -6.542875e-05 0.0122)
(0.0015984771 -6.97907e-05 0.0122)
(0.00169838195 -7.415265e-05 0.0122)
(0.0017982868 -7.85146e-05 0.0122)
(0.00189819165 -8.287655e-05 0.0122)
(0.0019980965 -8.72385e-05 0.0122)
(0.00209800135 -9.160045e-05 0.0122)
(0.0021979062 -9.59624e-05 0.0122)
(0.00229781105 -0.00010032435 0.0122)
(0.0023977159 -0.0001046863 0.0122)
(0.00249762075 -0.00010904825 0.0122)
(0.0025975256 -0.0001134102 0.0122)
(0.00269743045 -0.00011777215 0.0122)
(0.0027973353 -0.0001221341 0.0122)
(0.00289724015 -0.00012649605 0.0122)
(0.002997145 -0.000130858 0.0122)
(0.00109895285 4.798095e-05 0.0122)
(0.0011988577 5.23429e-05 0.0122)
(0.00129876255 5.670485e-05 0.0122)
(0.0013986674 6.10668e-05 0.0122)
(0.00149857225 6.542875e-05 0.0122)
(0.0015984771 6.97907e-05 0.0122)
(0.00169838195 7.415265e-05 0.0122)
(0.0017982868 7.85146e-05 0.0122)
(0.00189819165 8.287655e-05 0.0122)
(0.0019980965 8.72385e-05 0.0122)
(0.00209800135 9.160045e-05 0.0122)
(0.0021979062 9.59624e-05 0.0122)
(0.00229781105 0.00010032435 0.0122)
(0.0023977159 0.0001046863 0.0122)
(0.00249762075 0.00010904825 0.0122)
(0.0025975256 0.0001134102 0.0122)
(0.00269743045 0.00011777215 0.0122)
(0.0027973353 0.0001221341 0.0122)
(0.00289724015 0.00012649605 0.0122)
(0.002997145 0.000130858 0.0122)
(0.00109895285 -4.798095e-05 0.0123)
(0.0011988577 -5.23429e-05 0.0123)
(0.00129876255 -5.670485e-05 0.0123)
(0.0013986674 -6.10668e-05 0.0123)
(0.00149857225 -6.542875e-05 0.0123)
(0.0015984771 -6.97907e-05 0.0123)
(0.00169838195 -7.415265e-05 0.0123)
(0.0017982868 -7.85146e-05 0.0123)
(0.00189819165 -8.287655e-05 0.0123)
(0.0019980965 -8.72385e-05 0.0123)
(0.00209800135 -9.160045e-05 0.0123)
(0.0021979062 -9.59624e-05 0.0123)
(0.00229781105 -0.00010032435 0.0123)
(0.0023977159 -0.0001046863 0.0123)
(0.00249762075 -0.00010904825 0.0123)
(0.0025975256 -0.0001134102 0.0123)
(0.00269743045 -0.00011777215 0.0123)
(0.0027973353 -0.0001221341 0.0123)
(0.00289724015 -0.00012649605 0.0123)
(0.002997145 -0.000130858 0.0123)
(0.00109895285 4.798095e-05 0.0123)
(0.0011988577 5.23429e-05 0.0123)
(0.00129876255 5.670485e-05 0.0123)
(0.0013986674 6.10668e-05 0.0123)
(0.00149857225 6.542875e-05 0.0123)
(0.0015984771 6.97907e-05 0.0123)
(0.00169838195 7.415265e-05 0.0123)
(0.0017982868 7.85146e-05 0.0123)
(0.00189819165 8.287655e-05 0.0123)
(0.0019980965 8.72385e-05 0.0123)
(0.00209800135 9.160045e-05 0.0123)
(0.0021979062 9.59624e-05 0.0123)
(0.00229781105 0.00010032435 0.0123)
(0.0023977159 0.0001046863 0.0123)
(0.00249762075 0.00010904825 0.0123)
(0.0025975256 0.0001134102 0.0123)
(0.00269743045 0.00011777215 0.0123)
(0.0027973353 0.0001221341 0.0123)
(0.00289724015 0.00012649605 0.0123)
(0.002997145 0.000130858 0.0123)
(0.00109895285 -4.798095e-05 0.0124)
(0.0011988577 -5.23429e-05 0.0124)
(0.00129876255 -5.670485e-05 0.0124)
(0.0013986674 -6.10668e-05 0.0124)
(0.00149857225 -6.542875e-05 0.0124)
(0.0015984771 -6.97907e-05 0.0124)
(0.00169838195 -7.415265e-05 0.0124)
(0.0017982868 -7.85146e-05 0.0124)
(0.00189819165 -8.287655e-05 0.0124)
(0.0019980965 -8.72385e-05 0.0124)
(0.00209800135 -9.160045e-05 0.0124)
(0.0021979062 -9.59624e-05 0.0124)
(0.00229781105 -0.00010032435 0.0124)
(0.0023977159 -0.0001046863 0.0124)
(0.00249762075 -0.00010904825 0.0124)
(0.0025975256 -0.0001134102 0.0124)
(0.00269743045 -0.00011777215 0.0124)
(0.0027973353 -0.0001221341 0.0124)
(0.00289724015 -0.00012649605 0.0124)
(0.002997145 -0.000130858 0.0124)
(0.00109895285 4.798095e-05 0.0124)
(0.0011988577 5.23429e-05 0.0124)
(0.00129876255 5.670485e-05 0.0124)
(0.0013986674 6.10668e-05 0.0124)
(0.00149857225 6.542875e-05 0.0124)
(0.0015984771 6.97907e-05 0.0124)
(0.00169838195 7.415265e-05 0.0124)
(0.0017982868 7.85146e-05 0.0124)
(0.00189819165 8.287655e-05 0.0124)
(0.0019980965 8.72385e-05 0.0124)
(0.00209800135 9.160045e-05 0.0124)
(0.0021979062 9.59624e-05 0.0124)
(0.00229781105 0.00010032435 0.0124)
(0.0023977159 0.0001046863 0.0124)
(0.00249762075 0.00010904825 0.0124)
(0.0025975256 0.0001134102 0.0124)
(0.00269743045 0.00011777215 0.0124)
(0.0027973353 0.0001221341 0.0124)
(0.00289724015 0.00012649605 0.0124)
(0.002997145 0.000130858 0.0124)
(0.00109895285 -4.798095e-05 0.0125)
(0.0011988577 -5.23429e-05 0.0125)
(0.00129876255 -5.670485e-05 0.0125)
(0.0013986674 -6.10668e-05 0.0125)
(0.00149857225 -6.542875e-05 0.0125)
(0.0015984771 -6.97907e-05 0.0125)
(0.00169838195 -7.415265e-05 0.0125)
(0.0017982868 -7.85146e-05 0.0125)
(0.00189819165 -8.287655e-05 0.0125)
(0.0019980965 -8.72385e-05 0.0125)
(0.00209800135 -9.160045e-05 0.0125)
(0.0021979062 -9.59624e-05 0.0125)
(0.00229781105 -0.00010032435 0.0125)
(0.0023977159 -0.0001046863 0.0125)
(0.00249762075 -0.00010904825 0.0125)
(0.0025975256 -0.0001134102 0.0125)
(0.00269743045 -0.00011777215 0.0125)
(0.0027973353 -0.0001221341 0.0125)
(0.00289724015 -0.00012649605 0.0125)
(0.002997145 -0.000130858 0.0125)
(0.00109895285 4.798095e-05 0.0125)
(0.0011988577 5.23429e-05 0.0125)
(0.00129876255 5.670485e-05 0.0125)
(0.0013986674 6.10668e-05 0.0125)
(0.00149857225 6.542875e-05 0.0125)
(0.0015984771 6.97907e-05 0.0125)
(0.00169838195 7.415265e-05 0.0125)
(0.0017982868 7.85146e-05 0.0125)
(0.00189819165 8.287655e-05 0.0125)
(0.0019980965 8.72385e-05 0.0125)
(0.00209800135 9.160045e-05 0.0125)
(0.0021979062 9.59624e-05 0.0125)
(0.00229781105 0.00010032435 0.0125)
(0.0023977159 0.0001046863 0.0125)
(0.00249762075 0.00010904825 0.0125)
(0.0025975256 0.0001134102 0.0125)
(0.00269743045 0.00011777215 0.0125)
(0.0027973353 0.0001221341 0.0125)
(0.00289724015 0.00012649605 0.0125)
(0.002997145 0.000130858 0.0125)
(0.00109895285 -4.798095e-05 0.0126)
(0.0011988577 -5.23429e-05 0.0126)
(0.00129876255 -5.670485e-05 0.0126)
(0.0013986674 -6.10668e-05 0.0126)
(0.00149857225 -6.542875e-05 0.0126)
(0.0015984771 -6.97907e-05 0.0126)
(0.00169838195 -7.415265e-05 0.0126)
(0.0017982868 -7.85146e-05 0.0126)
(0.00189819165 -8.287655e-05 0.0126)
(0.0019980965 -8.72385e-05 0.0126)
(0.00209800135 -9.160045e-05 0.0126)
(0.0021979062 -9.59624e-05 0.0126)
(0.00229781105 -0.00010032435 0.0126)
(0.0023977159 -0.0001046863 0.0126)
(0.00249762075 -0.00010904825 0.0126)
(0.0025975256 -0.0001134102 0.0126)
(0.00269743045 -0.00011777215 0.0126)
(0.0027973353 -0.0001221341 0.0126)
(0.00289724015 -0.00012649605 0.0126)
(0.002997145 -0.000130858 0.0126)
(0.00109895285 4.798095e-05 0.0126)
(0.0011988577 5.23429e-05 0.0126)
(0.00129876255 5.670485e-05 0.0126)
(0.0013986674 6.10668e-05 0.0126)
(0.00149857225 6.542875e-05 0.0126)
(0.0015984771 6.97907e-05 0.0126)
(0.00169838195 7.415265e-05 0.0126)
(0.0017982868 7.85146e-05 0.0126)
(0.00189819165 8.287655e-05 0.0126)
(0.0019980965 8.72385e-05 0.0126)
(0.00209800135 9.160045e-05 0.0126)
(0.0021979062 9.59624e-05 0.0126)
(0.00229781105 0.00010032435 0.0126)
(0.0023977159 0.0001046863 0.0126)
(0.00249762075 0.00010904825 0.0126)
(0.0025975256 0.0001134102 0.0126)
(0.00269743045 0.00011777215 0.0126)
(0.0027973353 0.0001221341 0.0126)
(0.00289724015 0.00012649605 0.0126)
(0.002997145 0.000130858 0.0126)
(0.00109895285 -4.798095e-05 0.0127)
(0.0011988577 -5.23429e-05 0.0127)
(0.00129876255 -5.670485e-05 0.0127)
(0.0013986674 -6.10668e-05 0.0127)
(0.00149857225 -6.542875e-05 0.0127)
(0.0015984771 -6.97907e-05 0.0127)
(0.00169838195 -7.415265e-05 0.0127)
(0.0017982868 -7.85146e-05 0.0127)
(0.00189819165 -8.287655e-05 0.0127)
(0.0019980965 -8.72385e-05 0.0127)
(0.00209800135 -9.160045e-05 0.0127)
(0.0021979062 -9.59624e-05 0.0127)
(0.00229781105 -0.00010032435 0.0127)
(0.0023977159 -0.0001046863 0.0127)
(0.00249762075 -0.00010904825 0.0127)
(0.0025975256 -0.0001134102 0.0127)
(0.00269743045 -0.00011777215 0.0127)
(0.0027973353 -0.0001221341 0.0127)
(0.00289724015 -0.00012649605 0.0127)
(0.002997145 -0.000130858 0.0127)
(0.00109895285 4.798095e-05 0.0127)
(0.0011988577 5.23429e-05 0.0127)
(0.00129876255 5.670485e-05 0.0127)
(0.0013986674 6.10668e-05 0.0127)
(0.00149857225 6.542875e-05 0.0127)
(0.0015984771 6.97907e-05 0.0127)
(0.00169838195 7.415265e-05 0.0127)
(0.0017982868 7.85146e-05 0.0127)
(0.00189819165 8.287655e-05 0.0127)
(0.0019980965 8.72385e-05 0.0127)
(0.00209800135 9.160045e-05 0.0127)
(0.0021979062 9.59624e-05 0.0127)
(0.00229781105 0.00010032435 0.0127)
(0.0023977159 0.0001046863 0.0127)
(0.00249762075 0.00010904825 0.0127)
(0.0025975256 0.0001134102 0.0127)
(0.00269743045 0.00011777215 0.0127)
(0.0027973353 0.0001221341 0.0127)
(0.00289724015 0.00012649605 0.0127)
(0.002997145 0.000130858 0.0127)
(0.00109895285 -4.798095e-05 0.0128)
(0.0011988577 -5.23429e-05 0.0128)
(0.00129876255 -5.670485e-05 0.0128)
(0.0013986674 -6.10668e-05 0.0128)
(0.00149857225 -6.542875e-05 0.0128)
(0.0015984771 -6.97907e-05 0.0128)
(0.00169838195 -7.415265e-05 0.0128)
(0.0017982868 -7.85146e-05 0.0128)
(0.00189819165 -8.287655e-05 0.0128)
(0.0019980965 -8.72385e-05 0.0128)
(0.00209800135 -9.160045e-05 0.0128)
(0.0021979062 -9.59624e-05 0.0128)
(0.00229781105 -0.00010032435 0.0128)
(0.0023977159 -0.0001046863 0.0128)
(0.00249762075 -0.00010904825 0.0128)
(0.0025975256 -0.0001134102 0.0128)
(0.00269743045 -0.00011777215 0.0128)
(0.0027973353 -0.0001221341 0.0128)
(0.00289724015 -0.00012649605 0.0128)
(0.002997145 -0.000130858 0.0128)
(0.00109895285 4.798095e-05 0.0128)
(0.0011988577 5.23429e-05 0.0128)
(0.00129876255 5.670485e-05 0.0128)
(0.0013986674 6.10668e-05 0.0128)
(0.00149857225 6.542875e-05 0.0128)
(0.0015984771 6.97907e-05 0.0128)
(0.00169838195 7.415265e-05 0.0128)
(0.0017982868 7.85146e-05 0.0128)
(0.00189819165 8.287655e-05 0.0128)
(0.0019980965 8.72385e-05 0.0128)
(0.00209800135 9.160045e-05 0.0128)
(0.0021979062 9.59624e-05 0.0128)
(0.00229781105 0.00010032435 0.0128)
(0.0023977159 0.0001046863 0.0128)
(0.00249762075 0.00010904825 0.0128)
(0.0025975256 0.0001134102 0.0128)
(0.00269743045 0.00011777215 0.0128)
(0.0027973353 0.0001221341 0.0128)
(0.00289724015 0.00012649605 0.0128)
(0.002997145 0.000130858 0.0128)
(0.00109895285 -4.798095e-05 0.0129)
(0.0011988577 -5.23429e-05 0.0129)
(0.00129876255 -5.670485e-05 0.0129)
(0.0013986674 -6.10668e-05 0.0129)
(0.00149857225 -6.542875e-05 0.0129)
(0.0015984771 -6.97907e-05 0.0129)
(0.00169838195 -7.415265e-05 0.0129)
(0.0017982868 -7.85146e-05 0.0129)
(0.00189819165 -8.287655e-05 0.0129)
(0.0019980965 -8.72385e-05 0.0129)
(0.00209800135 -9.160045e-05 0.0129)
(0.0021979062 -9.59624e-05 0.0129)
(0.00229781105 -0.00010032435 0.0129)
(0.0023977159 -0.0001046863 0.0129)
(0.00249762075 -0.00010904825 0.0129)
(0.0025975256 -0.0001134102 0.0129)
(0.00269743045 -0.00011777215 0.0129)
(0.0027973353 -0.0001221341 0.0129)
(0.00289724015 -0.00012649605 0.0129)
(0.002997145 -0.000130858 0.0129)
(0.00109895285 4.798095e-05 0.0129)
(0.0011988577 5.23429e-05 0.0129)
(0.00129876255 5.670485e-05 0.0129)
(0.0013986674 6.10668e-05 0.0129)
(0.00149857225 6.542875e-05 0.0129)
(0.0015984771 6.97907e-05 0.0129)
(0.00169838195 7.415265e-05 0.0129)
(0.0017982868 7.85146e-05 0.0129)
(0.00189819165 8.287655e-05 0.0129)
(0.0019980965 8.72385e-05 0.0129)
(0.00209800135 9.160045e-05 0.0129)
(0.0021979062 9.59624e-05 0.0129)
(0.00229781105 0.00010032435 0.0129)
(0.0023977159 0.0001046863 0.0129)
(0.00249762075 0.00010904825 0.0129)
(0.0025975256 0.0001134102 0.0129)
(0.00269743045 0.00011777215 0.0129)
(0.0027973353 0.0001221341 0.0129)
(0.00289724015 0.00012649605 0.0129)
(0.002997145 0.000130858 0.0129)
(0.00109895285 -4.798095e-05 0.013)
(0.0011988577 -5.23429e-05 0.013)
(0.00129876255 -5.670485e-05 0.013)
(0.0013986674 -6.10668e-05 0.013)
(0.00149857225 -6.542875e-05 0.013)
(0.0015984771 -6.97907e-05 0.013)
(0.00169838195 -7.415265e-05 0.013)
(0.0017982868 -7.85146e-05 0.013)
(0.00189819165 -8.287655e-05 0.013)
(0.0019980965 -8.72385e-05 0.013)
(0.00209800135 -9.160045e-05 0.013)
(0.0021979062 -9.59624e-05 0.013)
(0.00229781105 -0.00010032435 0.013)
(0.0023977159 -0.0001046863 0.013)
(0.00249762075 -0.00010904825 0.013)
(0.0025975256 -0.0001134102 0.013)
(0.00269743045 -0.00011777215 0.013)
(0.0027973353 -0.0001221341 0.013)
(0.00289724015 -0.00012649605 0.013)
(0.002997145 -0.000130858 0.013)
(0.00109895285 4.798095e-05 0.013)
(0.0011988577 5.23429e-05 0.013)
(0.00129876255 5.670485e-05 0.013)
(0.0013986674 6.10668e-05 0.013)
(0.00149857225 6.542875e-05 0.013)
(0.0015984771 6.97907e-05 0.013)
(0.00169838195 7.415265e-05 0.013)
(0.0017982868 7.85146e-05 0.013)
(0.00189819165 8.287655e-05 0.013)
(0.0019980965 8.72385e-05 0.013)
(0.00209800135 9.160045e-05 0.013)
(0.0021979062 9.59624e-05 0.013)
(0.00229781105 0.00010032435 0.013)
(0.0023977159 0.0001046863 0.013)
(0.00249762075 0.00010904825 0.013)
(0.0025975256 0.0001134102 0.013)
(0.00269743045 0.00011777215 0.013)
(0.0027973353 0.0001221341 0.013)
(0.00289724015 0.00012649605 0.013)
(0.002997145 0.000130858 0.013)
(0.00109895285 -4.798095e-05 0.0131)
(0.0011988577 -5.23429e-05 0.0131)
(0.00129876255 -5.670485e-05 0.0131)
(0.0013986674 -6.10668e-05 0.0131)
(0.00149857225 -6.542875e-05 0.0131)
(0.0015984771 -6.97907e-05 0.0131)
(0.00169838195 -7.415265e-05 0.0131)
(0.0017982868 -7.85146e-05 0.0131)
(0.00189819165 -8.287655e-05 0.0131)
(0.0019980965 -8.72385e-05 0.0131)
(0.00209800135 -9.160045e-05 0.0131)
(0.0021979062 -9.59624e-05 0.0131)
(0.00229781105 -0.00010032435 0.0131)
(0.0023977159 -0.0001046863 0.0131)
(0.00249762075 -0.00010904825 0.0131)
(0.0025975256 -0.0001134102 0.0131)
(0.00269743045 -0.00011777215 0.0131)
(0.0027973353 -0.0001221341 0.0131)
(0.00289724015 -0.00012649605 0.0131)
(0.002997145 -0.000130858 0.0131)
(0.00109895285 4.798095e-05 0.0131)
(0.0011988577 5.23429e-05 0.0131)
(0.00129876255 5.670485e-05 0.0131)
(0.0013986674 6.10668e-05 0.0131)
(0.00149857225 6.542875e-05 0.0131)
(0.0015984771 6.97907e-05 0.0131)
(0.00169838195 7.415265e-05 0.0131)
(0.0017982868 7.85146e-05 0.0131)
(0.00189819165 8.287655e-05 0.0131)
(0.0019980965 8.72385e-05 0.0131)
(0.00209800135 9.160045e-05 0.0131)
(0.0021979062 9.59624e-05 0.0131)
(0.00229781105 0.00010032435 0.0131)
(0.0023977159 0.0001046863 0.0131)
(0.00249762075 0.00010904825 0.0131)
(0.0025975256 0.0001134102 0.0131)
(0.00269743045 0.00011777215 0.0131)
(0.0027973353 0.0001221341 0.0131)
(0.00289724015 0.00012649605 0.0131)
(0.002997145 0.000130858 0.0131)
(0.00109895285 -4.798095e-05 0.0132)
(0.0011988577 -5.23429e-05 0.0132)
(0.00129876255 -5.670485e-05 0.0132)
(0.0013986674 -6.10668e-05 0.0132)
(0.00149857225 -6.542875e-05 0.0132)
(0.0015984771 -6.97907e-05 0.0132)
(0.00169838195 -7.415265e-05 0.0132)
(0.0017982868 -7.85146e-05 0.0132)
(0.00189819165 -8.287655e-05 0.0132)
(0.0019980965 -8.72385e-05 0.0132)
(0.00209800135 -9.160045e-05 0.0132)
(0.0021979062 -9.59624e-05 0.0132)
(0.00229781105 -0.00010032435 0.0132)
(0.0023977159 -0.0001046863 0.0132)
(0.00249762075 -0.00010904825 0.0132)
(0.0025975256 -0.0001134102 0.0132)
(0.00269743045 -0.00011777215 0.0132)
(0.0027973353 -0.0001221341 0.0132)
(0.00289724015 -0.00012649605 0.0132)
(0.002997145 -0.000130858 0.0132)
(0.00109895285 4.798095e-05 0.0132)
(0.0011988577 5.23429e-05 0.0132)
(0.00129876255 5.670485e-05 0.0132)
(0.0013986674 6.10668e-05 0.0132)
(0.00149857225 6.542875e-05 0.0132)
(0.0015984771 6.97907e-05 0.0132)
(0.00169838195 7.415265e-05 0.0132)
(0.0017982868 7.85146e-05 0.0132)
(0.00189819165 8.287655e-05 0.0132)
(0.0019980965 8.72385e-05 0.0132)
(0.00209800135 9.160045e-05 0.0132)
(0.0021979062 9.59624e-05 0.0132)
(0.00229781105 0.00010032435 0.0132)
(0.0023977159 0.0001046863 0.0132)
(0.00249762075 0.00010904825 0.0132)
(0.0025975256 0.0001134102 0.0132)
(0.00269743045 0.00011777215 0.0132)
(0.0027973353 0.0001221341 0.0132)
(0.00289724015 0.00012649605 0.0132)
(0.002997145 0.000130858 0.0132)
(0.00109895285 -4.798095e-05 0.0133)
(0.0011988577 -5.23429e-05 0.0133)
(0.00129876255 -5.670485e-05 0.0133)
(0.0013986674 -6.10668e-05 0.0133)
(0.00149857225 -6.542875e-05 0.0133)
(0.0015984771 -6.97907e-05 0.0133)
(0.00169838195 -7.415265e-05 0.0133)
(0.0017982868 -7.85146e-05 0.0133)
(0.00189819165 -8.287655e-05 0.0133)
(0.0019980965 -8.72385e-05 0.0133)
(0.00209800135 -9.160045e-05 0.0133)
(0.0021979062 -9.59624e-05 0.0133)
(0.00229781105 -0.00010032435 0.0133)
(0.0023977159 -0.0001046863 0.0133)
(0.00249762075 -0.00010904825 0.0133)
(0.0025975256 -0.0001134102 0.0133)
(0.00269743045 -0.00011777215 0.0133)
(0.0027973353 -0.0001221341 0.0133)
(0.00289724015 -0.00012649605 0.0133)
(0.002997145 -0.000130858 0.0133)
(0.00109895285 4.798095e-05 0.0133)
(0.0011988577 5.23429e-05 0.0133)
(0.00129876255 5.670485e-05 0.0133)
(0.0013986674 6.10668e-05 0.0133)
(0.00149857225 6.542875e-05 0.0133)
(0.0015984771 6.97907e-05 0.0133)
(0.00169838195 7.415265e-05 0.0133)
(0.0017982868 7.85146e-05 0.0133)
(0.00189819165 8.287655e-05 0.0133)
(0.0019980965 8.72385e-05 0.0133)
(0.00209800135 9.160045e-05 0.0133)
(0.0021979062 9.59624e-05 0.0133)
(0.00229781105 0.00010032435 0.0133)
(0.0023977159 0.0001046863 0.0133)
(0.00249762075 0.00010904825 0.0133)
(0.0025975256 0.0001134102 0.0133)
(0.00269743045 0.00011777215 0.0133)
(0.0027973353 0.0001221341 0.0133)
(0.00289724015 0.00012649605 0.0133)
(0.002997145 0.000130858 0.0133)
(0.00109895285 -4.798095e-05 0.0134)
(0.0011988577 -5.23429e-05 0.0134)
(0.00129876255 -5.670485e-05 0.0134)
(0.0013986674 -6.10668e-05 0.0134)
(0.00149857225 -6.542875e-05 0.0134)
(0.0015984771 -6.97907e-05 0.0134)
(0.00169838195 -7.415265e-05 0.0134)
(0.0017982868 -7.85146e-05 0.0134)
(0.00189819165 -8.287655e-05 0.0134)
(0.0019980965 -8.72385e-05 0.0134)
(0.00209800135 -9.160045e-05 0.0134)
(0.0021979062 -9.59624e-05 0.0134)
(0.00229781105 -0.00010032435 0.0134)
(0.0023977159 -0.0001046863 0.0134)
(0.00249762075 -0.00010904825 0.0134)
(0.0025975256 -0.0001134102 0.0134)
(0.00269743045 -0.00011777215 0.0134)
(0.0027973353 -0.0001221341 0.0134)
(0.00289724015 -0.00012649605 0.0134)
(0.002997145 -0.000130858 0.0134)
(0.00109895285 4.798095e-05 0.0134)
(0.0011988577 5.23429e-05 0.0134)
(0.00129876255 5.670485e-05 0.0134)
(0.0013986674 6.10668e-05 0.0134)
(0.00149857225 6.542875e-05 0.0134)
(0.0015984771 6.97907e-05 0.0134)
(0.00169838195 7.415265e-05 0.0134)
(0.0017982868 7.85146e-05 0.0134)
(0.00189819165 8.287655e-05 0.0134)
(0.0019980965 8.72385e-05 0.0134)
(0.00209800135 9.160045e-05 0.0134)
(0.0021979062 9.59624e-05 0.0134)
(0.00229781105 0.00010032435 0.0134)
(0.0023977159 0.0001046863 0.0134)
(0.00249762075 0.00010904825 0.0134)
(0.0025975256 0.0001134102 0.0134)
(0.00269743045 0.00011777215 0.0134)
(0.0027973353 0.0001221341 0.0134)
(0.00289724015 0.00012649605 0.0134)
(0.002997145 0.000130858 0.0134)
(0.00109895285 -4.798095e-05 0.0135)
(0.0011988577 -5.23429e-05 0.0135)
(0.00129876255 -5.670485e-05 0.0135)
(0.0013986674 -6.10668e-05 0.0135)
(0.00149857225 -6.542875e-05 0.0135)
(0.0015984771 -6.97907e-05 0.0135)
(0.00169838195 -7.415265e-05 0.0135)
(0.0017982868 -7.85146e-05 0.0135)
(0.00189819165 -8.287655e-05 0.0135)
(0.0019980965 -8.72385e-05 0.0135)
(0.00209800135 -9.160045e-05 0.0135)
(0.0021979062 -9.59624e-05 0.0135)
(0.00229781105 -0.00010032435 0.0135)
(0.0023977159 -0.0001046863 0.0135)
(0.00249762075 -0.00010904825 0.0135)
(0.0025975256 -0.0001134102 0.0135)
(0.00269743045 -0.00011777215 0.0135)
(0.0027973353 -0.0001221341 0.0135)
(0.00289724015 -0.00012649605 0.0135)
(0.002997145 -0.000130858 0.0135)
(0.00109895285 4.798095e-05 0.0135)
(0.0011988577 5.23429e-05 0.0135)
(0.00129876255 5.670485e-05 0.0135)
(0.0013986674 6.10668e-05 0.0135)
(0.00149857225 6.542875e-05 0.0135)
(0.0015984771 6.97907e-05 0.0135)
(0.00169838195 7.415265e-05 0.0135)
(0.0017982868 7.85146e-05 0.0135)
(0.00189819165 8.287655e-05 0.0135)
(0.0019980965 8.72385e-05 0.0135)
(0.00209800135 9.160045e-05 0.0135)
(0.0021979062 9.59624e-05 0.0135)
(0.00229781105 0.00010032435 0.0135)
(0.0023977159 0.0001046863 0.0135)
(0.00249762075 0.00010904825 0.0135)
(0.0025975256 0.0001134102 0.0135)
(0.00269743045 0.00011777215 0.0135)
(0.0027973353 0.0001221341 0.0135)
(0.00289724015 0.00012649605 0.0135)
(0.002997145 0.000130858 0.0135)
(0.00109895285 -4.798095e-05 0.0136)
(0.0011988577 -5.23429e-05 0.0136)
(0.00129876255 -5.670485e-05 0.0136)
(0.0013986674 -6.10668e-05 0.0136)
(0.00149857225 -6.542875e-05 0.0136)
(0.0015984771 -6.97907e-05 0.0136)
(0.00169838195 -7.415265e-05 0.0136)
(0.0017982868 -7.85146e-05 0.0136)
(0.00189819165 -8.287655e-05 0.0136)
(0.0019980965 -8.72385e-05 0.0136)
(0.00209800135 -9.160045e-05 0.0136)
(0.0021979062 -9.59624e-05 0.0136)
(0.00229781105 -0.00010032435 0.0136)
(0.0023977159 -0.0001046863 0.0136)
(0.00249762075 -0.00010904825 0.0136)
(0.0025975256 -0.0001134102 0.0136)
(0.00269743045 -0.00011777215 0.0136)
(0.0027973353 -0.0001221341 0.0136)
(0.00289724015 -0.00012649605 0.0136)
(0.002997145 -0.000130858 0.0136)
(0.00109895285 4.798095e-05 0.0136)
(0.0011988577 5.23429e-05 0.0136)
(0.00129876255 5.670485e-05 0.0136)
(0.0013986674 6.10668e-05 0.0136)
(0.00149857225 6.542875e-05 0.0136)
(0.0015984771 6.97907e-05 0.0136)
(0.00169838195 7.415265e-05 0.0136)
(0.0017982868 7.85146e-05 0.0136)
(0.00189819165 8.287655e-05 0.0136)
(0.0019980965 8.72385e-05 0.0136)
(0.00209800135 9.160045e-05 0.0136)
(0.0021979062 9.59624e-05 0.0136)
(0.00229781105 0.00010032435 0.0136)
(0.0023977159 0.0001046863 0.0136)
(0.00249762075 0.00010904825 0.0136)
(0.0025975256 0.0001134102 0.0136)
(0.00269743045 0.00011777215 0.0136)
(0.0027973353 0.0001221341 0.0136)
(0.00289724015 0.00012649605 0.0136)
(0.002997145 0.000130858 0.0136)
(0.00109895285 -4.798095e-05 0.0137)
(0.0011988577 -5.23429e-05 0.0137)
(0.00129876255 -5.670485e-05 0.0137)
(0.0013986674 -6.10668e-05 0.0137)
(0.00149857225 -6.542875e-05 0.0137)
(0.0015984771 -6.97907e-05 0.0137)
(0.00169838195 -7.415265e-05 0.0137)
(0.0017982868 -7.85146e-05 0.0137)
(0.00189819165 -8.287655e-05 0.0137)
(0.0019980965 -8.72385e-05 0.0137)
(0.00209800135 -9.160045e-05 0.0137)
(0.0021979062 -9.59624e-05 0.0137)
(0.00229781105 -0.00010032435 0.0137)
(0.0023977159 -0.0001046863 0.0137)
(0.00249762075 -0.00010904825 0.0137)
(0.0025975256 -0.0001134102 0.0137)
(0.00269743045 -0.00011777215 0.0137)
(0.0027973353 -0.0001221341 0.0137)
(0.00289724015 -0.00012649605 0.0137)
(0.002997145 -0.000130858 0.0137)
(0.00109895285 4.798095e-05 0.0137)
(0.0011988577 5.23429e-05 0.0137)
(0.00129876255 5.670485e-05 0.0137)
(0.0013986674 6.10668e-05 0.0137)
(0.00149857225 6.542875e-05 0.0137)
(0.0015984771 6.97907e-05 0.0137)
(0.00169838195 7.415265e-05 0.0137)
(0.0017982868 7.85146e-05 0.0137)
(0.00189819165 8.287655e-05 0.0137)
(0.0019980965 8.72385e-05 0.0137)
(0.00209800135 9.160045e-05 0.0137)
(0.0021979062 9.59624e-05 0.0137)
(0.00229781105 0.00010032435 0.0137)
(0.0023977159 0.0001046863 0.0137)
(0.00249762075 0.00010904825 0.0137)
(0.0025975256 0.0001134102 0.0137)
(0.00269743045 0.00011777215 0.0137)
(0.0027973353 0.0001221341 0.0137)
(0.00289724015 0.00012649605 0.0137)
(0.002997145 0.000130858 0.0137)
(0.00109895285 -4.798095e-05 0.0138)
(0.0011988577 -5.23429e-05 0.0138)
(0.00129876255 -5.670485e-05 0.0138)
(0.0013986674 -6.10668e-05 0.0138)
(0.00149857225 -6.542875e-05 0.0138)
(0.0015984771 -6.97907e-05 0.0138)
(0.00169838195 -7.415265e-05 0.0138)
(0.0017982868 -7.85146e-05 0.0138)
(0.00189819165 -8.287655e-05 0.0138)
(0.0019980965 -8.72385e-05 0.0138)
(0.00209800135 -9.160045e-05 0.0138)
(0.0021979062 -9.59624e-05 0.0138)
(0.00229781105 -0.00010032435 0.0138)
(0.0023977159 -0.0001046863 0.0138)
(0.00249762075 -0.00010904825 0.0138)
(0.0025975256 -0.0001134102 0.0138)
(0.00269743045 -0.00011777215 0.0138)
(0.0027973353 -0.0001221341 0.0138)
(0.00289724015 -0.00012649605 0.0138)
(0.002997145 -0.000130858 0.0138)
(0.00109895285 4.798095e-05 0.0138)
(0.0011988577 5.23429e-05 0.0138)
(0.00129876255 5.670485e-05 0.0138)
(0.0013986674 6.10668e-05 0.0138)
(0.00149857225 6.542875e-05 0.0138)
(0.0015984771 6.97907e-05 0.0138)
(0.00169838195 7.415265e-05 0.0138)
(0.0017982868 7.85146e-05 0.0138)
(0.00189819165 8.287655e-05 0.0138)
(0.0019980965 8.72385e-05 0.0138)
(0.00209800135 9.160045e-05 0.0138)
(0.0021979062 9.59624e-05 0.0138)
(0.00229781105 0.00010032435 0.0138)
(0.0023977159 0.0001046863 0.0138)
(0.00249762075 0.00010904825 0.0138)
(0.0025975256 0.0001134102 0.0138)
(0.00269743045 0.00011777215 0.0138)
(0.0027973353 0.0001221341 0.0138)
(0.00289724015 0.00012649605 0.0138)
(0.002997145 0.000130858 0.0138)
(0.00109895285 -4.798095e-05 0.0139)
(0.0011988577 -5.23429e-05 0.0139)
(0.00129876255 -5.670485e-05 0.0139)
(0.0013986674 -6.10668e-05 0.0139)
(0.00149857225 -6.542875e-05 0.0139)
(0.0015984771 -6.97907e-05 0.0139)
(0.00169838195 -7.415265e-05 0.0139)
(0.0017982868 -7.85146e-05 0.0139)
(0.00189819165 -8.287655e-05 0.0139)
(0.0019980965 -8.72385e-05 0.0139)
(0.00209800135 -9.160045e-05 0.0139)
(0.0021979062 -9.59624e-05 0.0139)
(0.00229781105 -0.00010032435 0.0139)
(0.0023977159 -0.0001046863 0.0139)
(0.00249762075 -0.00010904825 0.0139)
(0.0025975256 -0.0001134102 0.0139)
(0.00269743045 -0.00011777215 0.0139)
(0.0027973353 -0.0001221341 0.0139)
(0.00289724015 -0.00012649605 0.0139)
(0.002997145 -0.000130858 0.0139)
(0.00109895285 4.798095e-05 0.0139)
(0.0011988577 5.23429e-05 0.0139)
(0.00129876255 5.670485e-05 0.0139)
(0.0013986674 6.10668e-05 0.0139)
(0.00149857225 6.542875e-05 0.0139)
(0.0015984771 6.97907e-05 0.0139)
(0.00169838195 7.415265e-05 0.0139)
(0.0017982868 7.85146e-05 0.0139)
(0.00189819165 8.287655e-05 0.0139)
(0.0019980965 8.72385e-05 0.0139)
(0.00209800135 9.160045e-05 0.0139)
(0.0021979062 9.59624e-05 0.0139)
(0.00229781105 0.00010032435 0.0139)
(0.0023977159 0.0001046863 0.0139)
(0.00249762075 0.00010904825 0.0139)
(0.0025975256 0.0001134102 0.0139)
(0.00269743045 0.00011777215 0.0139)
(0.0027973353 0.0001221341 0.0139)
(0.00289724015 0.00012649605 0.0139)
(0.002997145 0.000130858 0.0139)
(0.00109895285 -4.798095e-05 0.014)
(0.0011988577 -5.23429e-05 0.014)
(0.00129876255 -5.670485e-05 0.014)
(0.0013986674 -6.10668e-05 0.014)
(0.00149857225 -6.542875e-05 0.014)
(0.0015984771 -6.97907e-05 0.014)
(0.00169838195 -7.415265e-05 0.014)
(0.0017982868 -7.85146e-05 0.014)
(0.00189819165 -8.287655e-05 0.014)
(0.0019980965 -8.72385e-05 0.014)
(0.00209800135 -9.160045e-05 0.014)
(0.0021979062 -9.59624e-05 0.014)
(0.00229781105 -0.00010032435 0.014)
(0.0023977159 -0.0001046863 0.014)
(0.00249762075 -0.00010904825 0.014)
(0.0025975256 -0.0001134102 0.014)
(0.00269743045 -0.00011777215 0.014)
(0.0027973353 -0.0001221341 0.014)
(0.00289724015 -0.00012649605 0.014)
(0.002997145 -0.000130858 0.014)
(0.00109895285 4.798095e-05 0.014)
(0.0011988577 5.23429e-05 0.014)
(0.00129876255 5.670485e-05 0.014)
(0.0013986674 6.10668e-05 0.014)
(0.00149857225 6.542875e-05 0.014)
(0.0015984771 6.97907e-05 0.014)
(0.00169838195 7.415265e-05 0.014)
(0.0017982868 7.85146e-05 0.014)
(0.00189819165 8.287655e-05 0.014)
(0.0019980965 8.72385e-05 0.014)
(0.00209800135 9.160045e-05 0.014)
(0.0021979062 9.59624e-05 0.014)
(0.00229781105 0.00010032435 0.014)
(0.0023977159 0.0001046863 0.014)
(0.00249762075 0.00010904825 0.014)
(0.0025975256 0.0001134102 0.014)
(0.00269743045 0.00011777215 0.014)
(0.0027973353 0.0001221341 0.014)
(0.00289724015 0.00012649605 0.014)
(0.002997145 0.000130858 0.014)
(0.00109895285 -4.798095e-05 0.0141)
(0.0011988577 -5.23429e-05 0.0141)
(0.00129876255 -5.670485e-05 0.0141)
(0.0013986674 -6.10668e-05 0.0141)
(0.00149857225 -6.542875e-05 0.0141)
(0.0015984771 -6.97907e-05 0.0141)
(0.00169838195 -7.415265e-05 0.0141)
(0.0017982868 -7.85146e-05 0.0141)
(0.00189819165 -8.287655e-05 0.0141)
(0.0019980965 -8.72385e-05 0.0141)
(0.00209800135 -9.160045e-05 0.0141)
(0.0021979062 -9.59624e-05 0.0141)
(0.00229781105 -0.00010032435 0.0141)
(0.0023977159 -0.0001046863 0.0141)
(0.00249762075 -0.00010904825 0.0141)
(0.0025975256 -0.0001134102 0.0141)
(0.00269743045 -0.00011777215 0.0141)
(0.0027973353 -0.0001221341 0.0141)
(0.00289724015 -0.00012649605 0.0141)
(0.002997145 -0.000130858 0.0141)
(0.00109895285 4.798095e-05 0.0141)
(0.0011988577 5.23429e-05 0.0141)
(0.00129876255 5.670485e-05 0.0141)
(0.0013986674 6.10668e-05 0.0141)
(0.00149857225 6.542875e-05 0.0141)
(0.0015984771 6.97907e-05 0.0141)
(0.00169838195 7.415265e-05 0.0141)
(0.0017982868 7.85146e-05 0.0141)
(0.00189819165 8.287655e-05 0.0141)
(0.0019980965 8.72385e-05 0.0141)
(0.00209800135 9.160045e-05 0.0141)
(0.0021979062 9.59624e-05 0.0141)
(0.00229781105 0.00010032435 0.0141)
(0.0023977159 0.0001046863 0.0141)
(0.00249762075 0.00010904825 0.0141)
(0.0025975256 0.0001134102 0.0141)
(0.00269743045 0.00011777215 0.0141)
(0.0027973353 0.0001221341 0.0141)
(0.00289724015 0.00012649605 0.0141)
(0.002997145 0.000130858 0.0141)
(0.00109895285 -4.798095e-05 0.0142)
(0.0011988577 -5.23429e-05 0.0142)
(0.00129876255 -5.670485e-05 0.0142)
(0.0013986674 -6.10668e-05 0.0142)
(0.00149857225 -6.542875e-05 0.0142)
(0.0015984771 -6.97907e-05 0.0142)
(0.00169838195 -7.415265e-05 0.0142)
(0.0017982868 -7.85146e-05 0.0142)
(0.00189819165 -8.287655e-05 0.0142)
(0.0019980965 -8.72385e-05 0.0142)
(0.00209800135 -9.160045e-05 0.0142)
(0.0021979062 -9.59624e-05 0.0142)
(0.00229781105 -0.00010032435 0.0142)
(0.0023977159 -0.0001046863 0.0142)
(0.00249762075 -0.00010904825 0.0142)
(0.0025975256 -0.0001134102 0.0142)
(0.00269743045 -0.00011777215 0.0142)
(0.0027973353 -0.0001221341 0.0142)
(0.00289724015 -0.00012649605 0.0142)
(0.002997145 -0.000130858 0.0142)
(0.00109895285 4.798095e-05 0.0142)
(0.0011988577 5.23429e-05 0.0142)
(0.00129876255 5.670485e-05 0.0142)
(0.0013986674 6.10668e-05 0.0142)
(0.00149857225 6.542875e-05 0.0142)
(0.0015984771 6.97907e-05 0.0142)
(0.00169838195 7.415265e-05 0.0142)
(0.0017982868 7.85146e-05 0.0142)
(0.00189819165 8.287655e-05 0.0142)
(0.0019980965 8.72385e-05 0.0142)
(0.00209800135 9.160045e-05 0.0142)
(0.0021979062 9.59624e-05 0.0142)
(0.00229781105 0.00010032435 0.0142)
(0.0023977159 0.0001046863 0.0142)
(0.00249762075 0.00010904825 0.0142)
(0.0025975256 0.0001134102 0.0142)
(0.00269743045 0.00011777215 0.0142)
(0.0027973353 0.0001221341 0.0142)
(0.00289724015 0.00012649605 0.0142)
(0.002997145 0.000130858 0.0142)
(0.00109895285 -4.798095e-05 0.0143)
(0.0011988577 -5.23429e-05 0.0143)
(0.00129876255 -5.670485e-05 0.0143)
(0.0013986674 -6.10668e-05 0.0143)
(0.00149857225 -6.542875e-05 0.0143)
(0.0015984771 -6.97907e-05 0.0143)
(0.00169838195 -7.415265e-05 0.0143)
(0.0017982868 -7.85146e-05 0.0143)
(0.00189819165 -8.287655e-05 0.0143)
(0.0019980965 -8.72385e-05 0.0143)
(0.00209800135 -9.160045e-05 0.0143)
(0.0021979062 -9.59624e-05 0.0143)
(0.00229781105 -0.00010032435 0.0143)
(0.0023977159 -0.0001046863 0.0143)
(0.00249762075 -0.00010904825 0.0143)
(0.0025975256 -0.0001134102 0.0143)
(0.00269743045 -0.00011777215 0.0143)
(0.0027973353 -0.0001221341 0.0143)
(0.00289724015 -0.00012649605 0.0143)
(0.002997145 -0.000130858 0.0143)
(0.00109895285 4.798095e-05 0.0143)
(0.0011988577 5.23429e-05 0.0143)
(0.00129876255 5.670485e-05 0.0143)
(0.0013986674 6.10668e-05 0.0143)
(0.00149857225 6.542875e-05 0.0143)
(0.0015984771 6.97907e-05 0.0143)
(0.00169838195 7.415265e-05 0.0143)
(0.0017982868 7.85146e-05 0.0143)
(0.00189819165 8.287655e-05 0.0143)
(0.0019980965 8.72385e-05 0.0143)
(0.00209800135 9.160045e-05 0.0143)
(0.0021979062 9.59624e-05 0.0143)
(0.00229781105 0.00010032435 0.0143)
(0.0023977159 0.0001046863 0.0143)
(0.00249762075 0.00010904825 0.0143)
(0.0025975256 0.0001134102 0.0143)
(0.00269743045 0.00011777215 0.0143)
(0.0027973353 0.0001221341 0.0143)
(0.00289724015 0.00012649605 0.0143)
(0.002997145 0.000130858 0.0143)
(0.00109895285 -4.798095e-05 0.0144)
(0.0011988577 -5.23429e-05 0.0144)
(0.00129876255 -5.670485e-05 0.0144)
(0.0013986674 -6.10668e-05 0.0144)
(0.00149857225 -6.542875e-05 0.0144)
(0.0015984771 -6.97907e-05 0.0144)
(0.00169838195 -7.415265e-05 0.0144)
(0.0017982868 -7.85146e-05 0.0144)
(0.00189819165 -8.287655e-05 0.0144)
(0.0019980965 -8.72385e-05 0.0144)
(0.00209800135 -9.160045e-05 0.0144)
(0.0021979062 -9.59624e-05 0.0144)
(0.00229781105 -0.00010032435 0.0144)
(0.0023977159 -0.0001046863 0.0144)
(0.00249762075 -0.00010904825 0.0144)
(0.0025975256 -0.0001134102 0.0144)
(0.00269743045 -0.00011777215 0.0144)
(0.0027973353 -0.0001221341 0.0144)
(0.00289724015 -0.00012649605 0.0144)
(0.002997145 -0.000130858 0.0144)
(0.00109895285 4.798095e-05 0.0144)
(0.0011988577 5.23429e-05 0.0144)
(0.00129876255 5.670485e-05 0.0144)
(0.0013986674 6.10668e-05 0.0144)
(0.00149857225 6.542875e-05 0.0144)
(0.0015984771 6.97907e-05 0.0144)
(0.00169838195 7.415265e-05 0.0144)
(0.0017982868 7.85146e-05 0.0144)
(0.00189819165 8.287655e-05 0.0144)
(0.0019980965 8.72385e-05 0.0144)
(0.00209800135 9.160045e-05 0.0144)
(0.0021979062 9.59624e-05 0.0144)
(0.00229781105 0.00010032435 0.0144)
(0.0023977159 0.0001046863 0.0144)
(0.00249762075 0.00010904825 0.0144)
(0.0025975256 0.0001134102 0.0144)
(0.00269743045 0.00011777215 0.0144)
(0.0027973353 0.0001221341 0.0144)
(0.00289724015 0.00012649605 0.0144)
(0.002997145 0.000130858 0.0144)
(0.00109895285 -4.798095e-05 0.0145)
(0.0011988577 -5.23429e-05 0.0145)
(0.00129876255 -5.670485e-05 0.0145)
(0.0013986674 -6.10668e-05 0.0145)
(0.00149857225 -6.542875e-05 0.0145)
(0.0015984771 -6.97907e-05 0.0145)
(0.00169838195 -7.415265e-05 0.0145)
(0.0017982868 -7.85146e-05 0.0145)
(0.00189819165 -8.287655e-05 0.0145)
(0.0019980965 -8.72385e-05 0.0145)
(0.00209800135 -9.160045e-05 0.0145)
(0.0021979062 -9.59624e-05 0.0145)
(0.00229781105 -0.00010032435 0.0145)
(0.0023977159 -0.0001046863 0.0145)
(0.00249762075 -0.00010904825 0.0145)
(0.0025975256 -0.0001134102 0.0145)
(0.00269743045 -0.00011777215 0.0145)
(0.0027973353 -0.0001221341 0.0145)
(0.00289724015 -0.00012649605 0.0145)
(0.002997145 -0.000130858 0.0145)
(0.00109895285 4.798095e-05 0.0145)
(0.0011988577 5.23429e-05 0.0145)
(0.00129876255 5.670485e-05 0.0145)
(0.0013986674 6.10668e-05 0.0145)
(0.00149857225 6.542875e-05 0.0145)
(0.0015984771 6.97907e-05 0.0145)
(0.00169838195 7.415265e-05 0.0145)
(0.0017982868 7.85146e-05 0.0145)
(0.00189819165 8.287655e-05 0.0145)
(0.0019980965 8.72385e-05 0.0145)
(0.00209800135 9.160045e-05 0.0145)
(0.0021979062 9.59624e-05 0.0145)
(0.00229781105 0.00010032435 0.0145)
(0.0023977159 0.0001046863 0.0145)
(0.00249762075 0.00010904825 0.0145)
(0.0025975256 0.0001134102 0.0145)
(0.00269743045 0.00011777215 0.0145)
(0.0027973353 0.0001221341 0.0145)
(0.00289724015 0.00012649605 0.0145)
(0.002997145 0.000130858 0.0145)
(0.00109895285 -4.798095e-05 0.0146)
(0.0011988577 -5.23429e-05 0.0146)
(0.00129876255 -5.670485e-05 0.0146)
(0.0013986674 -6.10668e-05 0.0146)
(0.00149857225 -6.542875e-05 0.0146)
(0.0015984771 -6.97907e-05 0.0146)
(0.00169838195 -7.415265e-05 0.0146)
(0.0017982868 -7.85146e-05 0.0146)
(0.00189819165 -8.287655e-05 0.0146)
(0.0019980965 -8.72385e-05 0.0146)
(0.00209800135 -9.160045e-05 0.0146)
(0.0021979062 -9.59624e-05 0.0146)
(0.00229781105 -0.00010032435 0.0146)
(0.0023977159 -0.0001046863 0.0146)
(0.00249762075 -0.00010904825 0.0146)
(0.0025975256 -0.0001134102 0.0146)
(0.00269743045 -0.00011777215 0.0146)
(0.0027973353 -0.0001221341 0.0146)
(0.00289724015 -0.00012649605 0.0146)
(0.002997145 -0.000130858 0.0146)
(0.00109895285 4.798095e-05 0.0146)
(0.0011988577 5.23429e-05 0.0146)
(0.00129876255 5.670485e-05 0.0146)
(0.0013986674 6.10668e-05 0.0146)
(0.00149857225 6.542875e-05 0.0146)
(0.0015984771 6.97907e-05 0.0146)
(0.00169838195 7.415265e-05 0.0146)
(0.0017982868 7.85146e-05 0.0146)
(0.00189819165 8.287655e-05 0.0146)
(0.0019980965 8.72385e-05 0.0146)
(0.00209800135 9.160045e-05 0.0146)
(0.0021979062 9.59624e-05 0.0146)
(0.00229781105 0.00010032435 0.0146)
(0.0023977159 0.0001046863 0.0146)
(0.00249762075 0.00010904825 0.0146)
(0.0025975256 0.0001134102 0.0146)
(0.00269743045 0.00011777215 0.0146)
(0.0027973353 0.0001221341 0.0146)
(0.00289724015 0.00012649605 0.0146)
(0.002997145 0.000130858 0.0146)
(0.00109895285 -4.798095e-05 0.0147)
(0.0011988577 -5.23429e-05 0.0147)
(0.00129876255 -5.670485e-05 0.0147)
(0.0013986674 -6.10668e-05 0.0147)
(0.00149857225 -6.542875e-05 0.0147)
(0.0015984771 -6.97907e-05 0.0147)
(0.00169838195 -7.415265e-05 0.0147)
(0.0017982868 -7.85146e-05 0.0147)
(0.00189819165 -8.287655e-05 0.0147)
(0.0019980965 -8.72385e-05 0.0147)
(0.00209800135 -9.160045e-05 0.0147)
(0.0021979062 -9.59624e-05 0.0147)
(0.00229781105 -0.00010032435 0.0147)
(0.0023977159 -0.0001046863 0.0147)
(0.00249762075 -0.00010904825 0.0147)
(0.0025975256 -0.0001134102 0.0147)
(0.00269743045 -0.00011777215 0.0147)
(0.0027973353 -0.0001221341 0.0147)
(0.00289724015 -0.00012649605 0.0147)
(0.002997145 -0.000130858 0.0147)
(0.00109895285 4.798095e-05 0.0147)
(0.0011988577 5.23429e-05 0.0147)
(0.00129876255 5.670485e-05 0.0147)
(0.0013986674 6.10668e-05 0.0147)
(0.00149857225 6.542875e-05 0.0147)
(0.0015984771 6.97907e-05 0.0147)
(0.00169838195 7.415265e-05 0.0147)
(0.0017982868 7.85146e-05 0.0147)
(0.00189819165 8.287655e-05 0.0147)
(0.0019980965 8.72385e-05 0.0147)
(0.00209800135 9.160045e-05 0.0147)
(0.0021979062 9.59624e-05 0.0147)
(0.00229781105 0.00010032435 0.0147)
(0.0023977159 0.0001046863 0.0147)
(0.00249762075 0.00010904825 0.0147)
(0.0025975256 0.0001134102 0.0147)
(0.00269743045 0.00011777215 0.0147)
(0.0027973353 0.0001221341 0.0147)
(0.00289724015 0.00012649605 0.0147)
(0.002997145 0.000130858 0.0147)
(0.00109895285 -4.798095e-05 0.0148)
(0.0011988577 -5.23429e-05 0.0148)
(0.00129876255 -5.670485e-05 0.0148)
(0.0013986674 -6.10668e-05 0.0148)
(0.00149857225 -6.542875e-05 0.0148)
(0.0015984771 -6.97907e-05 0.0148)
(0.00169838195 -7.415265e-05 0.0148)
(0.0017982868 -7.85146e-05 0.0148)
(0.00189819165 -8.287655e-05 0.0148)
(0.0019980965 -8.72385e-05 0.0148)
(0.00209800135 -9.160045e-05 0.0148)
(0.0021979062 -9.59624e-05 0.0148)
(0.00229781105 -0.00010032435 0.0148)
(0.0023977159 -0.0001046863 0.0148)
(0.00249762075 -0.00010904825 0.0148)
(0.0025975256 -0.0001134102 0.0148)
(0.00269743045 -0.00011777215 0.0148)
(0.0027973353 -0.0001221341 0.0148)
(0.00289724015 -0.00012649605 0.0148)
(0.002997145 -0.000130858 0.0148)
(0.00109895285 4.798095e-05 0.0148)
(0.0011988577 5.23429e-05 0.0148)
(0.00129876255 5.670485e-05 0.0148)
(0.0013986674 6.10668e-05 0.0148)
(0.00149857225 6.542875e-05 0.0148)
(0.0015984771 6.97907e-05 0.0148)
(0.00169838195 7.415265e-05 0.0148)
(0.0017982868 7.85146e-05 0.0148)
(0.00189819165 8.287655e-05 0.0148)
(0.0019980965 8.72385e-05 0.0148)
(0.00209800135 9.160045e-05 0.0148)
(0.0021979062 9.59624e-05 0.0148)
(0.00229781105 0.00010032435 0.0148)
(0.0023977159 0.0001046863 0.0148)
(0.00249762075 0.00010904825 0.0148)
(0.0025975256 0.0001134102 0.0148)
(0.00269743045 0.00011777215 0.0148)
(0.0027973353 0.0001221341 0.0148)
(0.00289724015 0.00012649605 0.0148)
(0.002997145 0.000130858 0.0148)
(0.00109895285 -4.798095e-05 0.0149)
(0.0011988577 -5.23429e-05 0.0149)
(0.00129876255 -5.670485e-05 0.0149)
(0.0013986674 -6.10668e-05 0.0149)
(0.00149857225 -6.542875e-05 0.0149)
(0.0015984771 -6.97907e-05 0.0149)
(0.00169838195 -7.415265e-05 0.0149)
(0.0017982868 -7.85146e-05 0.0149)
(0.00189819165 -8.287655e-05 0.0149)
(0.0019980965 -8.72385e-05 0.0149)
(0.00209800135 -9.160045e-05 0.0149)
(0.0021979062 -9.59624e-05 0.0149)
(0.00229781105 -0.00010032435 0.0149)
(0.0023977159 -0.0001046863 0.0149)
(0.00249762075 -0.00010904825 0.0149)
(0.0025975256 -0.0001134102 0.0149)
(0.00269743045 -0.00011777215 0.0149)
(0.0027973353 -0.0001221341 0.0149)
(0.00289724015 -0.00012649605 0.0149)
(0.002997145 -0.000130858 0.0149)
(0.00109895285 4.798095e-05 0.0149)
(0.0011988577 5.23429e-05 0.0149)
(0.00129876255 5.670485e-05 0.0149)
(0.0013986674 6.10668e-05 0.0149)
(0.00149857225 6.542875e-05 0.0149)
(0.0015984771 6.97907e-05 0.0149)
(0.00169838195 7.415265e-05 0.0149)
(0.0017982868 7.85146e-05 0.0149)
(0.00189819165 8.287655e-05 0.0149)
(0.0019980965 8.72385e-05 0.0149)
(0.00209800135 9.160045e-05 0.0149)
(0.0021979062 9.59624e-05 0.0149)
(0.00229781105 0.00010032435 0.0149)
(0.0023977159 0.0001046863 0.0149)
(0.00249762075 0.00010904825 0.0149)
(0.0025975256 0.0001134102 0.0149)
(0.00269743045 0.00011777215 0.0149)
(0.0027973353 0.0001221341 0.0149)
(0.00289724015 0.00012649605 0.0149)
(0.002997145 0.000130858 0.0149)
(0.00109895285 -4.798095e-05 0.015)
(0.0011988577 -5.23429e-05 0.015)
(0.00129876255 -5.670485e-05 0.015)
(0.0013986674 -6.10668e-05 0.015)
(0.00149857225 -6.542875e-05 0.015)
(0.0015984771 -6.97907e-05 0.015)
(0.00169838195 -7.415265e-05 0.015)
(0.0017982868 -7.85146e-05 0.015)
(0.00189819165 -8.287655e-05 0.015)
(0.0019980965 -8.72385e-05 0.015)
(0.00209800135 -9.160045e-05 0.015)
(0.0021979062 -9.59624e-05 0.015)
(0.00229781105 -0.00010032435 0.015)
(0.0023977159 -0.0001046863 0.015)
(0.00249762075 -0.00010904825 0.015)
(0.0025975256 -0.0001134102 0.015)
(0.00269743045 -0.00011777215 0.015)
(0.0027973353 -0.0001221341 0.015)
(0.00289724015 -0.00012649605 0.015)
(0.002997145 -0.000130858 0.015)
(0.00109895285 4.798095e-05 0.015)
(0.0011988577 5.23429e-05 0.015)
(0.00129876255 5.670485e-05 0.015)
(0.0013986674 6.10668e-05 0.015)
(0.00149857225 6.542875e-05 0.015)
(0.0015984771 6.97907e-05 0.015)
(0.00169838195 7.415265e-05 0.015)
(0.0017982868 7.85146e-05 0.015)
(0.00189819165 8.287655e-05 0.015)
(0.0019980965 8.72385e-05 0.015)
(0.00209800135 9.160045e-05 0.015)
(0.0021979062 9.59624e-05 0.015)
(0.00229781105 0.00010032435 0.015)
(0.0023977159 0.0001046863 0.015)
(0.00249762075 0.00010904825 0.015)
(0.0025975256 0.0001134102 0.015)
(0.00269743045 0.00011777215 0.015)
(0.0027973353 0.0001221341 0.015)
(0.00289724015 0.00012649605 0.015)
(0.002997145 0.000130858 0.015)
)


// ************************************************************************* //
